"sex","length","diameter","height","weight_whole","weight_shucked","weight_viscera","weight_shell","rings"
"M",0.38,0.3,0.1,0.2505,0.106,0.0535,0.0775,8
"F",0.555,0.44,0.155,1.016,0.4935,0.1855,0.263,10
"F",0.57,0.44,0.14,0.9535,0.3785,0.201,0.305,17
"F",0.6,0.475,0.17,1.088,0.4905,0.2475,0.31,10
"M",0.525,0.395,0.165,0.782,0.285,0.1405,0.285,19
"F",0.5,0.4,0.15,0.8085,0.273,0.112,0.295,13
"F",0.495,0.38,0.12,0.573,0.2655,0.1285,0.144,7
"F",0.61,0.48,0.16,1.234,0.598,0.238,0.315,12
"M",0.375,0.3,0.1,0.2465,0.104,0.0475,0.083,11
"F",0.71,0.53,0.195,1.8745,0.6755,0.4065,0.6855,12
"M",0.535,0.435,0.15,0.717,0.3475,0.1445,0.194,9
"F",0.475,0.38,0.14,0.689,0.3165,0.1315,0.1955,7
"F",0.49,0.385,0.15,0.7865,0.241,0.14,0.24,23
"F",0.645,0.49,0.215,1.406,0.4265,0.2285,0.51,25
"M",0.535,0.405,0.175,1.2705,0.548,0.3265,0.337,13
"F",0.595,0.48,0.16,1.2095,0.5225,0.296,0.32,8
"F",0.52,0.46,0.15,1.019,0.523,0.1985,0.254,7
"M",0.535,0.43,0.155,0.7845,0.3285,0.169,0.245,10
"M",0.635,0.515,0.17,1.275,0.509,0.286,0.34,16
"F",0.62,0.5,0.17,1.148,0.5475,0.22,0.3315,10
"M",0.155,0.11,0.04,0.0155,0.0065,0.003,0.005,3
"F",0.425,0.345,0.11,0.3665,0.125,0.081,0.117,11
"F",0.435,0.335,0.11,0.38,0.1695,0.086,0.11,9
"F",0.565,0.44,0.135,0.83,0.393,0.1735,0.238,9
"M",0.645,0.525,0.16,1.5075,0.7455,0.245,0.4325,11
"F",0.64,0.5,0.18,1.4995,0.593,0.314,0.431,11
"M",0.64,0.485,0.16,1.006,0.456,0.2245,0.2835,9
"F",0.625,0.485,0.16,1.254,0.591,0.259,0.3485,9
"M",0.58,0.455,0.13,0.852,0.41,0.1725,0.225,8
"F",0.63,0.475,0.155,1.0005,0.452,0.252,0.265,10
"M",0.57,0.46,0.155,1.0005,0.454,0.205,0.265,11
"F",0.455,0.35,0.14,0.5185,0.221,0.1265,0.135,10
"M",0.47,0.375,0.12,0.5805,0.266,0.0935,0.169,8
"F",0.545,0.435,0.15,0.6855,0.2905,0.145,0.225,10
"F",0.455,0.35,0.12,0.4555,0.1945,0.1045,0.1375,7
"M",0.49,0.465,0.125,0.5225,0.235,0.13,0.141,7
"M",0.34,0.255,0.095,0.213,0.081,0.034,0.07,9
"F",0.62,0.48,0.165,1.043,0.4835,0.221,0.31,10
"F",0.67,0.525,0.195,1.37,0.6065,0.2955,0.407,12
"F",0.405,0.305,0.095,0.3485,0.1455,0.0895,0.1,9
"M",0.605,0.49,0.18,1.167,0.457,0.29,0.3745,9
"F",0.625,0.48,0.2,1.3235,0.6075,0.3055,0.355,9
"F",0.595,0.455,0.16,1.04,0.452,0.2655,0.288,9
"M",0.625,0.515,0.17,1.331,0.5725,0.3005,0.361,9
"F",0.57,0.44,0.125,0.865,0.3675,0.1725,0.27,12
"F",0.595,0.465,0.145,0.7955,0.3425,0.1795,0.2425,10
"F",0.345,0.26,0.09,0.207,0.0775,0.0435,0.0765,10
"F",0.55,0.445,0.155,0.9905,0.544,0.178,0.218,9
"F",0.47,0.365,0.12,0.543,0.2295,0.1495,0.15,9
"M",0.365,0.295,0.08,0.2555,0.097,0.043,0.1,7
"M",0.61,0.475,0.17,1.0265,0.435,0.2335,0.3035,10
"M",0.53,0.405,0.125,0.6515,0.2715,0.1605,0.186,7
"F",0.46,0.375,0.12,0.4915,0.2205,0.088,0.17,7
"F",0.585,0.45,0.125,0.874,0.3545,0.2075,0.225,6
"M",0.21,0.15,0.05,0.0385,0.0155,0.0085,0.01,3
"M",0.72,0.55,0.205,2.125,1.1455,0.4425,0.511,13
"F",0.54,0.475,0.155,0.928,0.394,0.194,0.26,11
"M",0.405,0.31,0.1,0.385,0.173,0.0915,0.11,7
"F",0.615,0.485,0.16,1.1575,0.5005,0.2495,0.315,10
"M",0.28,0.21,0.08,0.1085,0.041,0.0265,0.0345,7
"M",0.565,0.445,0.145,0.9255,0.4345,0.212,0.2475,9
"M",0.57,0.45,0.14,0.9275,0.477,0.1605,0.2515,8
"M",0.645,0.51,0.16,1.1835,0.556,0.2385,0.345,11
"M",0.65,0.51,0.175,1.155,0.4955,0.2025,0.385,12
"M",0.69,0.53,0.21,1.583,0.7355,0.405,0.3865,12
"M",0.7,0.6,0.23,2.003,0.8105,0.4045,0.5755,10
"F",0.565,0.45,0.165,0.9765,0.322,0.244,0.37,12
"F",0.48,0.4,0.125,0.759,0.2125,0.179,0.24,15
"M",0.525,0.4,0.155,0.707,0.282,0.1605,0.225,9
"F",0.635,0.485,0.19,1.3765,0.634,0.2885,0.406,11
"M",0.36,0.295,0.105,0.241,0.0865,0.053,0.095,8
"M",0.555,0.42,0.145,0.8695,0.3075,0.2575,0.25,14
"F",0.675,0.51,0.185,1.473,0.6295,0.3025,0.4245,11
"M",0.56,0.445,0.16,0.8965,0.42,0.2175,0.2215,8
"M",0.605,0.475,0.18,0.9365,0.394,0.219,0.295,15
"F",0.525,0.43,0.165,0.717,0.289,0.1745,0.195,10
"M",0.535,0.435,0.15,0.725,0.269,0.1385,0.25,9
"M",0.6,0.47,0.16,1.194,0.5625,0.3045,0.2635,10
"M",0.41,0.325,0.12,0.3745,0.158,0.081,0.125,12
"F",0.605,0.475,0.175,1.382,0.609,0.2325,0.3985,10
"M",0.555,0.425,0.13,0.7665,0.264,0.168,0.275,13
"M",0.49,0.39,0.135,0.592,0.242,0.096,0.1835,15
"M",0.625,0.455,0.17,1.082,0.4955,0.2345,0.315,9
"M",0.735,0.555,0.22,2.333,1.2395,0.3645,0.6195,12
"F",0.475,0.375,0.15,0.559,0.1955,0.1215,0.1945,12
"F",0.72,0.55,0.2,1.9965,0.9035,0.469,0.5215,10
"M",0.565,0.44,0.175,1.122,0.393,0.2,0.375,20
"M",0.485,0.385,0.105,0.556,0.296,0.104,0.133,7
"F",0.635,0.5,0.165,1.4595,0.705,0.2645,0.39,9
"F",0.645,0.51,0.2,1.5675,0.621,0.367,0.46,12
"F",0.47,0.36,0.12,0.4775,0.2105,0.1055,0.15,10
"F",0.675,0.51,0.195,1.382,0.6045,0.3175,0.3965,10
"F",0.56,0.425,0.125,0.932,0.361,0.213,0.335,9
"M",0.68,0.54,0.19,1.623,0.7165,0.354,0.4715,12
"F",0.47,0.375,0.105,0.513,0.232,0.142,0.13,11
"M",0.435,0.335,0.11,0.4385,0.2075,0.0715,0.1315,7
"F",0.58,0.46,0.18,1.0515,0.4095,0.2595,0.276,8
"M",0.61,0.485,0.145,1.3305,0.783,0.2255,0.2865,9
"F",0.55,0.45,0.15,0.875,0.362,0.1755,0.2765,10
"F",0.66,0.525,0.18,1.5965,0.7765,0.397,0.3605,10
"M",0.495,0.4,0.14,0.7775,0.2015,0.18,0.25,15
"M",0.59,0.5,0.165,1.1045,0.4565,0.2425,0.34,15
"M",0.555,0.4,0.13,0.7075,0.332,0.1585,0.18,7
"F",0.575,0.46,0.165,1.124,0.2985,0.1785,0.44,13
"M",0.7,0.565,0.18,1.751,0.895,0.3355,0.446,9
"F",0.645,0.485,0.15,1.151,0.5935,0.2315,0.293,12
"M",0.555,0.45,0.175,0.874,0.3275,0.202,0.305,10
"M",0.65,0.525,0.205,1.4275,0.69,0.306,0.4355,13
"M",0.6,0.475,0.205,1.176,0.5255,0.2875,0.308,9
"F",0.58,0.45,0.195,0.8265,0.4035,0.173,0.225,9
"F",0.475,0.39,0.12,0.5305,0.2135,0.1155,0.17,10
"M",0.555,0.445,0.13,0.8625,0.4225,0.155,0.24,9
"M",0.51,0.4,0.14,0.6905,0.259,0.151,0.23,10
"M",0.575,0.465,0.15,1.08,0.595,0.2065,0.238,9
"M",0.49,0.39,0.14,0.707,0.2795,0.2185,0.18,13
"F",0.695,0.55,0.16,1.6365,0.694,0.3005,0.44,13
"F",0.705,0.56,0.17,1.4575,0.607,0.318,0.44,11
"F",0.57,0.455,0.165,1.0595,0.44,0.2195,0.285,14
"F",0.6,0.48,0.17,1.056,0.4575,0.2435,0.3135,10
"M",0.61,0.45,0.19,1.0805,0.517,0.2495,0.2935,10
"M",0.62,0.485,0.165,1.1325,0.5235,0.2505,0.2825,9
"F",0.685,0.54,0.16,1.6675,0.833,0.3775,0.475,11
"M",0.64,0.525,0.185,1.707,0.763,0.4205,0.4435,11
"M",0.65,0.515,0.175,1.466,0.677,0.3045,0.4,10
"M",0.385,0.275,0.115,0.2685,0.0975,0.0825,0.085,8
"F",0.62,0.51,0.175,1.2705,0.5415,0.323,0.3225,9
"M",0.625,0.505,0.215,1.4455,0.496,0.287,0.435,22
"F",0.635,0.485,0.165,1.2695,0.5635,0.3065,0.3395,11
"M",0.58,0.455,0.195,1.859,0.945,0.426,0.441,9
"M",0.485,0.4,0.135,0.663,0.313,0.137,0.2,10
"M",0.545,0.41,0.14,0.625,0.223,0.16,0.235,13
"M",0.595,0.475,0.14,0.944,0.3625,0.189,0.315,9
"M",0.69,0.53,0.19,1.5955,0.678,0.331,0.48,10
"M",0.695,0.57,0.23,1.885,0.8665,0.435,0.5,19
"F",0.57,0.42,0.16,0.8875,0.4315,0.1915,0.223,8
"M",0.45,0.32,0.1,0.381,0.1705,0.075,0.115,9
"F",0.505,0.395,0.145,0.6515,0.2695,0.153,0.205,15
"F",0.53,0.395,0.115,0.5685,0.249,0.1375,0.161,9
"M",0.645,0.5,0.19,1.229,0.524,0.278,0.395,17
"M",0.48,0.355,0.16,0.464,0.221,0.106,0.239,8
"F",0.6,0.48,0.165,1.1345,0.4535,0.27,0.335,10
"M",0.535,0.42,0.125,0.764,0.312,0.1505,0.265,11
"F",0.63,0.5,0.175,1.1105,0.467,0.268,0.329,10
"M",0.6,0.45,0.145,0.877,0.4325,0.155,0.24,9
"M",0.61,0.485,0.17,1.0225,0.419,0.2405,0.36,12
"F",0.625,0.52,0.18,1.354,0.4845,0.351,0.375,11
"F",0.575,0.45,0.135,0.8285,0.362,0.1655,0.236,10
"M",0.57,0.44,0.095,0.827,0.3395,0.2215,0.235,8
"M",0.46,0.36,0.135,0.6105,0.1955,0.107,0.235,14
"M",0.425,0.33,0.08,0.361,0.134,0.0825,0.125,7
"M",0.65,0.515,0.18,1.463,0.658,0.3135,0.4115,11
"M",0.505,0.4,0.15,0.775,0.3445,0.157,0.185,7
"M",0.64,0.5,0.185,1.3035,0.4445,0.2635,0.465,16
"M",0.7,0.53,0.19,1.3185,0.548,0.233,0.42,18
"F",0.545,0.41,0.115,0.6765,0.29,0.158,0.22,9
"F",0.67,0.52,0.195,1.8065,0.758,0.3735,0.5055,11
"M",0.63,0.5,0.185,1.362,0.5785,0.3125,0.384,10
"M",0.52,0.465,0.15,0.9505,0.456,0.199,0.255,8
"M",0.67,0.5,0.19,1.519,0.616,0.388,0.415,10
"F",0.75,0.61,0.235,2.5085,1.232,0.519,0.612,14
"M",0.385,0.285,0.105,0.2905,0.1215,0.0685,0.0875,12
"M",0.575,0.445,0.145,0.847,0.415,0.1945,0.22,9
"F",0.65,0.505,0.175,1.2075,0.5105,0.262,0.39,10
"F",0.59,0.455,0.155,1.066,0.382,0.2275,0.415,20
"M",0.68,0.545,0.185,1.672,0.7075,0.364,0.48,11
"M",0.59,0.47,0.18,1.187,0.5985,0.227,0.31,9
"M",0.555,0.44,0.15,0.838,0.4155,0.146,0.23,8
"M",0.5,0.4,0.13,0.6645,0.258,0.133,0.24,12
"M",0.575,0.48,0.15,0.9465,0.4355,0.2605,0.2505,9
"F",0.395,0.3,0.105,0.3375,0.1435,0.0755,0.098,12
"F",0.61,0.485,0.18,1.2795,0.5735,0.2855,0.355,7
"M",0.515,0.39,0.14,0.678,0.341,0.1325,0.119,8
"M",0.655,0.59,0.2,1.5455,0.654,0.3765,0.415,11
"F",0.635,0.505,0.155,1.2895,0.594,0.314,0.345,11
"M",0.535,0.42,0.15,0.6995,0.2575,0.153,0.24,12
"F",0.58,0.435,0.14,0.953,0.475,0.2165,0.2095,9
"M",0.4,0.3,0.125,0.417,0.191,0.09,0.1175,9
"M",0.6,0.5,0.16,1.015,0.3995,0.1735,0.33,19
"F",0.64,0.5,0.165,1.1635,0.554,0.239,0.32,11
"F",0.465,0.39,0.11,0.6355,0.1815,0.157,0.225,13
"F",0.58,0.455,0.165,1.1365,0.369,0.3005,0.275,13
"M",0.47,0.385,0.135,0.5895,0.2765,0.12,0.17,8
"F",0.48,0.37,0.13,0.5885,0.2475,0.1505,0.1595,15
"F",0.565,0.45,0.195,1.0035,0.406,0.2505,0.285,15
"F",0.65,0.49,0.155,1.122,0.545,0.228,0.3055,9
"M",0.62,0.48,0.15,1.1015,0.4965,0.243,0.305,10
"M",0.655,0.54,0.165,1.403,0.6955,0.2385,0.42,11
"M",0.585,0.455,0.155,1.133,0.5515,0.223,0.305,12
"M",0.655,0.49,0.175,1.3585,0.6395,0.294,0.365,10
"M",0.415,0.315,0.115,0.3895,0.2015,0.065,0.103,9
"F",0.7,0.535,0.175,1.773,0.6805,0.48,0.512,15
"M",0.625,0.47,0.17,1.1665,0.4605,0.2565,0.3945,11
"M",0.625,0.5,0.14,1.096,0.5445,0.2165,0.295,10
"M",0.27,0.195,0.07,0.106,0.0465,0.018,0.036,7
"F",0.56,0.44,0.155,0.9705,0.4315,0.263,0.255,9
"M",0.655,0.58,0.205,2.0805,0.959,0.3415,0.601,17
"M",0.63,0.505,0.155,1.105,0.492,0.226,0.325,11
"M",0.64,0.515,0.08,1.042,0.515,0.1755,0.175,10
"F",0.62,0.5,0.175,1.146,0.477,0.23,0.39,13
"M",0.615,0.45,0.15,1.198,0.707,0.2095,0.2505,7
"F",0.515,0.395,0.165,0.7565,0.1905,0.17,0.3205,10
"F",0.6,0.5,0.16,1.122,0.5095,0.256,0.309,10
"M",0.775,0.57,0.22,2.032,0.735,0.4755,0.6585,17
"F",0.525,0.405,0.115,0.72,0.3105,0.1915,0.2,14
"F",0.69,0.54,0.185,1.5715,0.6935,0.318,0.47,15
"M",0.64,0.565,0.23,1.521,0.644,0.372,0.406,15
"M",0.5,0.41,0.15,0.662,0.2815,0.137,0.22,11
"F",0.54,0.415,0.175,0.8975,0.275,0.241,0.275,14
"M",0.585,0.46,0.165,1.1135,0.5825,0.2345,0.274,10
"M",0.375,0.28,0.095,0.2225,0.0875,0.043,0.08,10
"M",0.655,0.525,0.16,1.46,0.686,0.311,0.405,11
"M",0.635,0.495,0.155,1.3635,0.583,0.2985,0.295,10
"M",0.57,0.42,0.155,1.008,0.377,0.193,0.34,13
"M",0.515,0.395,0.135,1.007,0.472,0.2495,0.252,8
"F",0.58,0.46,0.12,0.9935,0.4625,0.2385,0.28,11
"M",0.535,0.41,0.12,0.6835,0.3125,0.1655,0.159,8
"M",0.575,0.4,0.155,0.9325,0.3605,0.2445,0.3,17
"F",0.6,0.475,0.18,1.162,0.511,0.2675,0.32,18
"F",0.58,0.44,0.175,1.073,0.4005,0.2345,0.335,19
"M",0.57,0.455,0.15,0.96,0.387,0.2385,0.275,11
"M",0.575,0.45,0.155,0.9765,0.495,0.2145,0.235,9
"M",0.67,0.525,0.165,1.6085,0.682,0.3145,0.4005,11
"M",0.66,0.52,0.19,1.558,0.755,0.298,0.4,10
"M",0.565,0.44,0.115,0.9185,0.404,0.1785,0.29,11
"M",0.625,0.48,0.185,1.2065,0.587,0.29,0.286,8
"F",0.58,0.46,0.175,1.165,0.65,0.2205,0.3055,9
"M",0.345,0.255,0.09,0.2005,0.094,0.0295,0.063,9
"M",0.715,0.545,0.18,1.7405,0.871,0.347,0.449,10
"F",0.6,0.465,0.165,0.8875,0.309,0.246,0.262,12
"M",0.47,0.375,0.12,0.5565,0.226,0.122,0.195,12
"M",0.505,0.39,0.115,0.5585,0.2575,0.119,0.1535,8
"M",0.64,0.495,0.165,1.307,0.678,0.292,0.266,11
"F",0.59,0.45,0.16,0.9,0.358,0.156,0.315,19
"M",0.475,0.355,0.125,0.4625,0.186,0.107,0.145,9
"M",0.59,0.475,0.16,0.9455,0.3815,0.184,0.27,19
"M",0.545,0.45,0.15,0.978,0.3365,0.1905,0.3,11
"M",0.685,0.52,0.15,1.3735,0.7185,0.293,0.32,11
"M",0.605,0.47,0.16,1.1735,0.4975,0.2405,0.345,12
"M",0.55,0.425,0.15,0.8315,0.411,0.1765,0.2165,10
"M",0.64,0.525,0.2,1.3765,0.44,0.3075,0.47,16
"F",0.53,0.455,0.165,0.9805,0.3155,0.2815,0.2965,11
"M",0.33,0.235,0.09,0.163,0.0615,0.034,0.055,10
"F",0.455,0.35,0.125,0.4485,0.1585,0.102,0.1335,16
"F",0.57,0.435,0.14,0.8085,0.3235,0.183,0.22,16
"F",0.705,0.55,0.17,1.219,0.6395,0.236,0.301,9
"F",0.635,0.51,0.17,1.2235,0.532,0.271,0.354,9
"F",0.665,0.555,0.195,1.4385,0.581,0.354,0.36,17
"M",0.545,0.41,0.14,0.737,0.349,0.15,0.212,9
"M",0.775,0.63,0.25,2.7795,1.3485,0.76,0.578,12
"F",0.61,0.46,0.155,0.957,0.4255,0.1975,0.265,8
"F",0.71,0.5,0.15,1.3165,0.6835,0.2815,0.28,10
"M",0.525,0.395,0.13,0.7635,0.3375,0.1425,0.225,8
"M",0.5,0.375,0.13,0.721,0.3055,0.1725,0.22,14
"F",0.63,0.5,0.16,1.22,0.4905,0.3,0.345,14
"F",0.565,0.45,0.175,1.0095,0.447,0.2375,0.2645,9
"M",0.635,0.515,0.165,1.229,0.5055,0.2975,0.3535,10
"F",0.63,0.505,0.195,1.306,0.516,0.3305,0.375,9
"M",0.5,0.4,0.125,0.6725,0.336,0.12,0.1825,7
"M",0.595,0.455,0.145,0.942,0.43,0.182,0.277,11
"M",0.55,0.46,0.13,0.7085,0.305,0.1455,0.205,12
"F",0.625,0.495,0.165,1.262,0.507,0.318,0.39,10
"M",0.26,0.2,0.065,0.096,0.044,0.027,0.03,6
"F",0.58,0.445,0.135,0.95,0.484,0.182,0.2325,8
"F",0.65,0.5,0.19,1.464,0.6415,0.339,0.4245,9
"M",0.58,0.445,0.15,0.9525,0.4315,0.1945,0.287,11
"M",0.52,0.4,0.125,0.559,0.254,0.139,0.149,8
"M",0.45,0.335,0.14,0.478,0.1865,0.115,0.16,11
"F",0.675,0.53,0.195,1.4985,0.62,0.375,0.425,9
"F",0.64,0.48,0.145,1.1145,0.508,0.24,0.34,10
"F",0.375,0.27,0.135,0.597,0.272,0.131,0.1675,7
"F",0.52,0.405,0.145,0.829,0.3535,0.1685,0.205,15
"F",0.53,0.425,0.15,0.8495,0.328,0.232,0.202,8
"F",0.56,0.465,0.16,1.0315,0.432,0.2025,0.337,9
"M",0.655,0.51,0.215,1.7835,0.8885,0.4095,0.4195,11
"F",0.65,0.5,0.17,1.4045,0.694,0.318,0.3235,11
"F",0.515,0.395,0.14,0.686,0.281,0.1255,0.22,12
"F",0.63,0.48,0.16,1.199,0.5265,0.335,0.315,11
"M",0.43,0.335,0.115,0.406,0.166,0.0935,0.135,8
"F",0.425,0.325,0.135,0.382,0.1465,0.079,0.14,12
"M",0.5,0.38,0.125,0.577,0.269,0.1265,0.1535,9
"M",0.67,0.525,0.18,1.4915,0.728,0.343,0.381,9
"M",0.645,0.51,0.19,1.4745,0.605,0.345,0.48,9
"M",0.515,0.405,0.145,0.695,0.215,0.1635,0.234,15
"F",0.585,0.465,0.17,0.9915,0.3865,0.224,0.265,12
"M",0.55,0.41,0.15,0.785,0.282,0.186,0.275,12
"M",0.51,0.395,0.145,0.6185,0.216,0.1385,0.24,12
"F",0.64,0.5,0.17,1.12,0.4955,0.2645,0.32,12
"F",0.63,0.49,0.225,1.336,0.6805,0.259,0.3245,10
"M",0.505,0.44,0.14,0.8275,0.3415,0.1855,0.239,8
"M",0.66,0.485,0.155,1.2275,0.61,0.274,0.3,8
"M",0.625,0.49,0.165,1.1835,0.517,0.2375,0.39,11
"M",0.56,0.43,0.145,0.8995,0.464,0.1775,0.234,9
"F",0.4,0.325,0.12,0.3185,0.134,0.0565,0.095,8
"F",0.73,0.58,0.19,1.7375,0.6785,0.4345,0.52,11
"F",0.56,0.435,0.185,1.106,0.422,0.2435,0.33,15
"M",0.55,0.45,0.175,1.0985,0.3765,0.215,0.4,14
"F",0.505,0.425,0.14,0.85,0.275,0.1625,0.285,19
"M",0.54,0.42,0.135,0.8075,0.3485,0.1795,0.235,11
"F",0.595,0.46,0.14,1.0045,0.4655,0.2095,0.2515,9
"F",0.5,0.38,0.14,0.6355,0.277,0.143,0.1785,8
"M",0.635,0.52,0.175,1.292,0.6,0.269,0.367,11
"M",0.31,0.225,0.075,0.1295,0.0455,0.0335,0.044,9
"F",0.645,0.49,0.16,1.144,0.5015,0.289,0.319,8
"F",0.515,0.425,0.135,0.712,0.2665,0.1605,0.25,11
"F",0.65,0.495,0.155,1.337,0.615,0.3195,0.335,9
"M",0.58,0.445,0.135,0.814,0.3775,0.1915,0.22,9
"F",0.48,0.38,0.135,0.507,0.1915,0.1365,0.155,12
"M",0.595,0.49,0.185,1.185,0.482,0.2015,0.361,10
"F",0.57,0.46,0.17,1.1,0.4125,0.2205,0.38,14
"F",0.705,0.555,0.195,1.7525,0.7105,0.4215,0.516,12
"M",0.6,0.475,0.15,0.99,0.386,0.2195,0.3105,10
"M",0.7,0.555,0.2,1.858,0.73,0.3665,0.595,11
"F",0.535,0.425,0.155,0.7765,0.302,0.1565,0.25,16
"F",0.65,0.5,0.16,1.3825,0.702,0.304,0.3195,9
"F",0.63,0.495,0.145,1.147,0.5455,0.266,0.2885,9
"F",0.7,0.56,0.175,1.6605,0.8605,0.3275,0.398,11
"M",0.59,0.47,0.155,1.1735,0.6245,0.233,0.2595,9
"F",0.64,0.5,0.17,1.2645,0.565,0.3375,0.315,9
"M",0.515,0.39,0.155,0.7125,0.3695,0.137,0.155,7
"F",0.505,0.41,0.15,0.644,0.285,0.145,0.21,11
"F",0.62,0.47,0.225,1.115,0.378,0.2145,0.36,15
"F",0.605,0.47,0.165,1.1775,0.611,0.2275,0.292,9
"M",0.695,0.58,0.2,1.8995,0.675,0.478,0.5295,13
"M",0.525,0.425,0.12,0.8665,0.2825,0.176,0.29,18
"F",0.4,0.32,0.11,0.353,0.1405,0.0985,0.1,8
"F",0.695,0.525,0.205,1.8185,0.819,0.4025,0.4525,13
"M",0.51,0.41,0.155,1.2825,0.569,0.291,0.3795,9
"M",0.7,0.525,0.175,1.7585,0.8745,0.3615,0.47,10
"F",0.57,0.435,0.14,0.8585,0.3905,0.196,0.2295,8
"F",0.615,0.475,0.155,1.115,0.484,0.2115,0.355,10
"M",0.72,0.585,0.22,1.914,0.9155,0.448,0.479,11
"M",0.53,0.425,0.11,0.739,0.237,0.161,0.295,13
"M",0.5,0.38,0.12,0.5765,0.273,0.135,0.145,9
"M",0.64,0.505,0.165,1.4435,0.6145,0.3035,0.39,18
"M",0.33,0.255,0.095,0.1875,0.0735,0.045,0.06,7
"M",0.59,0.46,0.13,1.102,0.455,0.2055,0.33,12
"M",0.51,0.395,0.125,0.5805,0.244,0.1335,0.188,11
"M",0.68,0.52,0.195,1.4535,0.592,0.391,0.4125,10
"M",0.65,0.505,0.17,1.5595,0.695,0.3515,0.395,11
"M",0.63,0.495,0.16,1.093,0.497,0.221,0.315,12
"M",0.465,0.355,0.105,0.4795,0.227,0.124,0.125,8
"M",0.64,0.5,0.17,1.4545,0.642,0.3575,0.354,9
"F",0.49,0.36,0.11,0.5005,0.161,0.107,0.195,17
"F",0.575,0.465,0.195,0.9965,0.417,0.247,0.47,8
"F",0.55,0.465,0.18,1.2125,0.3245,0.205,0.525,27
"F",0.67,0.525,0.195,1.42,0.573,0.368,0.3905,10
"F",0.645,0.5,0.16,1.2465,0.5475,0.327,0.3,10
"M",0.6,0.45,0.195,1.34,0.617,0.3255,0.3605,10
"M",0.615,0.475,0.19,1.4335,0.7315,0.305,0.3285,9
"M",0.35,0.255,0.08,0.1915,0.08,0.0385,0.063,9
"M",0.525,0.405,0.16,0.792,0.316,0.1455,0.28,13
"M",0.65,0.525,0.185,1.622,0.6645,0.3225,0.477,10
"F",0.655,0.53,0.19,1.428,0.493,0.318,0.565,18
"M",0.525,0.41,0.13,0.99,0.3865,0.243,0.295,15
"M",0.505,0.38,0.13,0.656,0.227,0.1785,0.22,13
"F",0.56,0.41,0.16,0.8215,0.342,0.184,0.253,9
"M",0.555,0.44,0.145,0.85,0.4165,0.1685,0.23,8
"F",0.685,0.54,0.215,1.7025,0.664,0.3655,0.4735,14
"M",0.605,0.475,0.19,1.1255,0.59,0.247,0.26,10
"F",0.58,0.43,0.17,1.48,0.6535,0.324,0.4155,10
"F",0.595,0.495,0.235,1.366,0.5065,0.219,0.52,13
"M",0.585,0.45,0.175,1.1275,0.4925,0.262,0.335,11
"M",0.58,0.45,0.145,1.0025,0.547,0.1975,0.2295,8
"M",0.555,0.455,0.135,0.837,0.382,0.171,0.235,9
"F",0.655,0.53,0.165,1.2835,0.583,0.1255,0.4,8
"F",0.495,0.37,0.12,0.594,0.28,0.11,0.1375,7
"F",0.4,0.335,0.115,0.4335,0.2105,0.1205,0.12,10
"F",0.66,0.505,0.185,1.528,0.69,0.3025,0.441,11
"F",0.6,0.47,0.15,0.922,0.363,0.194,0.305,10
"F",0.45,0.36,0.11,0.447,0.203,0.082,0.13,12
"M",0.32,0.24,0.085,0.17,0.0655,0.047,0.049,7
"M",0.48,0.395,0.15,0.6815,0.2145,0.1405,0.2495,18
"F",0.43,0.35,0.09,0.397,0.1575,0.089,0.12,9
"F",0.44,0.355,0.115,0.415,0.1585,0.0925,0.131,11
"M",0.46,0.38,0.135,0.482,0.207,0.1225,0.145,10
"M",0.61,0.485,0.17,1.281,0.597,0.3035,0.33,9
"F",0.66,0.565,0.195,1.7605,0.692,0.3265,0.5,16
"F",0.695,0.535,0.175,1.8385,0.8035,0.396,0.503,10
"M",0.46,0.375,0.13,0.5735,0.2505,0.119,0.195,9
"M",0.485,0.385,0.125,0.4775,0.2,0.0785,0.17,12
"F",0.59,0.475,0.16,1.1015,0.4775,0.2555,0.295,13
"M",0.57,0.455,0.155,0.832,0.3585,0.174,0.277,11
"M",0.515,0.38,0.135,0.6615,0.2875,0.2095,0.155,10
"M",0.48,0.37,0.135,0.6315,0.3445,0.1015,0.161,7
"F",0.465,0.355,0.115,0.4705,0.1955,0.118,0.126,7
"F",0.49,0.375,0.135,0.6125,0.2555,0.102,0.22,11
"M",0.57,0.45,0.155,1.195,0.5625,0.2565,0.295,10
"M",0.68,0.53,0.18,1.529,0.7635,0.3115,0.4025,11
"M",0.59,0.485,0.155,1.0785,0.4535,0.2435,0.31,9
"F",0.53,0.425,0.17,0.949,0.3485,0.2395,0.278,17
"M",0.31,0.245,0.095,0.15,0.0525,0.034,0.048,7
"M",0.575,0.45,0.155,0.948,0.429,0.206,0.259,7
"M",0.645,0.53,0.195,1.39,0.6465,0.2945,0.3735,10
"F",0.45,0.36,0.125,0.5065,0.222,0.105,0.16,10
"M",0.575,0.44,0.145,0.87,0.3945,0.2195,0.225,8
"F",0.62,0.515,0.155,1.3255,0.6685,0.2605,0.335,12
"M",0.44,0.34,0.105,0.402,0.1305,0.0955,0.165,10
"F",0.72,0.575,0.18,1.6705,0.732,0.3605,0.501,12
"M",0.585,0.45,0.15,1.047,0.4315,0.276,0.315,14
"M",0.58,0.465,0.145,0.887,0.4405,0.1655,0.265,11
"F",0.56,0.445,0.155,1.224,0.5565,0.3225,0.2695,10
"F",0.555,0.44,0.14,0.846,0.346,0.1715,0.2735,10
"M",0.53,0.41,0.155,0.7155,0.2805,0.1685,0.214,11
"F",0.575,0.47,0.155,1.116,0.509,0.238,0.34,10
"M",0.675,0.54,0.175,1.5545,0.6645,0.278,0.512,12
"F",0.65,0.545,0.23,1.752,0.5605,0.2895,0.815,16
"F",0.64,0.495,0.17,1.2265,0.49,0.377,0.2875,11
"M",0.625,0.485,0.17,1.437,0.5855,0.293,0.475,11
"F",0.485,0.395,0.16,0.66,0.2475,0.128,0.235,14
"M",0.615,0.525,0.155,1.1375,0.367,0.236,0.37,20
"F",0.55,0.44,0.155,0.946,0.313,0.1825,0.335,16
"F",0.65,0.515,0.195,1.4005,0.5195,0.36,0.44,13
"F",0.54,0.42,0.14,0.805,0.369,0.1725,0.21,11
"F",0.65,0.51,0.185,1.375,0.531,0.384,0.3985,10
"M",0.575,0.455,0.185,1.156,0.5525,0.243,0.295,13
"F",0.505,0.39,0.12,0.5725,0.2555,0.1325,0.146,8
"F",0.58,0.45,0.235,1.071,0.3,0.206,0.395,14
"M",0.585,0.46,0.145,0.9335,0.478,0.1825,0.235,9
"M",0.28,0.205,0.1,0.1165,0.0545,0.0285,0.03,5
"F",0.675,0.525,0.155,1.4785,0.628,0.3405,0.42,9
"M",0.615,0.49,0.17,1.145,0.4915,0.208,0.343,13
"M",0.645,0.5,0.19,1.5595,0.741,0.3715,0.3845,14
"F",0.57,0.45,0.165,0.903,0.3305,0.1845,0.295,14
"M",0.335,0.255,0.075,0.1635,0.0615,0.0345,0.057,8
"M",0.565,0.43,0.15,0.831,0.4245,0.1735,0.219,10
"F",0.33,0.26,0.08,0.2,0.0625,0.05,0.07,9
"F",0.475,0.36,0.12,0.5915,0.3245,0.11,0.127,6
"M",0.59,0.5,0.2,1.187,0.412,0.2705,0.37,16
"F",0.52,0.43,0.15,0.728,0.302,0.1575,0.235,11
"M",0.67,0.51,0.2,1.5945,0.6705,0.3845,0.4505,10
"F",0.72,0.565,0.17,1.613,0.723,0.3255,0.4945,12
"M",0.6,0.48,0.09,1.05,0.457,0.2685,0.28,8
"M",0.65,0.525,0.175,1.5365,0.6865,0.3585,0.405,11
"F",0.705,0.535,0.22,1.866,0.929,0.3835,0.4395,10
"F",0.395,0.315,0.105,0.3515,0.1185,0.091,0.1195,16
"F",0.565,0.49,0.155,0.9245,0.405,0.2195,0.255,11
"F",0.595,0.465,0.145,1.107,0.402,0.2415,0.31,12
"M",0.605,0.49,0.165,1.1245,0.492,0.222,0.3555,11
"M",0.59,0.47,0.145,0.9235,0.4545,0.173,0.254,9
"M",0.535,0.43,0.14,0.7165,0.2855,0.1595,0.2155,8
"M",0.445,0.37,0.125,0.515,0.2495,0.087,0.159,9
"F",0.625,0.485,0.135,1.3025,0.61,0.2675,0.3605,14
"M",0.51,0.405,0.15,0.7035,0.347,0.134,0.1885,8
"F",0.705,0.53,0.17,1.564,0.612,0.394,0.44,10
"M",0.58,0.47,0.165,0.927,0.3215,0.1985,0.315,11
"M",0.505,0.385,0.15,0.6415,0.246,0.152,0.215,12
"F",0.59,0.465,0.17,1.0425,0.4635,0.24,0.27,10
"M",0.57,0.405,0.16,0.9245,0.3445,0.2185,0.295,19
"M",0.455,0.35,0.105,0.401,0.1575,0.083,0.135,9
"M",0.56,0.45,0.145,0.894,0.3885,0.2095,0.264,9
"M",0.745,0.585,0.215,2.499,0.9265,0.472,0.7,17
"F",0.63,0.5,0.185,1.383,0.54,0.3315,0.38,10
"F",0.66,0.525,0.205,1.3665,0.5005,0.291,0.41,18
"M",0.63,0.48,0.145,1.0115,0.4235,0.237,0.305,12
"M",0.56,0.44,0.16,1.1115,0.5035,0.2785,0.26,10
"F",0.595,0.435,0.15,0.9,0.4175,0.17,0.265,8
"M",0.56,0.425,0.135,0.9415,0.509,0.2015,0.1975,9
"F",0.485,0.365,0.12,0.5885,0.27,0.131,0.175,9
"M",0.62,0.515,0.175,1.221,0.535,0.241,0.395,13
"M",0.665,0.505,0.16,1.289,0.6145,0.253,0.3665,11
"M",0.62,0.51,0.175,1.2815,0.5715,0.2385,0.39,10
"M",0.595,0.455,0.15,1.044,0.518,0.2205,0.27,9
"M",0.61,0.5,0.165,1.2715,0.4915,0.185,0.49,12
"F",0.55,0.415,0.135,0.775,0.302,0.179,0.26,23
"F",0.605,0.485,0.165,1.0105,0.435,0.209,0.3,19
"F",0.615,0.495,0.16,1.255,0.5815,0.3195,0.3225,12
"F",0.475,0.365,0.115,0.566,0.281,0.117,0.1335,7
"M",0.46,0.355,0.14,0.491,0.207,0.115,0.174,10
"M",0.67,0.505,0.16,1.2585,0.6255,0.311,0.308,12
"F",0.505,0.39,0.125,0.5445,0.246,0.15,0.1405,7
"M",0.45,0.35,0.13,0.4655,0.2075,0.1045,0.135,8
"M",0.41,0.315,0.095,0.306,0.121,0.0735,0.09,9
"M",0.72,0.565,0.145,1.187,0.691,0.1945,0.2685,8
"M",0.71,0.55,0.2,1.9045,0.882,0.44,0.5,13
"M",0.735,0.59,0.215,1.747,0.7275,0.403,0.557,11
"M",0.645,0.48,0.15,1.192,0.6055,0.2595,0.285,9
"M",0.51,0.39,0.135,0.769,0.3935,0.1455,0.19,8
"M",0.335,0.265,0.105,0.222,0.0935,0.056,0.075,7
"M",0.455,0.355,0.13,0.515,0.2,0.1275,0.175,11
"M",0.525,0.425,0.125,0.812,0.4035,0.1705,0.195,8
"F",0.505,0.38,0.145,0.651,0.2935,0.19,0.17,12
"M",0.625,0.495,0.175,1.254,0.5815,0.286,0.3185,9
"F",0.545,0.43,0.165,0.802,0.2935,0.183,0.28,11
"F",0.655,0.51,0.15,1.043,0.4795,0.223,0.305,9
"M",0.5,0.39,0.13,0.709,0.275,0.168,0.18,11
"M",0.6,0.495,0.175,1.29,0.606,0.276,0.3445,11
"M",0.595,0.47,0.155,1.2015,0.492,0.3865,0.265,10
"F",0.64,0.485,0.145,1.1335,0.5525,0.2505,0.3015,11
"F",0.475,0.365,0.13,0.4805,0.1905,0.114,0.1475,12
"F",0.505,0.4,0.165,0.729,0.2675,0.155,0.25,9
"F",0.695,0.55,0.185,1.679,0.805,0.4015,0.3965,10
"M",0.66,0.525,0.2,1.489,0.6065,0.3795,0.421,10
"F",0.44,0.34,0.14,0.482,0.186,0.1085,0.16,9
"F",0.6,0.48,0.15,1.029,0.4085,0.2705,0.295,16
"M",0.38,0.29,0.12,0.283,0.1175,0.0655,0.085,9
"F",0.525,0.415,0.17,0.8325,0.2755,0.1685,0.31,13
"M",0.59,0.465,0.155,1.136,0.5245,0.2615,0.275,11
"F",0.695,0.565,0.19,1.7635,0.7465,0.399,0.4975,11
"M",0.475,0.37,0.125,0.537,0.222,0.1215,0.15,9
"F",0.565,0.505,0.21,1.2765,0.501,0.279,0.355,12
"F",0.505,0.39,0.175,0.692,0.267,0.15,0.215,12
"F",0.645,0.52,0.18,1.285,0.5775,0.352,0.317,9
"M",0.235,0.17,0.055,0.0515,0.018,0.0105,0.0195,7
"M",0.675,0.52,0.145,1.3645,0.557,0.3405,0.385,11
"M",0.49,0.38,0.11,0.554,0.2935,0.1005,0.15,8
"F",0.58,0.465,0.165,1.1015,0.404,0.2095,0.35,11
"M",0.59,0.485,0.12,0.911,0.39,0.182,0.29,16
"M",0.7,0.55,0.195,1.6245,0.675,0.347,0.535,13
"M",0.67,0.525,0.2,1.7405,0.6205,0.297,0.657,11
"M",0.65,0.495,0.18,1.793,0.8005,0.339,0.53,14
"M",0.61,0.49,0.16,1.112,0.465,0.228,0.341,10
"F",0.455,0.37,0.105,0.4925,0.216,0.1245,0.135,9
"F",0.65,0.525,0.175,1.4225,0.61,0.2995,0.445,20
"M",0.155,0.115,0.025,0.024,0.009,0.005,0.0075,5
"F",0.41,0.325,0.105,0.3635,0.159,0.077,0.12,10
"M",0.615,0.475,0.175,1.103,0.4635,0.3095,0.2725,10
"F",0.645,0.505,0.165,1.318,0.55,0.3015,0.335,11
"F",0.44,0.34,0.13,0.4195,0.153,0.1155,0.13,10
"F",0.62,0.47,0.14,1.0325,0.3605,0.224,0.36,15
"M",0.63,0.48,0.185,1.21,0.53,0.2555,0.322,11
"M",0.57,0.45,0.145,0.95,0.4005,0.2235,0.2845,10
"F",0.485,0.39,0.1,0.5565,0.2215,0.1155,0.185,9
"F",0.595,0.465,0.15,1.0255,0.412,0.2745,0.289,11
"F",0.735,0.6,0.22,2.555,1.1335,0.44,0.6,11
"M",0.61,0.47,0.16,1.022,0.449,0.2345,0.2945,9
"F",0.61,0.45,0.13,0.8725,0.389,0.1715,0.272,11
"F",0.745,0.57,0.215,2.25,1.1565,0.446,0.558,9
"F",0.485,0.37,0.115,0.4785,0.1995,0.0955,0.129,7
"F",0.52,0.41,0.16,0.712,0.2845,0.153,0.225,10
"F",0.57,0.45,0.18,0.908,0.4015,0.217,0.255,9
"M",0.59,0.455,0.16,1.09,0.5,0.2215,0.292,9
"F",0.57,0.43,0.16,0.811,0.3875,0.159,0.2285,9
"M",0.605,0.465,0.165,1.056,0.4215,0.2475,0.34,13
"M",0.57,0.45,0.155,1.1935,0.513,0.21,0.343,10
"M",0.645,0.485,0.155,1.489,0.5915,0.312,0.38,18
"M",0.48,0.36,0.1,0.439,0.194,0.099,0.115,8
"F",0.615,0.515,0.17,1.14,0.4305,0.2245,0.42,16
"M",0.69,0.505,0.2,1.872,0.893,0.4015,0.48,10
"F",0.625,0.5,0.15,0.953,0.3445,0.2235,0.305,15
"F",0.615,0.5,0.165,1.1765,0.488,0.244,0.345,17
"M",0.6,0.47,0.13,1.0105,0.423,0.219,0.298,9
"M",0.265,0.2,0.065,0.084,0.034,0.0105,0.03,7
"F",0.525,0.41,0.115,0.7745,0.416,0.163,0.18,7
"M",0.385,0.3,0.115,0.3435,0.1645,0.085,0.1025,6
"M",0.605,0.475,0.14,1.1175,0.555,0.257,0.274,9
"F",0.655,0.51,0.175,1.6525,0.8515,0.3365,0.403,10
"M",0.575,0.47,0.14,0.8375,0.3485,0.1735,0.24,11
"M",0.735,0.57,0.175,1.88,0.9095,0.387,0.488,11
"M",0.645,0.495,0.185,1.4935,0.5265,0.2785,0.455,15
"F",0.72,0.56,0.175,1.7265,0.637,0.3415,0.525,17
"M",0.575,0.475,0.16,1.114,0.4955,0.2745,0.29,9
"M",0.62,0.47,0.15,1.309,0.587,0.4405,0.325,9
"M",0.56,0.41,0.165,0.93,0.3505,0.237,0.3,13
"M",0.77,0.605,0.175,2.0505,0.8005,0.526,0.355,11
"M",0.735,0.57,0.21,2.2355,1.1705,0.463,0.5315,10
"M",0.7,0.55,0.175,1.4405,0.6565,0.2985,0.375,12
"F",0.51,0.385,0.135,0.632,0.282,0.145,0.17,8
"F",0.49,0.355,0.16,0.8795,0.3485,0.215,0.2825,8
"M",0.495,0.395,0.135,0.6335,0.3035,0.1295,0.1495,8
"M",0.615,0.47,0.145,1.0285,0.4435,0.2825,0.285,11
"M",0.695,0.55,0.22,1.5515,0.566,0.3835,0.445,13
"M",0.505,0.395,0.135,0.5915,0.288,0.1315,0.185,12
"M",0.7,0.58,0.205,2.13,0.7415,0.49,0.58,20
"F",0.645,0.525,0.17,1.37,0.6135,0.283,0.34,10
"M",0.625,0.48,0.16,1.2415,0.6575,0.2625,0.2785,9
"F",0.55,0.41,0.145,0.8285,0.3095,0.1905,0.25,13
"F",0.55,0.405,0.125,0.651,0.2965,0.137,0.2,9
"M",0.495,0.375,0.115,0.6245,0.282,0.143,0.155,6
"F",0.59,0.475,0.155,0.9715,0.371,0.235,0.28,11
"M",0.59,0.47,0.16,1.206,0.479,0.2425,0.309,8
"F",0.625,0.49,0.155,1.2085,0.465,0.162,0.411,11
"M",0.35,0.265,0.09,0.197,0.073,0.0365,0.077,7
"M",0.49,0.38,0.14,0.7605,0.245,0.167,0.185,10
"M",0.68,0.54,0.195,1.7825,0.5565,0.3235,0.4285,11
"F",0.64,0.505,0.165,1.2235,0.5215,0.2695,0.36,10
"M",0.56,0.45,0.16,0.922,0.432,0.178,0.26,15
"F",0.525,0.44,0.15,0.8425,0.3685,0.1985,0.24,12
"M",0.585,0.465,0.155,0.9145,0.4555,0.1965,0.235,9
"M",0.44,0.35,0.11,0.4585,0.2,0.0885,0.13,9
"M",0.72,0.58,0.19,2.0885,0.9955,0.478,0.5305,13
"F",0.38,0.305,0.095,0.2815,0.1255,0.0525,0.09,8
"F",0.665,0.5,0.175,1.4355,0.643,0.345,0.37,9
"F",0.675,0.55,0.19,1.551,0.7105,0.3685,0.412,13
"F",0.63,0.485,0.17,1.3205,0.5945,0.345,0.345,9
"F",0.58,0.455,0.16,0.9215,0.312,0.196,0.3,17
"M",0.61,0.475,0.155,0.983,0.4565,0.228,0.266,10
"F",0.555,0.425,0.14,0.788,0.282,0.1595,0.285,11
"M",0.525,0.4,0.14,0.7325,0.334,0.1575,0.17,11
"M",0.68,0.515,0.16,1.2345,0.618,0.2625,0.325,11
"F",0.595,0.495,0.185,1.285,0.416,0.224,0.485,13
"M",0.65,0.51,0.175,1.446,0.6485,0.2705,0.45,12
"F",0.57,0.44,0.12,0.803,0.382,0.1525,0.234,9
"M",0.55,0.41,0.13,0.8705,0.4455,0.2115,0.213,9
"M",0.61,0.48,0.185,1.3065,0.6895,0.2915,0.29,10
"F",0.625,0.5,0.175,1.273,0.564,0.302,0.374,9
"F",0.695,0.56,0.22,1.834,0.8455,0.422,0.455,11
"F",0.665,0.505,0.165,1.349,0.5985,0.3175,0.36,9
"M",0.58,0.43,0.13,0.798,0.365,0.173,0.2285,10
"M",0.725,0.505,0.185,1.978,1.026,0.4255,0.4505,12
"F",0.595,0.47,0.25,1.283,0.462,0.2475,0.445,14
"M",0.565,0.39,0.125,0.744,0.352,0.13,0.1685,11
"F",0.675,0.525,0.17,1.711,0.8365,0.352,0.475,9
"M",0.585,0.455,0.15,0.987,0.4355,0.2075,0.31,11
"M",0.505,0.405,0.11,0.625,0.305,0.16,0.175,9
"M",0.63,0.485,0.165,1.233,0.6565,0.2315,0.3035,10
"M",0.6,0.495,0.185,1.1145,0.5055,0.2635,0.367,11
"F",0.44,0.345,0.105,0.4285,0.165,0.083,0.132,11
"F",0.725,0.56,0.21,2.141,0.65,0.398,1.005,18
"M",0.565,0.455,0.155,0.9355,0.421,0.183,0.26,11
"F",0.575,0.45,0.17,1.0475,0.3775,0.1705,0.385,18
"M",0.64,0.51,0.175,1.368,0.515,0.266,0.57,21
"M",0.61,0.485,0.16,1.0145,0.5315,0.212,0.2415,8
"F",0.66,0.525,0.19,1.67,0.6525,0.4875,0.49,11
"F",0.49,0.385,0.16,0.656,0.2455,0.171,0.205,9
"M",0.59,0.49,0.165,1.207,0.559,0.235,0.309,10
"F",0.615,0.5,0.165,1.327,0.6,0.3015,0.355,10
"F",0.635,0.505,0.165,1.251,0.577,0.227,0.3825,11
"M",0.565,0.43,0.13,0.784,0.3495,0.1885,0.213,9
"F",0.575,0.43,0.155,0.7955,0.3485,0.1925,0.22,9
"M",0.645,0.51,0.195,1.226,0.5885,0.2215,0.3745,10
"M",0.525,0.4,0.17,0.7305,0.279,0.2055,0.195,11
"M",0.63,0.49,0.15,1.1955,0.5845,0.257,0.3,9
"M",0.535,0.44,0.165,0.875,0.279,0.18,0.3,10
"F",0.565,0.44,0.15,0.983,0.4475,0.2355,0.2485,9
"F",0.665,0.51,0.175,1.3805,0.675,0.2985,0.325,10
"F",0.485,0.375,0.135,0.556,0.1925,0.1315,0.1685,10
"F",0.675,0.555,0.205,1.925,0.713,0.358,0.4535,13
"M",0.6,0.495,0.175,1.3005,0.6195,0.284,0.3285,11
"F",0.69,0.54,0.155,1.454,0.624,0.3105,0.39,9
"M",0.495,0.395,0.12,0.553,0.224,0.1375,0.167,8
"M",0.59,0.47,0.135,1.1685,0.539,0.279,0.28,8
"F",0.655,0.52,0.175,1.472,0.6275,0.27,0.45,13
"F",0.38,0.3,0.09,0.3215,0.1545,0.075,0.095,9
"M",0.38,0.27,0.095,0.219,0.0835,0.0515,0.07,6
"F",0.44,0.35,0.125,0.4035,0.175,0.063,0.129,9
"M",0.595,0.48,0.14,0.9125,0.4095,0.1825,0.289,9
"M",0.655,0.52,0.17,1.1445,0.53,0.223,0.348,9
"M",0.575,0.45,0.185,0.925,0.342,0.197,0.35,12
"M",0.485,0.395,0.14,0.6295,0.2285,0.127,0.225,14
"M",0.585,0.46,0.15,1.206,0.581,0.216,0.323,10
"F",0.435,0.35,0.125,0.459,0.197,0.1145,0.145,9
"M",0.42,0.335,0.115,0.369,0.171,0.071,0.12,8
"M",0.635,0.515,0.16,1.2075,0.5385,0.282,0.345,11
"F",0.62,0.47,0.2,1.2255,0.381,0.27,0.435,23
"M",0.575,0.47,0.185,0.985,0.3745,0.2175,0.355,10
"M",0.61,0.475,0.155,1.168,0.554,0.239,0.3295,10
"F",0.55,0.465,0.15,1.082,0.3575,0.194,0.19,14
"M",0.59,0.47,0.15,0.9955,0.481,0.232,0.24,8
"F",0.5,0.44,0.155,0.742,0.2025,0.2005,0.2115,14
"F",0.665,0.53,0.18,1.491,0.6345,0.342,0.435,10
"F",0.655,0.5,0.14,1.1705,0.5405,0.3175,0.285,12
"F",0.56,0.435,0.125,0.8775,0.3345,0.2145,0.29,13
"M",0.46,0.35,0.125,0.5165,0.1885,0.1145,0.185,9
"M",0.58,0.46,0.165,1.2275,0.473,0.1965,0.435,16
"F",0.29,0.225,0.075,0.14,0.0515,0.0235,0.04,5
"M",0.57,0.46,0.14,0.9535,0.4465,0.2065,0.245,12
"M",0.78,0.6,0.21,2.548,1.1945,0.5745,0.6745,11
"F",0.72,0.59,0.205,1.7495,0.7755,0.4225,0.48,11
"F",0.49,0.39,0.135,0.59,0.215,0.125,0.1845,12
"F",0.64,0.475,0.14,1.0725,0.4895,0.2295,0.31,8
"M",0.635,0.495,0.15,1.081,0.4825,0.242,0.31,11
"F",0.62,0.48,0.23,1.0935,0.403,0.245,0.355,14
"F",0.605,0.495,0.17,1.0915,0.4365,0.2715,0.335,13
"F",0.53,0.43,0.17,0.775,0.35,0.152,0.235,17
"F",0.625,0.475,0.13,0.8595,0.3195,0.1775,0.24,13
"M",0.595,0.475,0.17,1.0965,0.419,0.229,0.35,17
"M",0.5,0.4,0.13,0.7715,0.37,0.16,0.211,8
"F",0.58,0.45,0.155,0.93,0.385,0.246,0.265,9
"M",0.725,0.57,0.19,2.3305,1.253,0.541,0.52,9
"F",0.55,0.425,0.125,0.964,0.5475,0.159,0.215,8
"F",0.55,0.425,0.14,0.952,0.4895,0.1945,0.2185,7
"F",0.7,0.55,0.17,1.684,0.7535,0.3265,0.32,11
"F",0.555,0.42,0.14,0.868,0.33,0.243,0.21,13
"M",0.53,0.415,0.12,0.706,0.3355,0.1635,0.1345,9
"M",0.69,0.54,0.185,1.6195,0.533,0.353,0.555,24
"M",0.61,0.46,0.16,1,0.494,0.197,0.275,10
"M",0.275,0.205,0.07,0.094,0.0335,0.02,0.0325,5
"F",0.645,0.52,0.17,1.197,0.526,0.2925,0.317,11
"M",0.57,0.48,0.175,1.185,0.474,0.261,0.38,11
"M",0.59,0.49,0.135,1.008,0.422,0.2245,0.285,11
"F",0.595,0.48,0.2,0.975,0.358,0.2035,0.34,15
"M",0.415,0.3,0.1,0.3355,0.1545,0.0685,0.095,7
"M",0.42,0.34,0.115,0.4215,0.175,0.093,0.135,8
"M",0.715,0.55,0.19,2.0045,1.0465,0.407,0.5075,12
"M",0.465,0.34,0.105,0.486,0.231,0.1035,0.1225,9
"M",0.71,0.575,0.215,2.009,0.9895,0.4475,0.502,11
"F",0.525,0.43,0.125,0.813,0.3315,0.166,0.1775,12
"F",0.51,0.4,0.125,0.545,0.261,0.115,0.1385,6
"F",0.625,0.515,0.15,1.2415,0.5235,0.3065,0.36,15
"F",0.74,0.565,0.205,2.119,0.9655,0.5185,0.482,12
"M",0.455,0.35,0.12,0.4835,0.1815,0.144,0.16,11
"F",0.4,0.3,0.115,0.3025,0.1335,0.0465,0.0935,8
"M",0.49,0.39,0.15,0.573,0.225,0.124,0.17,21
"M",0.47,0.35,0.1,0.4775,0.1885,0.0885,0.175,8
"M",0.67,0.525,0.18,1.6615,0.8005,0.3645,0.43,10
"M",0.615,0.47,0.165,1.128,0.4465,0.2195,0.34,10
"M",0.625,0.5,0.175,1.0565,0.4615,0.258,0.305,10
"F",0.69,0.525,0.19,1.492,0.6425,0.3905,0.42,12
"M",0.65,0.51,0.16,1.3835,0.6385,0.2905,0.3665,9
"F",0.595,0.455,0.14,0.914,0.3895,0.2225,0.271,9
