county,year,crmrte,avgsen,polpc,density,taxpc,wcon,wtuc,wtrd,wfir,wser,wmfg,wfed,wsta,wloc,mix,pctymle
1,81,0.0398849,5.61,0.0017868,2.307159,25.69763,206.4803,333.6209,182.333,272.4492,215.7335,229.12,409.37,236.24,231.47,0.0999179,0.0876968
3,81,0.0163921,8.45,0.0005939,0.976834,14.56088,188.7683,292.6422,151.4234,202.4292,191.3742,210.75,381.72,247.38,213.17,0.0561224,0.0870046
5,81,0.0093372,5.53,0.0008209,0.4127659,18.6306,147.929,284.9003,143.5132,200.3205,158.2278,157.24,318.96,233.33,191.98,0.0833333,0.0738525
7,81,0.0219159,6,0.0014327,0.4821764,38.24473,284.5809,307.377,174.2457,207.1006,208.4636,215.57,348.27,206.07,208.75,0.3286385,0.0836378
9,81,0.0075178,7.04,0.0008353,0.5305164,16.85321,195.9361,274.7253,152.7354,209.0301,178.7785,202.04,270.57,234.75,223.57,0.089172,0.079058
11,81,0.0188472,9.93,0.0019067,0.5910931,22.32144,199.2377,315.5048,150.5835,195.3125,176.5392,187.2,266.62,227.69,209.27,0.1843318,0.1063334
13,81,0.0300493,11.77,0.001207,0.4975787,20.10284,192.6931,270.6553,172.9289,230.1118,182.9082,214.93,377.75,247.95,199.33,0.1796644,0.0793392
15,81,0.0168055,8.83,0.0009521,0.3009986,21.63124,192.3077,151.8219,164.6214,253.5926,169.6833,183.17,320,253.39,191.01,0.2473498,0.0905428
17,81,0.0186469,7.93,0.0013272,0.3492605,24.73512,162.6483,279.9416,178.4642,202.4292,161.216,235.61,319.78,226.58,199.03,0.3380952,0.0859525
19,81,0.0225338,9.56,0.0019298,0.4337209,53.86683,207.1006,450.2303,144.7477,211.4724,174.047,419.46,375.85,238.67,205.69,0.2063733,0.0824936
21,81,0.0350348,9.43,0.0018014,2.461305,25.49358,231.9226,346.7627,183.7432,256.5369,217.2891,275.75,381.16,274.2,224.42,0.0740045,0.0795678
23,81,0.0319175,9.45,0.0014249,1.452381,17.68813,194.6529,322.8523,165.6805,248.296,221.4906,243.14,379.31,249.19,226.04,0.0873786,0.0901801
25,81,0.0360686,9.06,0.0015847,2.406593,18.93759,226.2443,280.722,176.687,247.5474,218.8219,224.94,411.14,274.57,242.81,0.0680041,0.0837747
27,81,0.0353349,7.39,0.0013843,1.44586,18.62241,221.0781,325.0545,173.4647,218.8868,209.9971,215.75,368.73,204.43,226.13,0.1379634,0.0887975
33,81,0.020039,16.4,0.0006188,0.4953271,22.2749,192.3077,192.3077,162.6131,192.3077,174.8252,237.59,303.63,264.34,200.84,0.5592592,0.0939623
35,81,0.0414138,11.52,0.0017513,2.694444,26.45751,244.6663,330.9957,208.3428,250.8361,224.0796,243.86,449.07,256.6,226.48,0.1864771,0.0858721
37,81,0.0223026,12.26,0.0010886,0.480226,18.73018,184.6154,295.0569,166.8613,213.6752,160.9624,230.23,363.12,264.67,216.28,0.0859599,0.0822112
39,81,0.0158129,10.71,0.0011406,0.4269912,21.25022,197.8474,265.6883,150.1752,208.3333,142.5729,196.67,299.34,226.26,184,0.2398374,0.072731
41,81,0.0365365,13.03,0.0017286,0.6923077,28.29884,181.7081,287.0264,218.1464,226.2443,185.9168,223.07,397.22,243.2,212.67,0.1071429,0.0780852
45,81,0.0344852,10.99,0.0011571,1.790598,21.06336,192.8289,333.5226,192.9485,231.8393,214.2704,257.31,395.84,246.38,226.33,0.2354701,0.0877566
47,81,0.0319193,8.54,0.0019077,0.5501066,22.28144,208.6357,237.5115,165.2859,246.418,178.3689,279.08,339.65,198.55,216.64,0.100339,0.0858434
49,81,0.0359381,16.89,0.0011919,1.024251,21.0344,234.0786,264.2825,173.2183,237.4169,231.32,244.39,409.71,195.81,228.89,0.1,0.1394802
51,81,0.0630904,12.03,0.0014254,3.7793,24.87787,212.445,278.2625,171.8197,236.3337,197.2247,301.96,329.87,262.07,226.77,0.1146304,0.1624084
53,81,0.0196669,13.22,0.0008859,0.4414063,24.30766,189.9335,186.1042,162.9726,200.3205,160.2564,148.79,258.31,248.56,195.86,0.0471698,0.091046
55,81,0.0397498,7.47,0.0032465,0.3606138,48.84256,209.444,228.0328,139.9271,177.8568,145.2081,206.69,322.12,256.04,215.21,0.0524109,0.0835457
57,81,0.0368013,10.44,0.0013775,2.087591,19.2422,228.1871,303.9702,179.6187,230.1752,204.6954,234.72,395.98,206.78,216.77,0.1012262,0.085526
59,81,0.0183936,8.7,0.0010442,0.9513109,22.16452,173.772,259.4628,196.5027,213.6752,195.178,242.48,373.11,249.16,226.76,0.0853081,0.0794902
61,81,0.0248057,8.94,0.0012501,0.4981685,22.06186,176.4291,251.3826,165.4156,226.7779,176.2305,189.68,350.88,233.23,195.85,0.1035987,0.0861588
63,81,0.0813022,16.18,0.0022306,5.177852,40.77384,240.0165,348.341,184.6374,261.1852,267.1611,407.45,413.11,280.27,232.86,0.0588686,0.1023255
65,81,0.054168,9.62,0.0010269,1.118577,20.51209,254.1097,331.1545,170.8154,229.0813,162.6926,250.33,455.67,239.86,235.54,0.1249048,0.0905425
67,81,0.0619138,10.01,0.0017366,6.002427,29.3821,152.8273,232.0955,151.4687,236.6864,161.0306,198.34,346.68,267.43,207.68,0.1358236,0.0888331
69,81,0.0151278,13.26,0.0010903,0.6153846,18.40199,253.0954,438.1763,199.5898,323.4463,251.9837,379.82,433.75,265.97,261.05,0.1502591,0.095072
71,81,0.0578315,11.54,0.0017899,4.616247,27.81321,220.2218,419.0213,191.1953,238.6206,226.5881,251.27,418.82,251.93,224.59,0.0745475,0.0851048
77,81,0.0321369,7.77,0.0022208,0.6460674,17.48343,182.6386,217.1216,168.3082,211.205,162.422,236.03,427.94,256.49,197.56,0.1271478,0.0938804
79,81,0.018777,7.49,0.0012353,0.6052632,22.11559,179.9924,240.3846,126.8697,183.1502,145.8886,158.23,329.62,248.27,218.9,0.04811,0.0968263
81,81,0.063468,20.52,0.002173,4.904762,22.73241,281.7927,351.6497,240.0835,285.6708,245.0806,306.91,459.83,290.9,237.42,0.1037736,0.0920546
83,81,0.0314616,10.26,0.0015685,0.7638121,30.86219,197.4132,306.5775,161.5263,218.7627,160.014,256.24,367.93,250.33,208.61,0.1598639,0.0883066
85,81,0.0383181,7.91,0.0013922,1.006656,20.25876,166.9972,259.0002,166.0666,209.3895,181.7673,213.28,361.18,271.77,208.79,0.132778,0.1138525
87,81,0.0249672,9.89,0.0014799,0.845045,25.04969,208.6178,334.7335,158.344,226.5861,175.5958,384.4,409.12,217.66,205.4,0.0834862,0.0808827
89,81,0.0268278,10.85,0.0009298,1.614973,18.84713,221.7742,384.6154,172.315,211.8644,194.5667,296.56,428.67,207.44,218.87,0.0884774,0.0715268
91,81,0.0327883,10.13,0.0014543,0.6573034,22.85382,201.1061,280.6653,159.076,219.4115,182.5293,221.1,338.05,228.33,206.75,0.1679749,0.1008849
93,81,0.0371141,7.84,0.0013549,0.5370844,18.71499,143.2079,160.2564,145.373,179.4872,185.3568,215.19,357.62,269.52,197.5,0.0957143,0.1034976
97,81,0.0417355,10.78,0.0015449,1.458188,16.17589,231.2561,320.1751,185.3309,243.1907,182.0798,237.14,386.74,240.54,231.93,0.0634727,0.0838441
99,81,0.0186696,17.03,0.001442,0.5356416,34.26277,189.9335,297.3178,137.4919,215.2698,186.9135,169.81,367.63,284.27,214.55,0.022869,0.1398492
101,81,0.0306114,8.14,0.0012205,0.9018868,21.78304,164.6671,261.5385,163.7385,203.5771,173.8672,235.84,364.96,240.57,206,0.0932117,0.0823628
105,81,0.0626787,7.51,0.0018435,1.436293,49.78291,230.4304,310.4803,193.1624,225.8159,207.4356,258.37,296.21,182.26,224.54,0.1777108,0.0855046
107,81,0.0434509,9.3,0.0015707,1.495025,22.94168,211.3024,280.0878,166.0947,248.317,202.6203,284.28,422.61,234.23,233.2,0.08107,0.0864914
109,81,0.0149547,9.16,0.001017,1.439597,19.04224,201.8044,317.6764,177.7162,227.519,190.5752,232.42,377.3,267.91,216.36,0.1636691,0.0841339
111,81,0.0231378,11.96,0.0008694,0.819222,18.53749,183.5143,461.5385,159.9843,231.1896,173.906,187.41,291.15,255.67,217.39,0.1458333,0.0762992
113,81,0.0121416,7.39,0.0017067,0.410058,22.30019,187.6173,287.5629,130.4413,173.6111,223.3251,195.82,260.49,238.64,172.74,0.1635514,0.0964656
115,81,0.0053566,25.83,0.0087044,0.3813747,22.99769,168.3502,321.7898,161.8622,225.4642,151.2532,331.64,347.37,229.03,214.53,0.2307692,0.0856251
117,81,0.0127531,11.77,0.0005024,0.5704989,29.25831,182.8277,320.5128,160.1624,202.4292,170.7996,235.78,343.37,238.97,215.56,0.3414634,0.0809707
119,81,0.0816495,13.82,0.0018753,7.814394,36.34335,296.2678,396.2894,271.7476,321.9396,260.9232,331.79,488.68,253.12,259.43,0.1148375,0.0908055
123,81,0.0374067,10.87,0.0015457,0.4632653,22.69097,242.6595,327.9666,158.8934,218.7932,182.9648,204.43,286.65,242.39,220.66,0.3050847,0.0877541
125,81,0.0330362,15.39,0.0017074,0.7303852,21.81275,194.3079,353.0487,157.9434,245.3926,195.3464,215.11,365.56,250.98,220.18,0.0961792,0.0844627
127,81,0.0495042,13.54,0.0007317,1.257407,19.22906,219.622,322.887,193.1002,328.2547,212.9582,219.9,400.19,250.21,213.93,0.1005976,0.0851622
129,81,0.0839218,8.56,0.0020641,5.702703,27.90159,236.4805,343.1713,177.72,237.6693,206.7997,322.79,425.53,277.72,226.45,0.1040986,0.0898363
131,81,0.0218448,10.1,0.0012496,0.4126394,23.54628,150.0938,274.7253,162.3558,168.691,150.7114,196.41,323.29,246.49,172.86,0.3602305,0.0978319
133,81,0.041821,10.13,0.0012256,1.491481,18.98292,209.0301,262.9063,159.6113,199.095,174.007,206.19,290.15,220.77,195.4,0.1586224,0.2743584
135,81,0.0570824,9.09,0.002192,1.9375,21.4534,214.6487,350.3911,138.5328,261.3052,211.8692,283.74,401.79,329.12,210.18,0.0724952,0.1444227
137,81,0.0127292,19.06,0.00057,0.3049853,27.0492,196.6783,320.5128,120.9745,169.6833,186.7065,127.08,266.98,217.52,217.93,0.0634921,0.0798046
139,81,0.0278244,8.88,0.001639,1.25,18.27306,204.2206,288.7062,164.6542,229.6792,184.4903,197.79,365.12,251.8,194.74,0.2807018,0.1096039
141,81,0.0287834,7.8,0.0010216,0.2582857,21.47009,156.6952,266.5651,173.8842,174.8252,145.496,170.23,304.22,253.03,205.97,0.0909091,0.0863153
143,81,0.0240664,9.54,0.0009336,0.3902439,16.77721,169.6833,282.8054,166.7408,213.6752,104.8951,159.88,315.25,255.8,194.28,0.2888889,0.0820288
145,81,0.028504,7.85,0.0012481,0.7361809,41.40154,204.5827,406.8871,152.5387,218.5315,166.9899,242.69,345.48,209.01,230.09,0.0628931,0.0871926
147,81,0.0515935,8.2,0.0016307,1.39726,23.73709,201.4795,277.0767,163.7208,245.5796,234.4143,260.03,451.85,327.38,220.61,0.0587432,0.1231098
149,81,0.0209532,19.13,0.0073952,0.5714286,16.09222,199.8002,274.7253,137.0364,195.5671,145.9186,202.9,376.68,226.14,215.85,0.0625,0.0695569
151,81,0.0241835,14.13,0.000991,1.173638,14.30256,236.2321,304.2717,169.7852,241.3273,208.1289,228.12,382.32,212.47,212.19,0.1135913,0.0840227
153,81,0.0372807,11.31,0.0012766,0.9538784,23.01333,190.761,282.696,155.9667,207.2489,175.4844,245.89,377.69,245.73,213.79,0.1023672,0.0851878
155,81,0.0441616,9.14,0.0012708,1.083246,31.99544,195.3125,323.2902,173.0732,233.3743,192.1808,196.58,370.2,270.96,207.25,0.1161857,0.0915176
157,81,0.0360251,10.75,0.0018656,1.481547,24.17161,225.9353,327.8209,157.9952,225.5639,181.9221,286.35,384.3,230.24,227.85,0.0939405,0.0838999
159,81,0.035173,8.39,0.0016769,1.932563,15.75846,252.2513,323.1793,188.6161,223.2143,209.5462,265.52,388.31,253.21,210.84,0.1403992,0.0858354
161,81,0.0222742,10.2,0.0013818,0.9630282,18.15993,193.7428,347.3766,163.0195,244.6317,191.7503,237.73,372.57,181.18,216.58,0.0689655,0.0794516
163,81,0.0248116,9.5,0.0013496,0.5269271,21.02991,149.7874,277.9013,170.2091,204.4216,205.6533,218.18,346.21,238.59,213,0.0853769,0.083051
165,81,0.0477432,8.19,0.0017694,1.025078,23.65049,201.333,324.7412,172.4472,244.0828,201.4652,262.93,372.94,248.06,202.69,0.0823364,0.0918021
167,81,0.0294232,12.38,0.0015282,1.227273,21.68331,231.6624,318.0473,171.2007,225.949,205.1628,230.29,364.18,243.45,216.54,0.0972644,0.0853847
169,81,0.0145053,10.6,0.0008042,0.7455752,26.42513,203.7368,442.398,153.7301,213.6752,170.068,221.73,317.25,230.84,199.64,0.0633188,0.0824758
171,81,0.0189838,10.32,0.0013737,1.109462,19.58383,267.1756,293.152,171.0741,235.5506,195.906,215.62,367.89,219.13,217.74,0.0659851,0.0834044
173,81,0.0134337,6.45,0.0054956,0.1977186,23.76874,144.7477,250.8361,151.8219,183.1502,162.3758,172.68,306.65,268.78,185.7,0.11,0.0848613
175,81,0.0175623,14.91,0.0015162,0.6322751,25.38036,190.4037,323.4266,139.646,208.8409,181.1893,437.03,255.4,239.51,182.35,0.0451128,0.0951802
179,81,0.028366,10.67,0.0014945,1.13302,23.32127,258.1836,257.5549,195.0484,238.1908,205.145,237.38,379.94,270.09,236.82,0.192906,0.0930994
181,81,0.0563677,13.64,0.0015673,1.485944,20.02369,156.1663,269.6273,206.0082,207.3206,171.9226,234.88,419.47,211.8,202.15,0.058346,0.0848776
183,81,0.0601894,9.11,0.0018376,3.617096,29.11141,248.035,379.6718,230.1352,278.0956,214.2128,292.55,440.57,306.85,271.69,0.0639142,0.1089895
185,81,0.0107527,7.18,0.011828,0.3793911,47.8802,146.5201,224.359,137.6606,206.044,166.0839,186.96,308.78,241.9,209.66,0.6666667,0.085924
187,81,0.0338507,5.43,0.0011939,0.4427711,21.43002,170.3992,344.4317,162.057,213.6752,143.5132,191.72,341.98,244.14,195.88,0.0880361,0.0895135
189,81,0.0314674,14.59,0.0021745,1.038217,21.71702,187.9494,311.086,137.411,210.1224,171.5151,205,360.77,304.53,198.5,0.0552083,0.1581173
191,81,0.0371162,12.18,0.0011395,1.761733,18.57096,220.3025,303.8318,178.7849,228.7606,187.213,224.97,282.02,260.01,221.92,0.1067961,0.1041378
193,81,0.0192107,4.64,0.000926,0.7859043,17.44954,222.9224,329.5925,206.0276,246.3821,208.0373,210.31,375.44,244.42,221.05,0.1525252,0.0860937
195,81,0.0631212,10.11,0.0017569,1.695187,24.62795,222.2222,289.8593,192.8789,293.2288,243.7925,290.6,388.05,237.91,233.3,0.1227477,0.0894729
197,81,0.0178621,11.35,0.0008308,0.8571429,16.64038,183.1502,291.3753,151.3533,228.9377,156.9114,230.08,317.48,260.86,209.1,0.0617284,0.0806272
1,82,0.0383449,5.59,0.0017666,2.330254,24.87425,212.7542,369.2964,189.5414,300.8788,231.5767,240.33,419.7,253.88,236.79,0.1030491,0.0863767
3,82,0.0190651,5.71,0.0007047,0.992278,35.64073,186.9658,345.7217,156.8826,225.0409,208.819,217.77,386.42,374.07,219.18,0.0473118,0.0864722
5,82,0.0123229,9.7,0.0013555,0.4170213,19.52253,147.929,343.4066,160.7526,213.6752,166.7064,164.62,314.61,247.59,188.48,0.0204082,0.0737947
7,82,0.0173807,6.11,0.0014165,0.4878049,55.98516,308.418,326.1756,181.7081,212.1041,239.6713,219.56,355.16,226.52,230.82,0.2472527,0.0821775
9,82,0.0087368,9.95,0.0007389,0.5352113,17.20366,395.9276,28.8577,149.326,235.0427,180.5706,204.66,287.12,270.16,218.16,0.369863,0.0778554
11,82,0.0198536,4.32,0.0013588,0.5951417,22.88071,215.9605,320.5128,158.7005,205.2723,197.6682,173.32,290.17,247.69,225.78,0.276699,0.1049686
13,82,0.0363259,5.32,0.0013436,0.5048426,22.52288,205.612,286.4157,172.4643,241.0695,198.3213,221.54,381.69,272.44,209.87,0.13772,0.0779813
15,82,0.0200047,9.48,0.0008473,0.3024251,23.05781,188.537,169.6833,179.1843,263.9517,188.3426,200.53,347.44,265.44,204.61,0.303681,0.087408
17,82,0.0211586,5.5,0.001345,0.3492605,24.06734,166.1918,289.09,173.3922,217.1216,162.1529,255.62,338.7,219.72,204.18,0.288,0.084344
19,82,0.0183782,8.26,0.001936,0.4534884,56.80268,225.2252,489.0038,139.9941,211.5385,194.1957,428.16,368.82,265.38,187.42,0.1064189,0.0822037
21,82,0.0367896,7.01,0.0017689,2.485584,24.50407,241.853,369.2143,197.0567,285.1188,237.9542,293.62,393.66,291.59,238.06,0.0643183,0.0789607
23,82,0.0290211,6.38,0.0013685,1.470238,18.24509,203.073,336.8322,179.2207,263.6476,236.5089,251.49,407.54,269.65,258.71,0.082041,0.0899827
25,82,0.0370917,8.25,0.0016122,2.450549,19.71914,239.8677,319.1938,194.6381,263.132,245.4318,225.55,418.23,295.17,264.25,0.0778621,0.0827224
27,82,0.0371544,8,0.0013686,1.447983,18.93122,223.1021,350.7131,183.6174,230.3407,223.5665,219.97,369.77,211.22,176.59,0.1331283,0.0887318
33,82,0.0144477,6.54,0.0006589,0.5046729,28.9783,199.8002,205.1282,165.0402,256.4102,192.3077,212.16,308.86,286.22,210.52,0.1455224,0.0916909
35,82,0.0489555,6.23,0.0017501,2.724747,28.31856,252.9197,358.0455,217.3804,263.5383,240.5594,253.29,459.69,277.4,237.43,0.1566054,0.0849427
37,82,0.0201309,9.03,0.0011636,0.4844633,20.97966,191.4752,316.7421,173.8058,234.5216,172.2853,235.83,394.74,289.02,230.76,0.0745342,0.0809873
39,82,0.0188128,6.27,0.0011277,0.4314159,19.8856,187.2659,342.4658,147.3551,228.4844,187.8005,194.53,309.73,244.54,197,0.176282,0.0723607
41,82,0.0304537,5.95,0.0017091,0.6923077,28.94018,182.3607,299.1453,210.9959,201.2522,197.0855,228.89,405.73,272.24,232.65,0.1168091,0.0754642
45,82,0.0319727,8.27,0.001144,1.792735,25.02926,218.8868,346.4366,196.4433,235.4164,241.9727,267.44,389.65,261.18,234.45,0.1947995,0.0867215
47,82,0.0305205,6.68,0.0018921,0.5479744,24.9439,252.4503,260.3292,171.1498,278.299,196.4188,300.65,352.85,208,212.51,0.0832117,0.0839351
49,82,0.0361096,10.25,0.0013467,1.048502,21.56757,238.1145,291.8791,178.8462,256.9091,254.3512,264.05,406.03,224.44,204.41,0.1255468,0.1359137
51,82,0.0628671,9.44,0.0014883,3.7793,23.15848,221.8046,301.3916,177.5444,250.6955,212.5034,329.1,353.81,286.86,245.7,0.1018474,0.1585475
53,82,0.0199702,7.43,0.0009635,0.4570313,24.72824,203.9627,153.8462,174.8252,219.7802,203.4024,101.83,277.99,262.47,191.43,0.0654206,0.0907224
55,82,0.0467392,15.09,0.0032882,0.3759591,52.22086,225.5461,288.0723,140.314,187.6173,150.1556,219.27,294.25,295.19,225.58,0.0240137,0.0830384
57,82,0.0312481,8.53,0.0013448,2.104015,18.1739,256.2956,331.9283,185.3762,245.262,212.6351,237.27,416.71,226.48,230.94,0.0731202,0.0849587
59,82,0.016081,9.93,0.0009927,0.9700375,24.36296,196.2323,259.8753,203.5123,264.4231,207.6049,239.17,347.89,269.02,235.1,0.0574412,0.0798313
61,82,0.0225081,7.72,0.0013284,0.5006105,21.36424,174.8252,280.1834,179.4236,239.3162,188.537,196.84,365.38,267.14,223.95,0.1213235,0.0844954
63,82,0.0785857,12.6,0.0024576,5.214765,29.88926,260.3464,377.2003,195.15,286.0557,294.2581,449.77,450.06,300.06,260.09,0.0602042,0.1010207
65,82,0.0524684,7.41,0.0010153,1.126482,25.1056,296.7359,383.541,179.6997,242.0656,167.9902,251.07,452.37,253.54,260.7,0.1117941,0.0883003
67,82,0.0623111,8.08,0.0019691,6.065534,30.12709,147.929,298.4085,157.4552,23.02275,172.3077,203.92,367.65,287.93,231.16,0.166392,0.0869502
69,82,0.0125657,11.59,0.0010106,0.6234818,19.21359,271.7232,468.5471,209.6384,342.8461,27.23264,409.52,449.57,281.44,277.53,0.1406728,0.0928766
71,82,0.067442,7.82,0.001957,4.661065,22.59488,219.7802,459.0927,199.2343,256.4102,234.8871,257.21,433.24,260.26,241.61,0.0485269,0.0842905
77,82,0.0380832,7.08,0.0021508,0.6591761,19.10578,172.8608,224.359,181.1702,234.7943,161.0018,255.7,431.35,276.39,220.2,0.1150294,0.0927062
79,82,0.0166299,9.59,0.0013801,0.6052632,24.6232,213.6752,274.7253,129.9376,207.9002,160.2564,173.32,340.99,279.45,237.23,0.0343348,0.0940453
81,82,0.0597609,11.61,0.0020898,4.932412,34.60993,303.3244,377.6224,251.1178,308.1447,259.4947,328.01,477.98,315.42,242.74,0.1060528,0.0912082
83,82,0.0315983,7.59,0.0015142,0.7665746,33.64067,208.7683,350.3743,167.8121,228.3337,170.5955,274.12,374.98,264.18,221.91,0.1671159,0.0864304
85,82,0.0448326,4.83,0.0013437,1.016639,20.71021,175.6103,310.6509,170.0094,221.6803,189.6424,210.47,355.58,290.73,228.55,0.1803279,0.1126167
87,82,0.0294296,8.49,0.0014422,0.8486487,24.91894,205.9126,343.6426,161.9902,229.458,196.3065,418.08,411.02,236.12,212.85,0.1264,0.0809623
89,82,0.0290652,6.89,0.0010697,1.657754,27.23189,227.3909,415.4286,178.3538,226.9726,210.2823,324.89,420.27,255.87,239.38,0.1314248,0.0715658
91,82,0.0339434,8.87,0.0014815,0.6601124,21.45942,212.2877,327.5571,153.6822,223.3251,198.2119,237.27,361.25,216.2,218.09,0.1752266,0.098717
93,82,0.031241,5.05,0.0013396,0.5498721,20.1722,153.8462,140.713,150.9141,178.0627,177.1255,221.8,375.01,293.64,222.25,0.1476274,0.0998652
97,82,0.0427797,7.4,0.0015511,1.472125,17.50915,248.2747,333.2781,192.7346,258.7413,204.5947,235.76,388,247.47,241.65,0.0721068,0.082835
99,82,0.0198469,8.64,0.0010505,0.5397149,27.10898,189.1551,328.1441,140.0917,233.1002,194.7717,166.38,397.63,301.22,226.83,0.0173077,0.1384929
101,82,0.0331686,6.53,0.0012567,0.9119497,23.4032,168.1011,266.6451,169.3997,222.6317,187.1102,243.34,372.92,253.99,231.52,0.113798,0.0813729
105,82,0.0579285,4.61,0.0017698,1.459459,30.13122,248.0788,330.5844,203.7084,236.1673,226.6525,266.22,418.34,173.02,246.75,0.1188776,0.0838366
107,82,0.0465892,9.31,0.0015857,1.495025,31.04842,228.2251,294.7356,172.1177,265.1557,213.1263,291.68,420.79,247.86,252.24,0.1085181,0.0845033
109,82,0.0174821,7.24,0.0010741,1.45302,20.60895,187.6173,306.3308,185.7355,255.4641,194.6348,233.84,395.6,291.45,231.7,0.141791,0.0841221
111,82,0.0207409,10.09,0.0008041,0.8237987,18.7781,193.8279,492.126,167.041,251.7116,186.1681,201.46,302.08,276.41,233.88,0.1,0.0749438
113,82,0.009353,5.22,0.0014946,0.4216634,22.33325,240.3846,284.9003,142.173,179.8561,237.3672,202.66,275.4,257.55,191.35,0.1686747,0.0954599
115,82,0.0036596,16.85,0.0128088,0.3769401,23.71069,157.6293,370.4287,154.0301,242.0656,157.4449,345.53,365.07,259.84,209.85,0.1428571,0.0835208
117,82,0.0175385,6.84,0.0004585,0.5683297,30.52434,178.1765,333.3333,164.8013,215.0024,182.8567,250.95,348.29,257.18,234.5,0.0902613,0.0802754
119,82,0.0890352,12.73,0.0018468,7.952652,40.45589,312.5844,433.6005,285.0981,353.2651,274.1018,365.68,499.73,276.17,253.05,0.1362118,0.0895044
123,82,0.0354991,9.17,0.0014846,0.4653061,21.81546,244.2002,341.1911,165.1009,234.2209,183.7086,209.76,288.72,253.98,232.83,0.288431,0.0867443
125,82,0.0295613,5.99,0.001747,0.7389444,25.08665,186.9218,369.3593,158.8285,258.6595,224.8849,222.18,385.64,272.35,231.26,0.0711238,0.0827119
127,82,0.050565,11.06,0.0007473,1.268519,21.8595,216.7497,329.3393,200.2992,342.6717,235.006,243.61,421.55,259.82,241.24,0.0856868,0.083393
129,82,0.0777385,7.21,0.0020313,5.816216,31.97548,260.1586,375.7737,182.0284,245.9178,224.5295,348.79,452.85,291.26,244.97,0.1019151,0.0883953
131,82,0.0202951,10.15,0.0008596,0.4126394,24.89322,151.5726,277.7778,170.6693,178.0627,147.4752,209.47,332.71,268.52,180.06,0.5917603,0.0958842
133,82,0.0405609,10.54,0.0011945,1.503277,17.09089,205.8689,277.5028,159.7858,208.39,182.7358,207.24,289.92,244.69,214.73,0.1823915,0.2690157
135,82,0.0540804,7.85,0.0017997,1.955,24.61792,210.7838,346.2604,146.3518,287.1073,226.9759,315.44,441,359.92,337.19,0.0718412,0.1426013
137,82,0.0204753,9.15,0.0006575,0.3108504,31.00211,240.3846,334.4482,124.0695,167.2241,200.3205,127.1,277.74,221.9,236.88,0.0788177,0.0785741
139,82,0.027246,8.33,0.0015828,1.25,21.1771,216.9325,323.0769,170.6912,232.5032,201.7094,201.38,380.67,251.63,202.49,0.2728873,0.1076409
141,82,0.0267457,7.22,0.0009662,0.2628571,21.99823,174.8252,271.9503,180.5571,195.0948,155.4002,178.69,301.3,269.43,215.7,0.1490566,0.0850545
143,82,0.0165128,9.14,0.0007179,0.3902439,18.12041,147.929,274.7253,162.6772,219.7802,101.2146,161.92,329.88,289.51,199.96,0.4122807,0.0792141
145,82,0.0373545,9.53,0.0013007,0.7462311,28.92236,213.6752,422.6543,162.436,228.9377,188.0695,265.55,369.99,210.97,245.87,0.0948192,0.0847475
147,82,0.0585298,8.06,0.0017198,1.415525,25.36956,211.3917,903.1454,173.8375,263.0624,234.171,271.38,465.68,351.76,239.16,0.0773133,0.1214482
149,82,0.0185088,11.34,0.0016553,0.592437,17.5038,186.7065,334.4482,145.6877,204.918,157.981,211.75,372.69,239.95,237.66,0.0982143,0.0684446
151,82,0.0248051,7.53,0.0008414,1.186312,14.76634,260.4167,321.1538,178.6001,251.9894,222.1262,226.81,390.57,216.44,225.11,0.1074655,0.0836932
153,82,0.031383,8.73,0.0012622,0.9433962,23.12621,216.8455,289.0396,160.0659,214.2704,22.64108,236.65,385.95,261.76,233.24,0.1055011,0.0833501
155,82,0.0358587,7.57,0.0013154,1.092729,37.67342,197.8474,328.5508,181.8089,254.5249,213.8166,209.28,373.04,285.98,228.33,0.0986466,0.0896919
157,82,0.031602,7.34,0.0018212,1.485062,25.46949,133.8224,345.5847,172.0153,246.9441,192.5265,302.53,395.26,548,239.25,0.100854,0.0831164
159,82,0.0292244,7.28,0.0016685,1.94605,16.38865,271.9197,357.07,217.3103,237.3347,125.8476,282.45,420.15,270.54,253.32,0.0973207,0.0844483
161,82,0.0207294,9.46,0.0013479,0.9806338,19.07024,195.2151,375.2345,168.7281,241.5766,204.4431,242.4,382.04,209.52,233.01,0.0411711,0.0787039
163,82,0.0224186,11.8,0.0012834,0.5279831,23.65361,147.4926,316.2955,174.0937,210.9705,209.2876,235.7,357.05,254.45,219.45,0.0776119,0.0813947
165,82,0.0425763,8.63,0.0017163,1.037618,40.45152,232.4599,345.7217,176.8006,261.3891,210.6039,280.06,373.35,279.05,193.6,0.0553064,0.0895843
167,82,0.0260284,9.18,0.0014505,1.229798,22.78194,249.8735,345.5529,175.0327,241.6701,215.9605,245.74,392.21,259.54,230.69,0.0748752,0.0840005
169,82,0.0165503,13.62,0.0007657,0.7588496,25.43988,242.2011,449.8941,163.9833,213.6752,1.843794,232.45,323.86,256.67,212.93,0.1001965,0.0836034
171,82,0.0209131,6.77,0.0013909,1.109462,20.21522,280.4823,308.9656,182.9039,252.6395,212.348,215.48,381.38,233.23,235.97,0.0658882,0.0825625
173,82,0.0122786,7.63,0.0056361,0.1996198,28.92056,155.9252,2508.361,151.6405,202.4292,170.2335,167.02,281.53,290.3,173.19,0.0166667,0.0826689
175,82,0.0164474,8.73,0.0015406,0.6402116,30.4684,212.0316,364.0392,149.7831,239.2769,188.9954,468.59,268.34,258.85,194.49,0.0050891,0.0936172
179,82,0.0258779,8.43,0.0014512,1.15493,44.09111,254.894,263.8871,199.381,261.6604,214.3636,255.5,389.73,291.35,278.92,0.1242197,0.0919454
181,82,0.0617686,8.29,0.0014961,1.497992,20.46264,165.1127,316.3503,217.1138,229.2899,184.8002,242.83,402.05,244.37,208.89,0.0728538,0.0844901
183,82,0.0583432,9.55,0.0018891,3.689696,30.98436,277.7778,411.7016,246.351,305.2382,228.9609,316.04,460.48,327,264.42,0.0781222,0.1077222
185,82,0.0148936,6.57,0.012766,0.3770492,34.15132,135.7466,266.2722,146.0565,216.6847,166.5002,183.31,324.43,266.52,229.6,1.8,0.0832661
187,82,0.0312457,8.5,0.001111,0.439759,23.43014,174.8252,367.6471,167.9307,217.1216,149.4619,194.65,351.37,253.61,200.06,0.1111111,0.0880961
189,82,0.0316963,9.43,0.0016585,1.057325,21.78756,189.6526,350.9265,142.7529,241.8014,184.2949,203.42,345.74,319.34,216.69,0.0828961,0.1573162
191,82,0.0404994,10.3,0.0011468,1.763538,19.98285,231.9869,326.3297,186.5586,239.654,199.0649,234.06,285.65,278.38,240.77,0.109978,0.1016082
193,82,0.0240456,6.65,0.0009732,0.7912234,19.84998,222.8613,353.4454,16.87376,271.7391,203.5503,222.12,385.04,265.34,225.8,0.1519293,0.0849039
195,82,0.0588861,12.57,0.001784,1.705882,26.92453,240.2337,299.8858,201.3809,299.9741,252.5526,302.15,400.63,255.39,255.62,0.1209773,0.0879057
197,82,0.0180711,6.64,0.0009241,0.8660714,17.61957,194.2502,323.6862,151.1742,243.4275,171.5078,238.94,330.27,278.94,225.22,0.1115789,0.0798224
1,83,0.0303048,5.8,0.0018358,2.341801,26.45144,219.7802,1394.803,196.6395,309.9696,240.1568,269.7,438.85,250.36,248.58,0.0806787,0.0850909
3,83,0.0151492,8.69,0.0006587,1.003861,19.26188,193.5983,604.9115,157.1295,248.139,219.0847,236.64,382.65,268.9,223.06,0.0596206,0.0859426
5,83,0.0128064,6.34,0.0013416,0.4170213,19.24335,169.6833,2109.181,165.9508,196.2323,174.8252,178.17,330.5,250.17,202.07,0.3125,0.0738741
7,83,0.024211,6.37,0.0014398,0.489681,44.00379,275.8512,575.5688,187.2412,242.1652,245.262,231.09,367.8,234.73,240.47,0.2079395,0.0806452
9,83,0.0136804,7.16,0.0008604,0.5399061,17.97514,216.1598,1035.503,152.6829,255.102,184.8266,235.73,316.5,273.47,243.48,0.0853242,0.076492
11,83,0.0191668,13.44,0.0019803,0.5991903,24.6518,213.0523,915.7509,169.1857,177.6756,203.7912,199.88,325.86,239.67,227.94,0.1152263,0.1038029
13,83,0.0325271,6.97,0.0014763,0.5096852,24.6816,193.2741,1268.216,178.4231,241.7582,208.4831,240.26,389.8,273.8,216.4,0.1241497,0.0765449
15,83,0.0142092,10.95,0.0008852,0.3052782,25.77474,181.4223,2129.121,178.2224,320.5128,182.7358,207.67,344.49,269.43,215.55,0.2055336,0.0842081
17,83,0.0202915,9.93,0.0012987,0.3481229,25.50103,165.6239,1320.513,172.2408,238.5212,182.2645,283.19,355.36,223.73,190.15,0.1574074,0.0826743
19,83,0.0145267,10.37,0.0021733,0.4767442,62.59023,233.2161,139.4923,151.6695,244.6317,218.4867,477.16,359.84,211.69,223.91,0.0431212,0.0819392
21,83,0.0366069,8.89,0.0016787,2.497724,28.44128,247.7876,1165.393,202.762,301.6591,251.2563,311.46,411.52,295.99,249.98,0.0778464,0.0783658
23,83,0.0286164,6.63,0.0013735,1.468254,18.51124,227.3588,1109.037,181.1462,286.7313,250.2587,283.08,419.49,273.09,283.73,0.0713929,0.0897668
25,83,0.0312138,7.38,0.0016854,2.478022,21.83251,259.138,1378.987,191.1698,286.9107,258.4343,271.96,441.28,298.46,276.84,0.0672301,0.0816718
27,83,0.0294409,8.54,0.0014347,1.43949,18.74737,218.5944,531.4753,189.8921,249.6813,237.8754,251.63,395.54,210.94,227.63,0.1262349,0.0886638
33,83,0.0161148,9.14,0.000652,0.5093458,26.02322,196.6783,574.4256,176.9231,265.252,184.6154,279.95,310.41,293,204.81,0.1019108,0.0895228
35,83,0.0412081,7.89,0.0017224,2.760101,26.40385,258.5956,1230.356,229.4109,286.2537,248.4358,274.65,493.85,273.38,248.92,0.2065804,0.0840357
37,83,0.0190303,8.97,0.0011228,0.4872881,21.78287,194.4685,607.9683,189.4856,247.669,176.0253,258.79,403.52,287.9,235.73,0.1146712,0.0797505
39,83,0.0168941,20.98,0.0011669,0.4336283,20.48361,201.6129,3041.958,156.9491,252.5253,174.2491,228.99,310.42,248.38,297.41,0.168421,0.0720171
41,83,0.0220667,6.44,0.0017684,0.6978022,27.89343,195.3125,1491.081,189.6491,230.7692,195.9467,267.35,426.01,290.55,221.75,0.0749064,0.0728815
45,83,0.0351112,7.5,0.0011406,1.790598,21.45819,224.5509,1456.217,201.1279,248.139,257.3699,290.78,409.2,249.32,239.19,0.0938073,0.0857163
47,83,0.0291268,6.37,0.0019336,0.5501066,24.60299,281.3235,2459.75,182.1096,298.4085,204.9538,322.06,366.04,211.04,233.85,0.0832703,0.081979
49,83,0.0359286,8.95,0.0014829,1.064194,24.67342,239.1037,950.4863,180.354,262.0457,276.2078,273.17,414.17,212.16,228.07,0.1064097,0.1324623
51,83,0.060056,7.83,0.0014377,3.817352,25.42798,229.0627,1110.032,187.6015,265.9164,225.5461,362.25,372.15,289.23,251.24,0.1087709,0.1547367
53,83,0.0222781,6.98,0.0008669,0.4882813,28.0169,194.4685,1923.077,166.9899,202.4292,183.1502,129.11,288.75,270.72,200.99,0.0198413,0.0903797
55,83,0.0530843,9.44,0.0033323,0.3913043,59.8843,226.7574,1617.541,142.8617,200.0889,154.6632,229.12,326.86,295.61,240.65,0.0442073,0.082558
57,83,0.0290823,10.77,0.0013052,2.114964,20.02377,237.3571,1024.336,195.3562,261.0893,222.3967,265.68,425.33,246.12,235.61,0.0639825,0.0843965
59,83,0.0159541,6.34,0.001061,0.9925094,25.11233,223.6136,509.3555,203.3026,281.4259,219.0171,253.61,356.19,273.96,246.08,0.0740741,0.0802594
61,83,0.0177485,10.13,0.0015338,0.5018315,22.14209,180.2885,2547.122,187.7088,246.5483,183.9184,215.3,378.82,252.56,202.7,0.1353033,0.0827741
63,83,0.0760822,9.77,0.0025922,5.2651,31.95497,267.3133,773.1071,207.2916,305.1413,313.011,487.81,467.54,313.19,303.57,0.0642851,0.0997373
65,83,0.0458803,8.79,0.0009869,1.132411,22.40775,293.5223,271.0377,185.109,245.0252,180.3248,266.48,478.74,258.45,264.12,0.0955851,0.0861127
67,83,0.0593568,7.18,0.0019844,6.126214,31.14427,167.7102,300.4808,146.1161,206.6116,187.8502,217.07,363.84,296.35,237.89,0.1716966,0.0851107
69,83,0.0140695,9.47,0.0010335,0.6315789,25.01132,278.7948,494.4762,217.1894,373.2259,282.8698,447.02,474.29,291.07,288.15,0.1722222,0.0907606
71,83,0.0609887,8.86,0.0019868,4.680672,26.16352,227.6208,489.0862,208.1663,268.0204,247.3914,291.41,468.56,270.64,243.32,0.0574872,0.0834979
77,83,0.0347969,8.56,0.002299,0.670412,19.35769,186.1042,244.7552,180.2025,254.1998,174.0595,273.47,443.98,281.02,235.65,0.1096015,0.0917349
79,83,0.0137267,8.08,0.001161,0.6203008,24.78179,184.9112,213.6752,130.5793,228.9377,194.3904,178.5,342.55,271.18,268.46,0.0414508,0.0910747
81,83,0.0524466,12.35,0.002239,4.960062,28.6205,313.256,400.2745,259.2342,330.4872,269.215,348.35,518.37,321.18,247.7,0.1072257,0.0903812
83,83,0.0265988,8.81,0.0015204,0.769337,31.85896,208.7325,369.2308,172.905,244.0453,181.2737,299.61,405.78,268.22,244.29,0.144208,0.0845222
85,83,0.0411592,7.34,0.0014433,1.024958,21.05484,179.4198,303.3041,176.2976,245.3778,197.5508,253.15,379.57,292.87,237.73,0.1437584,0.1114001
87,83,0.0292305,10.33,0.0014274,0.8468469,24.4748,245.9107,358.8841,169.6209,239.0565,191.9587,460.51,423.38,246.94,220.98,0.1340289,0.0810046
89,83,0.0266806,8.86,0.0010752,1.68984,30.73221,226.8799,429.0329,191.7347,244.6857,213.2268,349.37,454.2,245.14,236.58,0.1002728,0.0715677
91,83,0.028893,13.02,0.0015525,0.6657304,24.80972,225.1704,346.7844,152.7122,233.4371,219.4016,252.89,372.79,232.66,236.8,0.1631944,0.0965079
93,83,0.0292154,7.46,0.0013258,0.5575448,20.23131,172.5838,164.8352,150.431,203.9627,168.2692,236.13,400.01,296.24,219.25,0.1259124,0.0963136
97,83,0.0363496,8.26,0.001453,1.479094,18.66088,257.7053,359.279,197.0111,290.8856,218.5189,272.99,406.88,263.98,248.56,0.0808362,0.0818596
99,83,0.0155948,7.71,0.0014481,0.5437882,25.96327,200.491,359.3293,145.1379,256.4102,216.4197,192.3,409.34,309.86,241.28,0.0071942,0.1370642
101,83,0.0284245,6.83,0.0012437,0.9207547,35.10997,178.1238,305.9441,177.4388,232.2925,191.5415,258.51,385.03,258.9,234.35,0.1090512,0.0804222
105,83,0.0482863,7.6,0.0018039,1.482625,29.8472,261.4068,358.3593,213.3713,254.4529,216.0761,287.2,434.94,187.86,257.38,0.1310471,0.0823588
107,83,0.0489079,7.33,0.0016179,1.507463,25.58458,237.1754,310.4843,177.3808,297.7993,222.3918,315.33,436.58,253.53,253.9,0.1162791,0.0825023
109,83,0.018975,7.85,0.0011082,1.463087,27.82133,202.4292,305.1734,193.9237,262.8666,213.4175,260.93,390.73,288.57,231.19,0.135318,0.0840211
111,83,0.0130077,9.07,0.0008233,0.8260869,19.74314,198.0578,518.6722,172.0127,256.4102,200.636,217.27,312.97,279.89,237.43,0.1100703,0.0736378
113,83,0.0118809,6.23,0.0017654,0.4313346,21.9329,174.8252,320.5128,143.563,201.6129,227.4178,217.1,282.27,262.49,204.33,0.1581395,0.0945418
115,83,0.0018116,16.07,0.0131341,0.3747228,26.15043,168.1778,395.9276,164.8352,264.7715,175.0996,403.8,372.54,260.15,222.93,0.219,0.0813772
117,83,0.0145596,13.25,0.0006807,0.5704989,42.1135,195.9533,368.2488,157.3213,224.9213,189.6613,267.5,353.02,262.5,248.83,0.0434783,0.0796038
119,83,0.0854819,11.28,0.0021472,8.045455,39.30305,319.466,463.805,297.7676,388.9124,282.7672,382.64,552.4,285.54,292.83,0.1482056,0.0882575
123,83,0.0333204,7.17,0.0016855,0.4755102,39.65294,226.5694,365.5435,178.6344,231.696,247.9105,238.02,290.07,250.6,237.32,0.2577488,0.0856528
125,83,0.0264993,11.63,0.0018068,0.7546362,25.20862,196.6783,388.9778,167.4695,270.0951,236.713,245.7,395.59,280.06,234.66,0.0698039,0.0810131
127,83,0.0439535,8.43,0.0007306,1.283333,23.81535,234.013,342.8987,215.311,388.3975,237.4531,263.15,460.15,265.56,250.48,0.073162,0.0816318
129,83,0.0634987,7.57,0.0021786,5.881081,47.00812,252.1794,404.397,190.9223,289.4303,231.2345,377.81,478.89,347.18,261.99,0.0741854,0.0870337
131,83,0.0155024,8.13,0.0008507,0.4126394,26.97345,170.7405,300.4808,173.8375,192.3077,160.6621,231.07,341.47,272.97,187.83,0.426087,0.0940832
133,83,0.0393081,8.25,0.0012042,1.55308,17.21307,212.1246,288.4615,204.7034,219.2761,196.3065,234.02,296.35,247.2,207.75,0.1873214,0.2638173
135,83,0.0516532,7.6,0.0022578,1.985,26.57005,223.7542,350.1638,153.0453,295.6219,245.3266,334.58,467.74,372.43,237.92,0.0627097,0.1408447
137,83,0.017568,6.44,0.0005889,0.3108504,30.40683,261.1586,343.4066,132.626,192.3077,223.6136,125.39,304.74,224.34,242.36,0.0406977,0.0770604
139,83,0.0270391,7.83,0.0016037,1.254386,22.9478,225.0409,341.5301,176.6807,262.2378,214.7766,219.82,399.69,258.84,214.17,0.222597,0.1057264
141,83,0.0907109,10.02,0.0109028,0.2662857,22.36518,186.4802,309.4607,185.4744,227.7328,144.6975,192.62,328.11,272.22,217.24,0.136612,0.0837519
143,83,0.0220282,9.47,0.0009136,0.394309,25.51068,192.3077,274.7253,164.4737,202.4292,104.8951,174.71,355.47,281.77,211.63,0.2916667,0.0762721
145,83,0.0275623,9.26,0.0013203,0.7487437,32.56441,238.6957,441.9279,171.0046,236.6864,185.3568,277.57,370.49,211.86,248.92,0.2945736,0.0824275
147,83,0.05091,8.06,0.0019203,1.432268,25.54766,220.5487,307.7975,179.5487,281.4259,241.1069,301.64,475.57,363.67,260.98,0.0758414,0.1198414
149,83,0.0160101,8.48,0.0016382,0.592437,19.20561,176.4291,341.8803,145.7589,230.1118,165.4873,236.72,381.69,243.71,236.13,0.1878453,0.0671684
151,83,0.0208599,7.67,0.0010962,1.200253,16.21791,262.6228,349.157,179.927,254.4714,234.084,246.62,417.61,219.84,230.55,0.0951854,0.083321
153,83,0.0315881,11.56,0.0012703,0.9475891,23.08889,200,298.2107,166.623,236.9407,203.1717,289.38,406.59,264.87,228.21,0.0994842,0.0815144
155,83,0.0283191,6.62,0.0013892,1.102213,23.48097,201.2909,352.2468,178.2627,280.2651,219.7448,233.38,398.3,290.94,236.03,0.1181888,0.0878873
157,83,0.0314258,6.51,0.0018139,1.492091,26.84217,65.62158,339.8208,175.1782,260.6484,200.246,333.24,408.41,257.19,250.98,0.1003236,0.0822817
159,83,0.0287771,8.26,0.001672,1.953757,16.47048,271.8074,375.3599,214.4736,256.6955,229.2112,309.09,446.54,269.78,258.98,0.0616858,0.0830817
161,83,0.0196418,7.26,0.001348,0.9788733,21.19407,207.9002,388.0538,177.8762,252.157,216.0883,269.98,394.28,217.79,225.56,0.053719,0.0780268
163,83,0.0215107,10.31,0.0013111,0.5279831,24.81863,155.7936,323.4533,179.3618,220.9493,210.1622,243.37,382.82,256.49,220.58,0.0892116,0.0797593
165,83,0.0421413,6.77,0.0016057,1.043887,42.35075,241.1995,392.9507,183.34,274.7253,223.5288,312.58,399.13,281.46,210.48,0.0561883,0.0873818
167,83,0.0183428,6.18,0.0014953,1.237374,24.04489,254.3913,350.9265,195.4652,236.9668,221.5062,267.67,410.83,259.15,243.75,0.0798122,0.0826031
169,83,0.0125903,11.45,0.0009035,0.761062,25.62276,265.402,470.0855,169.7693,244.7552,176.4849,228.4,337.55,267.6,216.5,0.0719603,0.0846753
171,83,0.023208,8.05,0.0013766,1.111317,21.28755,303.5574,329.3459,188.1572,271.989,217.5264,239.64,387.22,237.32,237,0.0710015,0.0816937
173,83,0.0163379,5.11,0.0055788,0.2015209,22.4317,200.9185,339.3665,145.5957,213.6752,176.5325,178.29,326.34,294.74,163.59,0.051948,0.080595
175,83,0.0170197,7.73,0.001566,0.6481482,32.78445,208.706,397.6287,152.4487,272.2164,196.0059,519.36,275.54,258.13,177.68,0.017199,0.0919672
179,83,0.0246299,6.73,0.0015358,1.173709,29.71875,249.1179,286.6473,198.8109,265.252,224.0043,276.09,426.79,296.21,269.37,0.0777847,0.0908315
181,83,0.0605235,6.67,0.0016658,1.51004,21.81735,179.4124,341.9556,227.3073,231.3476,190.4827,260.15,415.95,244.65,221.06,0.0781912,0.0840385
183,83,0.0512834,9.15,0.0019372,3.80445,32.94156,301.584,447.6479,260.8919,328.9689,254.2558,351.78,486.38,332.24,284.93,0.0903235,0.1065255
185,83,0.0105374,6.4,0.0126449,0.3793911,26.29618,161.9433,291.3753,141.8969,226.2443,189.8579,209.47,338.63,272.09,232.48,4,0.0805017
187,83,0.0221291,5.37,0.0010996,0.439759,24.20716,155.9252,360.5769,168.233,240.3846,164.283,234.6,358.55,260.41,209.18,0.1219512,0.0867417
189,83,0.0269621,16.73,0.0020366,1.066879,22.60484,199.4764,341.3746,155.2467,244.8089,201.5231,221.84,374.19,324.96,223.46,0.0584726,0.1564561
191,83,0.036537,7.66,0.001243,1.768953,21.18032,247.7394,348.2187,188.622,259.0191,211.9695,262.82,299.61,282.85,263.3,0.0707991,0.0990734
193,83,0.0220034,7.94,0.0009964,0.7965425,20.1008,232.6596,361.6682,226.0903,293.4129,230.9871,242.12,399.31,265.12,237.99,0.0959471,0.0836757
195,83,0.0573422,9.86,0.0017866,1.719251,27.52601,254.2064,328.992,203.3134,332.2513,262.7839,328.69,419.8,258.78,269.11,0.1181818,0.0863571
197,83,0.0155747,7.77,0.0010729,0.8690476,18.90585,207.1006,317.9891,154.321,254.8656,196.4637,256.19,352.65,345.27,235.9,0.1138614,0.0790195
1,84,0.0347259,6.89,0.0018859,2.34642,26.84235,223.4238,398.8604,200.5629,350.0863,252.4477,281.74,459.17,261.93,264.38,0.0785035,0.0838333
3,84,0.0136621,8.01,0.0006089,1.015444,21.39557,219.0847,340.6593,162.2665,263.6476,228.5922,255.22,376.53,288.05,242.05,0.058997,0.0854993
5,84,0.0138299,5.72,0.0013345,0.4170213,24.15392,183.9465,328.3302,167.2241,209.0301,180.9955,192.17,340.43,259.49,210.56,0.1632653,0.0738631
7,84,0.0223434,8.77,0.0015046,0.4915572,39.47325,297.7668,376.403,187.7682,255.2757,267.3797,247.55,365.41,252.21,243.93,0.2375,0.07906
9,84,0.0143262,10.6,0.0009007,0.544601,22.24659,223.8806,310.559,177.8069,261.3891,208.0251,245.88,318.89,291.72,262.94,0.0844156,0.0752818
11,84,0.0168042,7.16,0.0025506,0.6072875,29.73097,230.9701,360.5769,169.3902,241.7582,209.1609,212.34,340.77,257.89,227.54,0.0516432,0.1024648
13,84,0.0301272,8.89,0.0012138,0.5145279,27.70227,240.3846,320.5128,184.9458,275.454,223.8502,262.75,392.41,294.95,220,0.1587302,0.0751876
15,84,0.016346,7.52,0.0009341,0.3038516,26.60553,160.2564,320.5128,181.0969,336.0717,167.8877,211.47,360.26,281.56,228.24,0.1864407,0.0810798
17,84,0.0179276,7.18,0.0012621,0.3503982,28.1753,165.2644,306.2224,185.4396,259.8753,196.1538,297.23,356.43,249.93,210.43,0.2590909,0.081045
19,84,0.013686,8.16,0.0019476,0.5046512,108.0157,224.4063,552.0565,158.0218,249.2007,223.524,492.51,403.76,206.96,244.75,0.0420842,0.0815946
21,84,0.0384395,8.06,0.0017722,2.52352,29.68316,262.5153,410.6534,207.6434,299.5625,267.4396,333.59,449.82,318.15,245.7,0.0808725,0.0777885
23,84,0.02755,6.07,0.0013643,1.484127,19.88842,246.4914,378.6881,195.5186,294.0042,269.192,300.1,434.54,292.69,253.58,0.0935857,0.0895291
25,84,0.029444,8.15,0.0016528,2.510989,26.46894,269.867,357.3149,204.8394,308.1059,271.6023,284.02,451.92,328.17,290.06,0.0738523,0.0806566
27,84,0.0300368,8.47,0.0014427,1.464968,25.42931,248.6107,371.7335,204.7664,264.0494,251.427,262.51,417.92,232.61,244.82,0.1260141,0.0885769
33,84,0.0141497,8.97,0.0005442,0.5163552,23.88866,184.1244,210.7482,189.9335,300.4808,189.3939,286.18,308.5,315.86,231.99,0.0833333,0.0873203
35,84,0.0404708,7.47,0.0017568,2.800505,29.19857,276.7269,391.1584,232.9108,310.9976,256.5862,291.69,507.4,292.41,264.56,0.1856,0.083153
37,84,0.0196145,12.27,0.0012526,0.4957627,26.88454,231.696,340.7026,194.6593,261.1586,191.8666,260.81,412.53,306.2,254.76,0.1185065,0.0785882
39,84,0.0142249,5.84,0.0010018,0.4424779,22.2462,222.5048,423.0769,162.2074,260.4167,225.4406,229.12,336.72,259.98,211.66,0.1687243,0.0716857
41,84,0.0158939,6.15,0.0017057,0.7142857,30.95895,218.2215,343.8615,203.492,227.4607,197.0366,277.28,437.44,300.26,239.4,0.0904255,0.0703432
45,84,0.0376378,11.19,0.0011813,1.814103,23.50994,246.8317,364.6466,215.1336,257.6084,270.2942,304.42,433.1,287.7,262.89,0.0851499,0.0846924
47,84,0.0296451,5.41,0.0019081,0.5533049,27.24714,310.7411,317.5723,172.8098,321.6296,210.4962,338.1,372.27,242.87,253.39,0.099032,0.0800994
49,84,0.0319024,9.18,0.0015091,1.095578,26.80106,256.096,334.5294,189.2236,274.7253,286.964,277.15,426.83,223.21,239.64,0.1214518,0.1291349
51,84,0.0591762,11.23,0.0014549,3.866058,27.70948,236.6503,336.6864,191.9191,277.6873,236.013,391.47,394.14,302.84,271.62,0.1153507,0.1509761
53,84,0.0138866,7.89,0.0009202,0.5039063,34.98158,226.2443,213.6752,190.5752,320.5128,186.1042,178.1,298.95,294.33,213.61,0.0246914,0.0896802
55,84,0.0504352,10.89,0.0029902,0.4143223,76.22852,252.712,359.4536,153.6227,201.4033,166.4336,252.83,344.46,307.4,259.98,0.0675106,0.0822679
57,84,0.0258322,9.18,0.0013524,2.144161,23.66816,243.992,387.6679,207.7907,281.0865,228.9377,282.14,445.25,257.01,254.89,0.0604357,0.0838488
59,84,0.0160226,9.16,0.0010933,1.007491,28.47488,243.5338,305.9441,214.78,282.2865,250.8361,275.94,369.01,294.77,244.46,0.0786802,0.0805691
61,84,0.0169917,8.36,0.001377,0.5079365,25.9619,190.3553,287.2128,192.7581,279.7203,183.7536,224.45,395.65,267.31,234.12,0.129085,0.0811305
63,84,0.073959,11.82,0.0027058,5.345638,34.55822,280.4191,423.9067,2242.747,321.0301,329.8855,526.28,502.65,334.12,303.51,0.0688875,0.0985009
65,84,0.0481331,11.03,0.0010581,1.144269,24.44519,312.6184,456.0317,187.1591,267.4957,197.996,276.77,493.53,282.02,251.86,0.1136929,0.0839781
67,84,0.0518556,8.97,0.0019539,6.184466,34.22279,181.4223,320.5128,163.1402,234.1137,195.9824,230.79,383.12,324.31,252.91,0.1794507,0.083301
69,84,0.012961,7.05,0.0010856,0.6437247,24.6179,301.2643,477.3975,234.0249,397.1754,304.7247,493.86,502.16,306.26,304.56,0.168639,0.088698
71,84,0.0585782,7.53,0.0019089,4.739496,27.77145,239.1296,506.3149,220.9194,291.1481,255.7552,305.63,494.12,293.9,256.44,0.070304,0.0827011
77,84,0.0352097,9.35,0.0023824,0.6797753,22.15349,200.3205,262.6884,196.4373,261.2876,174.5951,286.36,494.29,303.04,254.73,0.1779425,0.0906859
79,84,0.0115195,6.17,0.0013028,0.6203008,26.21327,200.3205,320.5128,138.2212,274.7253,196.1032,187.83,344.61,301.84,266.81,0.12,0.0879627
81,84,0.048507,12.28,0.0022974,4.993855,30.11059,324.926,416.8689,277.876,348.374,285.6754,369.23,545.6,349.11,260.85,0.1080912,0.0895623
83,84,0.0268714,7.94,0.001552,0.7720994,32.88853,225.5074,395.1528,179.623,265.0858,196.4713,299.92,425.12,285.62,262.52,0.0868613,0.0827011
85,84,0.0354902,7.21,0.0013927,1.031614,23.23684,186.3189,350.328,174.3635,255.3238,211.7389,248.49,390.26,319.46,244.58,0.1780021,0.11023
87,84,0.0299963,10.16,0.0014936,0.8576577,26.70727,249.3904,318.3902,175.537,248.3094,208.2673,509.17,434.2,279.03,238.6,0.1394799,0.0810737
89,84,0.0222881,7.33,0.0012452,1.735294,26.14107,233.7592,454.8454,202.8662,261.0164,224.1036,365.93,470.22,239.28,249.37,0.0639579,0.0715863
91,84,0.0292986,6.11,0.0013828,0.6685393,26.99935,244.0158,364.7215,150.1155,234.5216,218.3542,254.44,380.05,269.88,246.65,0.1133005,0.0943325
93,84,0.0336595,7.15,0.0013138,0.567775,21.97551,196.5188,186.1042,161.57,236.6864,1576.293,250.77,422.1,326.14,239.71,0.1040119,0.0928974
97,84,0.0345321,6.83,0.0015125,1.506969,21.04983,271.5711,374.5246,206.8261,302.2401,233.2407,285.77,427.4,278.19,267.91,0.0757246,0.0808793
99,84,0.0150138,7.79,0.0015087,0.5498981,29.26582,212.3142,379.47,149.0531,259.8753,224.5509,213.98,410.16,322.57,266.11,0.002457,0.1357365
101,84,0.0300807,6.29,0.0012666,0.9433962,26.62699,195.3644,308.4799,183.0125,255.2757,192.7458,270.47,411.33,272.95,252.74,0.0700637,0.0794602
105,84,0.0354481,4.32,0.0018112,1.517375,31.29449,266.0761,381.0208,220.4832,273.5645,231.0493,299.2,422.8,224.87,271.11,0.123872,0.0809147
107,84,0.0479757,8.17,0.0016084,1.50995,26.09953,248.8811,317.7464,185.0436,299.2543,225.571,322.06,465.25,267.39,271.4,0.117291,0.0805014
109,84,0.0193141,8.89,0.0011958,1.493289,24.29875,216.0761,299.5312,207.9002,297.9415,223.0769,269.76,404.44,299.69,265.35,0.1428571,0.0840198
111,84,0.012742,7.42,0.0008947,0.8306636,21.92565,203.9627,535.9395,173.9816,260.3292,210.2804,207.88,333.5,287.97,257.53,0.0491071,0.0724307
113,84,0.0111992,6.56,0.0015679,0.4410058,32.12664,174.8252,325.6824,147.6648,189.3939,227.8906,203.38,301.07,271.21,205.98,0.25,0.0936862
115,84,0.0018815,8.68,0.0150517,0.3813747,29.24986,161.8752,414.4562,181.4412,278.7068,169.4064,421.07,399.74,284.72,238.53,0.219,0.0792498
117,84,0.0188914,13.64,0.0004902,0.5791757,44.83336,218.4104,362.8447,167.8157,256.4102,205.6767,280.25,353.44,266.71,168.37,0.0394191,0.0789394
119,84,0.0868929,7.77,0.0018195,8.210227,48.2923,322.5707,481.1303,310.8814,416.1775,304.6476,406.59,559.18,276.67,323.39,0.1483757,0.0870462
123,84,0.0302041,6.9,0.0015897,0.4836735,30.32751,272.5216,350.9265,187.6665,230.7692,215.5172,245.14,302.68,277.46,253.22,0.3948413,0.0845154
125,84,0.0240551,8.12,0.0019409,0.7717546,29.30406,214.7125,390.2924,169.1162,264.715,254.6597,251.42,404.59,302.37,252.46,0.089698,0.0793613
127,84,0.0448501,11,0.0007105,1.298148,25.97524,247.0551,357.373,245.9039,368.4681,248.0547,275.09,473.44,289.61,267.64,0.0803353,0.0799623
129,84,0.0661003,8.57,0.0023617,5.967567,44.30112,267.1904,388.0305,198.6906,268.1977,245.1966,378.76,513.58,331.63,245.51,0.0724788,0.0856436
131,84,0.0137993,10.83,0.0008062,0.4144982,30.29688,191.4375,309.0659,185.109,240.3846,166.0839,218.68,355.04,298.11,212.35,0.248927,0.0922575
133,84,0.0381837,10.78,0.0012304,1.57405,19.95701,238.588,294.1548,182.3835,216.3462,191.1993,229.11,273.15,267.03,226.87,0.171546,0.2588062
135,84,0.0524006,10.73,0.0023563,2.015,26.98059,247.8192,376.3143,154.5407,313.2933,259.2306,357.21,499.79,390.21,249.35,0.0515386,0.1391885
137,84,0.0106549,12.24,0.0005865,0.3167155,32.49864,240.3846,336.5385,145.1379,98.61933,213.6752,134.89,310.92,247.73,244.49,0.0792079,0.0756287
139,84,0.0295938,8.11,0.0014287,1.276316,24.73193,254.328,372.0394,190.5644,277.0194,216.0419,221.01,414.41,245.61,227.49,0.2305516,0.1038472
141,84,0.0847914,6.39,0.0309556,0.272,38.47195,194.072,316.9907,188.799,235.4788,182.31,104.56,335.39,291.28,232.95,0.3125,0.0825357
143,84,0.0230636,8.67,0.0009185,0.402439,24.76958,226.2443,339.3665,169.4915,207.9002,104.8951,170.88,354.84,288.9,210.9,0.3950617,0.0733963
145,84,0.0232703,10.19,0.0013147,0.7562814,32.50011,243.6478,455.8405,183.843,245.4992,195.9467,283.68,410.88,224.53,255.53,0.2779783,0.0800519
147,84,0.0508713,6.72,0.0020781,1.444444,27.66211,246.4914,326.0869,185.481,301.9832,248.7798,322.27,503.75,395.29,278.06,0.078229,0.1182601
149,84,0.0137135,6.26,0.0011548,0.605042,24.41124,193.6912,368.2488,175.6657,267.094,177.2776,240.5,396.35,263.34,248.05,0.0326087,0.066306
151,84,0.0215881,6.47,0.001172,1.219265,18.74386,284.9003,337.3819,194.1227,276.2833,244.3253,256.7,425.56,235.8,238.41,0.0915344,0.0829835
153,84,0.0301159,8.29,0.0014134,0.9538784,29.82859,202.7027,306.3635,174.2252,254.9936,207.9752,291.32,424.41,281.14,245.35,0.1205502,0.0796601
155,84,0.0284567,7.02,0.0014839,1.111696,23.26064,212.7105,367.5073,180.2568,297.8918,233.4158,239.86,420.32,307.56,253.96,0.1059178,0.0861237
157,84,0.0266499,5.97,0.0018961,1.497364,28.49723,238.9812,350.8655,177.729,277.592,213.3673,340.29,416.93,270.82,264.18,0.0986654,0.0814918
159,84,0.0287943,7.27,0.0015128,1.957611,19.27317,287.372,413.0223,229.1669,272.9394,237.1048,325.67,482.87,290.51,269.95,0.0846995,0.0817429
161,84,0.0171226,7.5,0.0013661,0.9947183,24.24219,2088.468,391.3238,187.6954,264.3837,216.839,283.45,411.18,227.94,255.05,0.0602549,0.0773065
163,84,0.0191925,11.16,0.0013487,0.532207,28.97013,173.1237,364.011,186.0599,237.7622,220.5882,246.81,385.07,280.32,249.7,0.1144578,0.0781132
165,84,0.0408157,8.19,0.0017144,1.056426,31.11365,241.0256,397.6532,189.8125,272.3671,239.937,322.29,412.3,319.89,227.57,0.0414428,0.0852603
167,84,0.0181909,7.07,0.0015243,1.260101,27.32031,260.989,387.6558,209.706,262.9408,230.3305,280.72,425.74,260.71,242.06,0.064554,0.0812268
169,84,0.010994,7.85,0.000771,0.7721239,29.17758,310.4179,491.3589,177.5611,263.4352,187.756,252.31,352.83,283.92,236.18,0.1458333,0.085711
171,84,0.0213532,7.72,0.0014235,1.124304,24.01994,313.4711,340.1235,200.2572,284.2167,222.7678,254.39,402.27,257.84,253.95,0.0635697,0.0808381
173,84,0.010373,11.77,0.0051865,0.2034221,25.84708,137.3626,274.7253,162.4346,206.044,185.9278,176.75,322.4,317.3,172.85,0.106383,0.0785267
175,84,0.0242597,7.09,0.0066001,0.6587301,38.89787,218.9217,426.5981,147.2561,261.1586,201.4324,543.57,289.71,277.29,195.42,0.1056911,0.0906685
179,84,0.0256946,6.77,0.0015131,1.198748,29.31159,257.2601,293.4677,206.7023,283.7327,249.8396,294.87,429.79,322.08,301.5,0.123947,0.0897906
181,84,0.0534929,7.98,0.0016234,1.518072,24.37469,192.7897,333.6846,245.3521,257.4197,212.1544,256.44,430.04,255.11,230.79,0.0942689,0.0835979
183,84,0.0472032,9.02,0.0020187,3.961358,34.47074,329.0887,460.9959,268.7566,358.2219,256.5124,375.09,535.42,364.07,305.88,0.0887404,0.1053948
185,84,0.0151844,6.28,0.0119306,0.3840749,35.21553,149.3652,302.1978,165.8433,226.2443,184.1244,207.52,358.44,294.3,254.31,0.3,0.0779308
187,84,0.024611,16.42,0.0011315,0.436747,25.53147,192.3077,370.7136,169.0932,258.3238,179.3543,215.3,371.12,277.19,221.48,0.1917808,0.085349
189,84,0.0245914,6.66,0.0021129,1.082803,26.88897,212.1641,299.7003,166.2673,253.1088,212.083,245.4,383.51,361.42,235.1,0.0567465,0.1556665
191,84,0.0330351,8.01,0.0011974,1.779783,21.92414,259.9683,356.0601,200.9794,271.9503,216.3792,281.18,313.37,303.18,269.81,0.0714752,0.0965821
193,84,0.0171735,7.82,0.0009761,0.8045213,22.50491,245.1605,385.617,237.3293,324.3165,259.6269,254.5,420.93,268.27,254.88,0.0559512,0.0824713
195,84,0.0551157,11.19,0.0019252,1.727273,28.82286,264.6621,341.1911,212.6847,348.2738,269.8379,354,444.77,272.71,288.35,0.111459,0.0848282
197,84,0.0136619,10.11,0.0011087,0.8720238,22.70475,230.2275,304.8781,170.5955,262.2378,192.6782,268.59,345.9,354.21,246.89,0.1169591,0.0782327
1,85,0.036573,6.55,0.0019244,2.364896,28.14034,243.7562,358.783,206.8827,383.0707,261.0861,298.88,490.43,281.44,288.58,0.0932486,0.0823065
3,85,0.0120346,8.59,0.0006413,1.030888,24.03637,2324.598,338.7238,173.1681,250.1563,257.655,262.06,411.23,312.8,262.84,0.085034,0.084861
5,85,0.0124753,10.04,0.0014822,0.4127659,27.50368,204.918,254.5249,200.157,218.5315,190.6257,192.6,373.06,277.24,242.61,0.278481,0.073643
7,85,0.0245848,11.36,0.0015341,0.4934334,47.00904,291.1915,358.6446,196.3563,268.3363,279.7203,253.55,392.05,277.01,260.93,0.2256214,0.0774562
9,85,0.0133173,9.23,0.0009021,0.5492958,25.17329,256.4102,313.5452,194.7082,277.3669,216.0761,265.99,348.6,316.62,296.99,0.0915493,0.0739364
11,85,0.0141194,7.85,0.0024759,0.6072875,31.62309,229.8311,364.1329,181.2447,303.6437,224.2694,205.47,365.97,282.34,246.76,0.2634731,0.1012548
13,85,0.0349786,7.32,0.0013556,0.5242131,29.29789,246.3054,331.2477,192.8121,280.0598,231.761,270.01,427.7,324.81,244.13,0.0980243,0.0738005
15,85,0.0160135,16.68,0.0008896,0.3052782,67.58157,210.7482,325.0271,193.818,326.9231,172.3187,217.01,380.33,317.34,261.01,0.2857143,0.0782715
17,85,0.0196959,9.69,0.0013673,0.3503982,30.73238,174.8252,299.7003,190.5012,249.7502,201.8889,290.7,377.22,269.76,219.35,0.3444445,0.0796546
19,85,0.0128511,7.85,0.0018741,0.5302325,74.15498,255.5988,582.7787,162.2066,282.1042,221.6631,517.63,426.73,221.33,275.35,0.0538922,0.0808785
21,85,0.0413296,9.88,0.0019133,2.555387,45.85272,262.6341,421.6649,217.641,315.973,283.1928,344.25,460.94,341.47,241.35,0.0888499,0.0767823
23,85,0.0293095,5.66,0.0014041,1.501984,20.91201,240.9932,363.7448,197.8607,315.8677,282.3159,303.81,458.86,319.61,276.75,0.0947047,0.0887623
25,85,0.0305075,6.85,0.0016077,2.532967,29.41294,282.1906,373.2474,204.2759,326.7459,283.324,287.64,464.94,359.48,309.97,0.0718271,0.0794865
27,85,0.0355283,10.31,0.001424,1.492569,25.13492,253.3263,394.5227,205.1357,279.4619,256.4711,268.48,441.35,245.93,273.59,0.1176471,0.087978
33,85,0.0153797,6.87,0.0007805,0.5233645,26.73789,184.9112,258.3238,179.3915,339.3665,190.9438,268.36,341.6,347.11,252.12,0.1166667,0.0851962
35,85,0.0455489,8.76,0.0017862,2.84596,31.64337,296.4233,432.6329,247.0921,316.9907,277.5946,305.48,522.42,314.38,276.38,0.1564361,0.0820833
37,85,0.0207011,6.53,0.0012295,0.5,28.96895,249.6813,366.8763,204.1658,262.7807,198.866,264.78,429.01,334.46,282.73,0.171521,0.0770427
39,85,0.0130587,9.44,0.0011135,0.4469027,23.38863,225.8418,397.878,166.6872,259.2913,222.2652,257.85,270.12,263.75,231.88,0.1365639,0.0712311
41,85,0.0125242,4.69,0.0016235,0.7252747,31.85906,223.9199,329.6703,199.4078,226.2443,208.0373,295.82,438.81,335.9,265.83,0.08,0.0680608
45,85,0.03854,9.04,0.0011813,1.84188,26.95903,260.8386,361.6796,224.4259,273.0827,275.7024,316.28,440.14,319.85,286.45,0.091954,0.0835231
47,85,0.0293452,6.6,0.0020167,0.5554371,29.40129,325.8996,314.5219,174.3941,343.0532,206.7213,355.71,395.27,259.22,280.85,0.1272727,0.0781424
49,85,0.030183,9.8,0.0015352,1.132668,27.05969,272.1943,352.7878,194.6482,282.3409,296.5243,308.93,453.12,245.36,259.39,0.1032064,0.1261602
51,85,0.0712392,9.5,0.0016594,3.888889,31.27144,248.2457,357.412,198.3625,297.1186,241.9481,398.06,403.96,330.91,292.63,0.0966489,0.147533
53,85,0.0170847,5.97,0.0008542,0.5039063,39.17915,238.2573,192.3077,187.2367,262.2378,226.2443,184.33,329.83,331.52,247.14,0.0377358,0.0890676
55,85,0.0635231,8.17,0.0036037,0.4424552,85.93001,265.1632,387.7809,152.1637,225.5074,181.6435,265.83,323.96,335.63,241.74,0.0982049,0.0811983
57,85,0.0259898,7.41,0.0013412,2.164234,27.02995,277.5833,389.0533,215.645,297.2259,232.1913,294.36,477,284.73,280.82,0.0674435,0.0828959
59,85,0.015924,11.69,0.0008765,1.037453,30.28687,265.0177,290.746,214.2559,262.7807,264.038,292.93,416.47,317.99,267.99,0.0712531,0.0803874
61,85,0.0179394,9.64,0.0013649,0.5079365,31.69089,226.4493,309.7574,202.9866,293.0403,186.846,240.67,424.63,294.63,276,0.1288344,0.0794323
63,85,0.0703023,10.09,0.0023205,5.426175,40.89529,301.6998,445.9651,235.2634,337.4126,348.4926,551.96,522.32,368.77,322.55,0.0825388,0.0972633
65,85,0.0603418,8.21,0.0006569,1.156126,26.38083,302.3293,477.289,192.8864,289.1845,203.9307,296.39,516.89,328.55,284.49,0.1216696,0.0816832
67,85,0.0475793,8.54,0.0020049,6.28398,42.60989,191.4752,349.6504,171.7926,249.7502,199.6477,239.01,407.8,344.35,276.6,0.218794,0.0813422
69,85,0.0123078,8.6,0.0011128,0.6639676,27.38272,317.7535,474.1483,245.4301,417.7175,311.38,484.34,512.91,337.24,349.25,0.0641399,0.0866098
71,85,0.0571815,9.16,0.0019111,4.817927,28.14489,250.4188,516.099,224.3537,315.856,264.2565,316.65,503.51,314.95,295.29,0.0818411,0.0818151
77,85,0.0398521,6.82,0.0024011,0.6872659,33.05056,219.7802,256.4102,210.0034,270.4327,165.5396,302.58,510.66,326.79,277.88,0.177814,0.089236
79,85,0.0118946,6.09,0.001153,0.6203008,34.78369,200.6689,274.7253,151.4234,256.4102,204.3269,189.16,362.35,330.86,307.66,0.0949721,0.0853098
81,85,0.0527319,10.64,0.0022705,5.023041,47.62537,345.2739,460.0884,286.5485,377.9385,288.9627,388.63,548.79,377.97,294.39,0.1094184,0.0882898
83,85,0.0289042,8.83,0.0016038,0.7734807,33.52496,242.7491,435.8465,183.9465,282.6691,175.1182,316.41,440.61,317.05,272.35,0.106769,0.0806518
85,85,0.0372284,7.79,0.0014164,1.049917,24.51749,201.858,406.068,185.1409,270.1844,225.5934,282.62,413.49,347.35,274.9,0.150174,0.109063
87,85,0.0302089,9.06,0.0014999,0.863063,29.33097,264.093,381.981,184.3148,273.2522,212.9792,526.8,454.69,310.26,261.64,0.1206897,0.0805624
89,85,0.0268714,6.35,0.0012165,1.770054,28.85487,265.1208,468.1894,205.4814,279.9882,219.0061,395.1,484.28,268.47,273.23,0.0685854,0.0711765
91,85,0.0265877,10.04,0.0014281,0.6713483,27.81343,265.252,384.6154,173.5391,237.4169,246.313,276.26,414.98,291.03,264.93,0.1405405,0.0921553
93,85,0.0313736,5.29,0.0013776,0.5780051,24.93946,161.216,206.044,157.1386,222.9654,164.283,240.03,426.52,352.66,258.48,0.180602,0.0901013
97,85,0.035918,6.46,0.0015471,1.522648,23.34746,272.8306,380.8073,212.7055,311.5188,240.7577,299.04,455.85,301.6,303.64,0.085485,0.0797813
99,85,0.0132968,5.45,0.0015714,0.5498981,33.76451,232.8569,403.4427,151.2232,278.5146,223.8444,249.41,425.56,354.15,247.12,0.0185185,0.1341441
101,85,0.0315835,6.3,0.0013649,0.9672956,30.86513,209.1238,349.6504,197.0282,271.0377,199.0399,286.11,437.51,308.15,273.54,0.0643974,0.0784658
105,85,0.0445928,6.91,0.0018347,1.567568,34.21838,270.7316,381.6223,218.4174,291.7556,243.5438,327.46,443.68,224.4,299.95,0.1225144,0.0791262
107,85,0.0451353,6.81,0.0016232,1.504975,28.94897,257.4442,331.565,189.1611,318.89,230.0151,338.74,476.2,291.24,295.24,0.1283644,0.0785185
109,85,0.0199467,13.45,0.0010831,1.533557,26.42612,236.3299,300.6012,213.143,316.2106,220.0021,283.77,428.91,337.29,279.22,0.2093023,0.0836018
111,85,0.0144764,6.52,0.0009594,0.8306636,24.46247,215.9763,541.8193,176.0974,278.2324,224.9428,224.77,365.66,311.63,278.78,0.0448065,0.0711781
113,85,0.0115498,4.69,0.001537,0.4468085,55.25554,259.8753,369.2308,157.0513,198.4127,247.881,246.44,322.69,297.46,202.49,0.206422,0.0927476
115,85,0.0047949,7,0.0165157,0.3813747,30.33987,182.2524,460.0663,194.549,294.7782,201.4652,437.69,426.78,304.59,254.57,0.5,0.0771637
117,85,0.0177404,9.9,0.0005229,0.5791757,49.81863,232.818,332.3837,166.1645,274.7253,204.7535,300.57,384.94,290.19,283.43,0.0969977,0.0782115
119,85,0.0874663,6.41,0.0018105,8.395833,51.41667,347.6481,509.5136,328.2206,442.7392,314.8165,430.09,560.88,290.48,335.73,0.1507814,0.0853628
123,85,0.0321128,6.16,0.0017677,0.4857143,39.08851,285.5613,373.9316,187.3375,254.7122,232.0955,258.3,332.48,290.16,271.02,0.2759197,0.0834453
125,85,0.0230652,9.05,0.001889,0.7831669,32.02308,228.8868,404.1493,172.8721,250.1112,286.1283,269.41,440.95,327.37,272.42,0.081488,0.0777309
127,85,0.0258142,9.76,0.0012234,1.312963,28.12119,250.6091,362.8986,252.2031,381.2758,258.6901,298.96,492.38,301.97,293.67,0.0560561,0.0781521
129,85,0.070914,7.7,0.0024624,6.07027,69.40868,270.7781,396.9059,209.2001,305.059,255.3557,397.71,535.23,356.92,290.48,0.0638561,0.0842557
131,85,0.0144598,7.45,0.0009972,0.4163569,33.90083,211.7149,320.5128,193.7757,280.4487,174.4647,233.67,380.36,326.04,241.05,0.1809955,0.0900933
133,85,0.0517775,8.71,0.001546,1.608126,22.58288,235.8491,308.793,181.2296,233.6667,197.7114,241.89,315.65,290.75,257.38,0.1477531,0.254405
135,85,0.0517818,8.21,0.0023066,2.065,29.15432,271.8334,376.3106,162.2506,340.2661,272.4596,372.98,514.29,437.55,281.99,0.0429814,0.1373685
137,85,0.0108666,4.22,0.0005525,0.3225806,34.96,284.9003,329.6703,150.8925,147.929,265.9575,145.9,336.29,255.84,277.11,0.0442478,0.0742574
139,85,0.0362156,7.72,0.0013107,1.289474,27.62038,263.9517,400.1032,192.8651,287.8618,227.3517,236.4,454.11,274.52,240.25,0.2396694,0.10175
141,85,0.0609911,7.01,0.0355781,0.2788571,29.11382,198.5112,345.7217,185.8188,228.6175,196.0161,212.23,372.85,317.39,253.57,0.0434783,0.0809816
143,85,0.0174132,9.12,0.0009059,0.4186992,21.19813,240.3846,349.6504,174.216,234.5216,123.5004,172.75,365.58,312.82,230.28,0.5043478,0.0709927
145,85,0.0271005,7.27,0.00136,0.7613065,35.82109,258.4372,493.624,186.144,262.8666,201.2839,303.67,423.04,252.77,291.22,0.2765625,0.077668
147,85,0.0525701,5.9,0.0021873,1.459665,32.27996,264.9244,353.0032,199.1874,312.3173,255.2561,345.29,522.72,424.3,301.37,0.0792428,0.1167678
149,85,0.0136124,12.18,0.0015737,0.605042,26.60532,222.5048,368.2488,171.455,266.5651,186.9123,261.07,404.81,285.31,268.83,0.0484849,0.0651693
151,85,0.0255308,6.78,0.0012724,1.234474,21.09936,308.144,372.7608,200.0629,298.1774,251.727,271.33,451.23,254.39,274.51,0.1102041,0.082165
153,85,0.0282947,9.39,0.0013588,0.9685535,27.72656,221.199,330.852,179.3445,252.7756,224.6247,303.36,449.78,310.3,268.14,0.1516503,0.0779838
155,85,0.0311808,6.7,0.0014767,1.118019,32.55385,219.5752,371.0685,186.3991,310.0581,243.4125,246.62,421.09,331.19,282.83,0.1166102,0.0844781
157,85,0.0274601,6.84,0.0019489,1.502636,31.30051,261.0227,368.6036,185.7407,286.3465,216.4917,348.45,439.07,272.41,294.85,0.102262,0.0805256
159,85,0.031777,8.55,0.0018555,1.996146,21.34924,295.6549,426.9269,237.919,286.9023,237.5672,329.28,486.7,306.07,304.54,0.0720472,0.0803248
161,85,0.0198354,6.08,0.0012619,1.003521,27.42254,237.9064,364.2058,191.6003,260.7042,218.5552,290.25,434.11,244.87,272.77,0.0909091,0.07643
163,85,0.0203012,8.27,0.0012899,0.532207,30.99583,185.8436,407.4921,186.5941,242.2196,229.8568,257.05,404,301.06,265.54,0.0871413,0.0766543
165,85,0.0440056,6.38,0.0016937,1.053292,33.27475,257.5549,429.9562,187.1451,283.0189,251.5067,340.18,420.19,338.17,261.24,0.0475162,0.0839384
167,85,0.021896,7.55,0.0015482,1.267677,28.31809,290.7829,370.8791,215.9003,278.9956,235.0176,304.5,442.48,286.02,269.77,0.0792864,0.079819
169,85,0.0092151,10.39,0.0007703,0.7831858,32.22691,354.6099,529.661,184.4418,303.6437,193.9703,280.56,381.72,303.2,282.85,0.0912162,0.0861124
171,85,0.0235205,10.44,0.0014,1.12987,27.83577,325.3195,351.4938,210.1768,302.5065,232.7767,257.61,441.14,292.82,266.76,0.0530973,0.0798949
173,85,0.0047703,12.24,0.0035149,0.2034221,28.9306,169.6833,174.8252,161.9242,250.8361,186.2078,193.28,368.03,335.98,215.44,0.027027,0.0766049
175,85,0.0189785,6.22,0.0016049,0.6772487,40.80094,230.4341,442.5262,153.1654,273.7226,219.106,576.33,322.11,313.53,237.82,0.1077283,0.0889608
179,85,0.0277412,8.98,0.0014929,1.223787,35.31148,281.381,312.6681,220.4755,304.6896,240.9706,311.82,440.2,344.84,332.14,0.1483146,0.0888013
181,85,0.0470632,6.82,0.0016183,1.538153,24.14048,202.6893,335.2152,255.1234,283.2439,205.0495,262.5,444.74,277.9,253.22,0.1004963,0.0828185
183,85,0.0480699,7.44,0.0020255,4.147541,40.55433,370.8016,476.4781,281.1547,390.696,278.8949,407.7,557.44,403.75,315.94,0.0895382,0.103967
185,85,0.0078125,6.58,0.0136719,0.3840749,32.34632,183.1502,302.1978,155.3254,247.2527,190.4037,221.28,382.19,320.79,256.44,3,0.0753613
187,85,0.0254524,12.72,0.0012506,0.439759,37.27805,224.7752,334.4482,158.4284,266.2722,191.3008,215.4,385.07,307.97,241.38,0.2627737,0.0836146
189,85,0.0271844,8.31,0.0019502,1.089172,29.19147,215.0645,289.5753,165.819,281.6221,218.1758,251.01,406.16,407.5,247.37,0.036036,0.1545936
191,85,0.0345692,8.53,0.0012113,1.783394,23.63343,287.1144,363.7343,213.2225,291.8956,212.8885,276.29,333.61,327.01,293.95,0.0805825,0.0939839
193,85,0.0180945,7.93,0.0010006,0.8085107,24.77798,257.2078,398.3154,256.9071,361.1236,279.1209,263.98,436.96,287.89,291.84,0.0742574,0.0812092
195,85,0.0236432,12.49,0.0042988,1.721925,36.02775,279.4814,340.6775,216.4476,365.8724,278.1635,362.04,459.44,283.4,309.1,0.2716763,0.0831767
197,85,0.0130857,5.96,0.0010541,0.875,24.12361,253.0364,283.4008,171.6738,271.7391,207.2574,279.17,357.84,354.78,275.01,0.0810811,0.0772219
