"popularity","acousticness","danceability","energy","instrumentalness","liveness","loudness","speechiness","valence","music_genre"
32,0.0067,0.714,0.747,0.0553,0.623,-5.696,0.0504,0.962,"Blues"
52,0.0417,0.834,0.464,0,0.0971,-8.08,0.338,0.786,"Hip-Hop"
31,0.449,0.373,0.443,0,0.191,-6.631,0.0276,0.319,"Blues"
0,0.918,0.19,0.156,6.9e-06,0.185,-15.438,0.032,0.199,"Jazz"
50,0.0138,0.596,0.869,0.000616,0.072,-6.526,0.0302,0.924,"Country"
46,0.916,0.491,0.154,0,0.163,-13.706,0.0839,0.36,"Blues"
42,0.631,0.198,0.49,0.904,0.16,-10.245,0.0347,0.0757,"Electronic"
65,0.0959,0.825,0.796,0,0.434,-5.537,0.101,0.7,"Hip-Hop"
45,0.00153,0.205,0.956,0.000119,0.099,-6.37,0.142,0.186,"Classical"
54,0.00057,0.264,0.882,0.111,0.283,-4.362,0.0795,0.766,"Blues"
51,0.139,0.8,0.672,0,0.303,-4.939,0.165,0.324,"Rap"
0,0.981,0.201,0.167,0.958,0.141,-13.539,0.0363,0.105,"Classical"
63,0.122,0.567,0.539,0,0.11,-11.203,0.169,0.429,"Rap"
44,0.000744,0.483,0.949,1.9e-05,0.056,-3.388,0.0583,0.299,"Anime"
30,0.337,0.561,0.633,0.0148,0.438,-6.044,0.039,0.351,"Jazz"
48,0.00121,0.688,0.557,0.897,0.26,-11.458,0.0694,0.0696,"Alternative"
41,0.0183,0.529,0.585,7.97e-06,0.348,-12.573,0.0284,0.958,"Country"
19,0.374,0.479,0.394,0.85,0.0924,-9.406,0.0291,0.101,"Anime"
59,0.243,0.648,0.717,0,0.0657,-8.872,0.0323,0.965,"Country"
35,0.326,0.568,0.893,0.0535,0.0674,-11.128,0.0336,0.927,"Blues"
52,0.000126,0.626,0.791,0.0219,0.439,-2.734,0.0721,0.433,"Alternative"
25,0.0769,0.636,0.903,0,0.0903,-4.014,0.0745,0.494,"Rock"
36,0.975,0.135,0.0157,0.917,0.0837,-22.789,0.0367,0.0553,"Classical"
38,0.000656,0.63,0.948,0.000504,0.0678,-4.557,0.154,0.808,"Electronic"
77,0.00148,0.613,0.953,0.000582,0.152,-3.435,0.0855,0.537,"Rock"
35,0.995,0.45,0.00375,0.917,0.108,-31.773,0.0545,0.0817,"Classical"
31,0.383,0.47,0.514,0.000371,0.116,-8.043,0.0303,0.697,"Blues"
52,0.0146,0.683,0.9,0.0706,0.296,-7.506,0.105,0.616,"Blues"
42,0.0671,0.612,0.863,0,0.11,-2.124,0.0379,0.618,"Alternative"
58,0.0159,0.555,0.924,0,0.075,-4.93,0.0604,0.865,"Rock"
61,0.369,0.518,0.913,0,0.289,-10.616,0.0559,0.774,"Country"
31,0.0171,0.606,0.817,0.258,0.137,-5.666,0.0331,0.369,"Blues"
53,0.413,0.876,0.574,0.000184,0.19,-5.442,0.0694,0.647,"Electronic"
12,0.616,0.4,0.678,0.946,0.0864,-7.17,0.0445,0.582,"Anime"
40,0.193,0.684,0.871,7.91e-05,0.164,-7.095,0.0343,0.631,"Country"
52,0.041,0.852,0.643,0,0.295,-8.429,0.307,0.572,"Rap"
23,0.285,0.455,0.639,0.0322,0.11,-8.948,0.0533,0.256,"Anime"
57,0.0117,0.361,0.872,0,0.318,-4.312,0.0392,0.578,"Rock"
53,1.86e-05,0.728,0.599,0.699,0.145,-8.85,0.0668,0.541,"Electronic"
74,0.484,0.71,0.404,0,0.0953,-10.04,0.379,0.398,"Rap"
46,0.296,0.696,0.59,0,0.384,-6.553,0.054,0.375,"Alternative"
58,0.319,0.388,0.368,2.02e-06,0.0992,-10.984,0.0289,0.175,"Rock"
58,0.0964,0.679,0.592,0.0138,0.16,-5.963,0.0402,0.55,"Rock"
35,0.861,0.558,0.545,0.0177,0.144,-6.481,0.0384,0.317,"Blues"
45,0.0068,0.51,0.665,0,0.0857,-6.6,0.0268,0.417,"Alternative"
45,0.117,0.841,0.652,0.831,0.101,-6.058,0.0308,0.943,"Jazz"
56,0.0469,0.542,0.744,0,0.194,-7.1,0.376,0.379,"Hip-Hop"
41,0.138,0.671,0.797,0,0.569,-4.707,0.23,0.802,"Country"
53,0.761,0.638,0.407,0.212,0.126,-11.3,0.0265,0.285,"Jazz"
63,0.305,0.536,0.792,0.69,0.105,-7.217,0.0305,0.706,"Blues"
34,0.00511,0.735,0.654,0.0137,0.358,-1.999,0.463,0.613,"Electronic"
62,0.00257,0.348,0.855,0.0176,0.248,-4.423,0.0483,0.161,"Rock"
61,0.0891,0.784,0.795,0,0.326,-4.159,0.225,0.504,"Hip-Hop"
33,0.51,0.218,0.104,0.692,0.0688,-22.809,0.047,0.0329,"Classical"
64,0.279,0.532,0.462,0.196,0.101,-10.71,0.03,0.485,"Rock"
59,0.0626,0.552,0.673,0.194,0.268,-10.4,0.0531,0.101,"Rap"
52,0.000416,0.557,0.862,0.000316,0.0577,-4.029,0.0637,0.531,"Alternative"
44,0.468,0.544,0.301,0,0.127,-11.091,0.0352,0.226,"Country"
55,0.272,0.977,0.334,0,0.109,-7.983,0.121,0.137,"Rap"
43,0.159,0.646,0.719,0.000432,0.0758,-7.192,0.0685,0.71,"Alternative"
48,0.7,0.687,0.505,4.19e-06,0.0748,-8.349,0.026,0.885,"Country"
57,0.0986,0.735,0.355,0.158,0.0534,-13.711,0.0329,0.449,"Rock"
57,0.27,0.568,0.329,0.00644,0.718,-10.638,0.0297,0.412,"Country"
51,0.154,0.805,0.848,0,0.54,-5.193,0.29,0.351,"Hip-Hop"
33,0.0378,0.81,0.793,1.82e-06,0.072,-9.404,0.0403,0.863,"Electronic"
46,0.102,0.563,0.684,0.00065,0.283,-7.413,0.253,0.501,"Alternative"
34,0.000428,0.549,0.997,0.915,0.686,-2.215,0.114,0.356,"Electronic"
40,0.982,0.591,0.198,0.869,0.0795,-20.874,0.0313,0.484,"Classical"
74,0.275,0.504,0.821,0,0.0418,-3.356,0.0598,0.458,"Rock"
47,0.146,0.453,0.57,0.00292,0.0962,-7.08,0.0489,0.0773,"Alternative"
38,0.0335,0.616,0.966,0,0.363,-6.542,0.321,0.499,"Anime"
32,0.019,0.8,0.803,4.5e-06,0.199,-4.085,0.156,0.488,"Electronic"
41,0.735,0.472,0.528,0.384,0.0994,-13.356,0.0409,0.214,"Electronic"
0,0.96,0.261,0.105,0.872,0.169,-21.878,0.0364,0.151,"Classical"
50,0.00187,0.59,0.823,0,0.375,-4.606,0.0394,0.571,"Alternative"
52,0.133,0.867,0.618,1.8e-06,0.128,-4.956,0.0614,0.857,"Hip-Hop"
24,0.986,0.389,0.164,0.93,0.127,-21.454,0.0363,0.394,"Anime"
60,0.473,0.499,0.61,0,0.0722,-5.11,0.135,0.436,"Hip-Hop"
64,0.00165,0.519,0.78,2.14e-05,0.156,-4.939,0.0356,0.166,"Rock"
38,0.975,0.229,0.0723,0.000176,0.087,-17.46,0.0402,0.0738,"Jazz"
48,0.00873,0.737,0.625,0,0.628,-8.067,0.0297,0.504,"Country"
54,0.741,0.695,0.452,0,0.164,-8.143,0.0424,0.424,"Alternative"
32,0.984,0.31,0.207,0.923,0.0924,-22.729,0.0336,0.282,"Classical"
28,0.928,0.188,0.193,0.916,0.0924,-23.183,0.0486,0.0316,"Anime"
54,0.861,0.278,0.141,0.002,0.382,-13.719,0.031,0.176,"Jazz"
66,0.0859,0.733,0.578,1.19e-06,0.403,-5.245,0.0417,0.447,"Rap"
48,0.0206,0.966,0.706,0,0.0684,-6.179,0.219,0.537,"Hip-Hop"
57,0.159,0.8,0.467,0,0.653,-9.974,0.45,0.307,"Rap"
56,0.452,0.705,0.848,0,0.227,-6.056,0.0415,0.691,"Electronic"
64,0.0174,0.75,0.906,0,0.0551,-5.028,0.0477,0.562,"Hip-Hop"
53,0.0136,0.356,0.91,0.00601,0.333,-4.85,0.141,0.063,"Alternative"
45,8.52e-05,0.513,0.978,0.00108,0.174,-2.811,0.0744,0.545,"Alternative"
62,0.274,0.699,0.747,0,0.486,-3.453,0.0964,0.683,"Hip-Hop"
54,0.00727,0.613,0.762,0,0.188,-4.679,0.0359,0.743,"Jazz"
38,0.889,0.34,0.386,0.905,0.252,-16.785,0.0378,0.234,"Anime"
33,0.974,0.183,0.0678,0.896,0.246,-23.635,0.0444,0.0386,"Classical"
51,0.0351,0.518,0.87,0.00707,0.255,-4.933,0.098,0.661,"Alternative"
26,0.00456,0.531,0.742,0.232,0.0772,-8.983,0.0738,0.102,"Electronic"
64,0.219,0.711,0.678,0,0.176,-6.398,0.0476,0.615,"Rap"
41,0.0458,0.704,0.928,0,0.345,-3.422,0.0443,0.961,"Alternative"
46,0.864,0.396,0.32,0,0.599,-13.211,0.0413,0.713,"Jazz"
15,0.000272,0.529,0.84,0,0.331,-4.144,0.0317,0.484,"Anime"
12,0.947,0.256,0.382,0.000123,0.144,-8.831,0.0356,0.112,"Anime"
47,0.0619,0.368,0.619,0.0476,0.145,-6.633,0.0308,0.0878,"Alternative"
53,0.000128,0.378,0.975,0.0018,0.204,-6.447,0.055,0.457,"Alternative"
42,0.875,0.644,0.353,0,0.14,-10.562,0.0357,0.645,"Country"
39,0.121,0.521,0.686,0.474,0.577,-5.532,0.046,0.381,"Alternative"
35,0.0211,0.717,0.856,0.278,0.0756,-8.993,0.0629,0.767,"Blues"
9,0.955,0.261,0.0384,0.647,0.128,-28.173,0.0449,0.0445,"Classical"
57,0.571,0.451,0.573,0.00744,0.172,-8.277,0.0303,0.087,"Rap"
61,0.131,0.245,0.64,8.11e-06,0.0766,-7.426,0.0608,0.105,"Alternative"
63,0.00369,0.64,0.922,0.055,0.332,-6.283,0.0385,0.716,"Alternative"
36,0.00709,0.548,0.902,0.648,0.286,-6.275,0.0329,0.549,"Classical"
42,0.0938,0.434,0.78,0.205,0.159,-11.097,0.0346,0.929,"Blues"
48,0.0224,0.532,0.596,0,0.134,-6.512,0.0282,0.418,"Country"
36,0.0077,0.293,0.726,0.108,0.106,-7.038,0.0373,0.28,"Electronic"
56,0.000349,0.684,0.906,0.55,0.103,-6.661,0.0775,0.555,"Rock"
62,0.354,0.715,0.775,0,0.144,-6.613,0.0433,0.803,"Rock"
46,0.976,0.232,0.142,0.384,0.463,-23.275,0.0573,0.0786,"Classical"
10,0.8,0.556,0.124,0.00191,0.105,-18.068,0.0372,0.0386,"Anime"
36,0.568,0.608,0.751,0,0.116,-7.297,0.0341,0.607,"Country"
62,0.712,0.547,0.679,0,0.154,-6.374,0.383,0.558,"Hip-Hop"
22,0.969,0.103,0.00216,0.00363,0.0706,-37.562,0.0453,0.0288,"Classical"
69,0.0679,0.901,0.529,0,0.536,-7.94,0.413,0.343,"Rap"
64,9.25e-05,0.503,0.96,0.578,0.274,-2.672,0.0626,0.489,"Rock"
59,0.57,0.653,0.525,0,0.141,-7.446,0.0414,0.633,"Country"
75,0.432,0.778,0.578,0,0.138,-7.22,0.274,0.758,"Hip-Hop"
58,0.35,0.83,0.774,0,0.175,-5.158,0.0902,0.61,"Hip-Hop"
59,0.151,0.823,0.564,0,0.122,-6.617,0.116,0.348,"Hip-Hop"
68,0.207,0.9,0.831,2.53e-06,0.0963,-5.392,0.198,0.661,"Hip-Hop"
56,0.345,0.593,0.294,2.03e-05,0.287,-10.072,0.0499,0.152,"Alternative"
32,0.995,0.233,0.0421,0.906,0.138,-32.325,0.0431,0.259,"Classical"
37,0.838,0.373,0.518,8.52e-06,0.106,-8.622,0.0406,0.419,"Jazz"
67,0.00214,0.891,0.525,0,0.0887,-7.666,0.214,0.15,"Rap"
37,0.912,0.118,0.251,0.0675,0.113,-15.9,0.034,0.111,"Classical"
55,0.0204,0.816,0.732,2.58e-05,0.172,-6.288,0.0457,0.306,"Hip-Hop"
58,0.0566,0.694,0.504,0,0.178,-6.881,0.131,0.605,"Hip-Hop"
48,0.996,0.451,0.0287,0.927,0.0779,-33.021,0.052,0.221,"Classical"
50,0.0258,0.874,0.66,0.000128,0.187,-6.699,0.0545,0.845,"Jazz"
63,0.141,0.761,0.683,0,0.342,-10.889,0.164,0.671,"Jazz"
34,8.52e-05,0.632,0.981,0.367,0.885,-4.291,0.148,0.606,"Electronic"
16,0.279,0.661,0.571,0.0509,0.459,-8.987,0.033,0.499,"Anime"
32,0.989,0.112,0.0863,0.935,0.117,-22.493,0.0418,0.157,"Classical"
34,0.985,0.36,0.0813,0.872,0.107,-25.994,0.0448,0.27,"Classical"
45,0.00952,0.655,0.466,0,0.0751,-8.758,0.0511,0.638,"Alternative"
29,0.995,0.0786,0.0609,0.0104,0.106,-24.484,0.0436,0.0392,"Classical"
50,0.584,0.769,0.534,0,0.138,-6.502,0.0478,0.123,"Hip-Hop"
36,0.344,0.574,0.254,0,0.39,-13.253,0.0279,0.382,"Country"
32,0.0455,0.473,0.951,0.0258,0.58,-5.105,0.134,0.546,"Electronic"
36,0.911,0.375,0.185,0.103,0.0741,-15.758,0.0427,0.137,"Classical"
25,0.000315,0.415,0.817,0.136,0.11,-11.947,0.0404,0.938,"Blues"
67,0.049,0.707,0.712,0,0.136,-6.506,0.0655,0.248,"Rap"
14,0.0166,0.654,0.941,8.66e-06,0.12,-3.195,0.0733,0.684,"Anime"
45,0.948,0.57,0.241,0.0224,0.111,-12.138,0.0473,0.543,"Blues"
29,0.314,0.632,0.764,0.0388,0.133,-10.139,0.0515,0.935,"Blues"
38,0.496,0.609,0.424,0,0.101,-7.762,0.0268,0.312,"Country"
37,0.493,0.451,0.653,0.000253,0.573,-14.27,0.0433,0.54,"Blues"
40,0.007,0.442,0.78,0,0.167,-5.576,0.0479,0.666,"Blues"
58,0.153,0.829,0.457,1.23e-05,0.0772,-10.91,0.0729,0.257,"Hip-Hop"
22,0.00034,0.404,0.942,0,0.188,-4.035,0.0745,0.661,"Anime"
41,0.0451,0.815,0.665,0.105,0.0635,-7.51,0.0695,0.387,"Electronic"
55,0.0202,0.731,0.839,0,0.136,-6.185,0.0461,0.716,"Rock"
28,0.707,0.619,0.455,2.93e-05,0.268,-9.183,0.0525,0.749,"Blues"
63,0.274,0.727,0.68,0,0.31,-11.297,0.0445,0.683,"Rock"
0,0.984,0.19,0.131,0.641,0.11,-20.114,0.0486,0.0712,"Classical"
46,0.759,0.418,0.322,0,0.109,-8.189,0.0437,0.335,"Country"
64,0.000637,0.499,0.81,0.0748,0.0625,-5.579,0.0347,0.288,"Rock"
37,0.995,0.467,0.00291,0.947,0.0745,-39.99,0.331,0.205,"Classical"
26,0.995,0.325,0.00536,0.917,0.0721,-30.453,0.0419,0.063,"Classical"
46,6.35e-06,0.282,0.97,0.358,0.385,-4.086,0.18,0.0391,"Alternative"
45,0.00592,0.701,0.659,0.218,0.12,-5.364,0.102,0.42,"Electronic"
39,0.0128,0.308,0.548,0.135,0.112,-8.041,0.045,0.0764,"Classical"
47,0.00894,0.758,0.521,0.113,0.301,-7.138,0.0408,0.0874,"Rap"
60,0.0629,0.385,0.808,0,0.33,-6.67,0.045,0.546,"Country"
41,0.0764,0.568,0.81,0,0.161,-4.17,0.0334,0.489,"Anime"
29,0.00415,0.523,0.99,0.781,0.257,-2.923,0.139,0.372,"Electronic"
38,0.02,0.476,0.906,7.25e-06,0.138,-7.026,0.0615,0.575,"Alternative"
54,0.281,0.674,0.496,0.929,0.11,-14.709,0.0357,0.398,"Electronic"
60,0.129,0.71,0.632,2.92e-06,0.212,-7.051,0.0822,0.218,"Rap"
56,0.0103,0.878,0.741,0.000148,0.104,-3.908,0.219,0.627,"Hip-Hop"
42,0.107,0.809,0.931,0.000497,0.261,-5.606,0.0458,0.828,"Jazz"
78,0.0571,0.824,0.595,3.7e-06,0.0876,-6.346,0.091,0.157,"Rap"
59,0.645,0.782,0.561,0,0.112,-6.031,0.0493,0.663,"Hip-Hop"
73,0.425,0.368,0.592,0,0.0849,-4.317,0.0385,0.451,"Rock"
44,0.00124,0.564,0.656,3.57e-06,0.107,-6.014,0.0306,0.547,"Country"
62,0.134,0.286,0.5,4.57e-05,0.108,-14.281,0.0357,0.443,"Rock"
63,0.000841,0.65,0.903,0.000351,0.122,-3.677,0.0314,0.409,"Rock"
37,0.00177,0.68,0.695,3.83e-06,0.0824,-6.807,0.0254,0.849,"Country"
34,0.548,0.537,0.435,0.027,0.107,-10.762,0.0868,0.227,"Blues"
57,0.152,0.757,0.772,0,0.559,-5.081,0.0577,0.218,"Rap"
40,0.965,0.594,0.173,0.004,0.117,-15.143,0.0381,0.219,"Jazz"
56,0.496,0.675,0.397,5.66e-06,0.333,-7.675,0.0413,0.322,"Alternative"
43,0.00633,0.431,0.89,0.0054,0.316,-1.763,0.0336,0.754,"Blues"
60,0.525,0.722,0.519,0.000494,0.105,-10.018,0.229,0.655,"Hip-Hop"
47,0.0194,0.783,0.781,0.128,0.0299,-5.39,0.0481,0.862,"Electronic"
41,0.575,0.646,0.311,0,0.105,-10.662,0.0316,0.285,"Country"
54,0.351,0.271,0.486,0.156,0.0894,-11.956,0.0407,0.31,"Alternative"
54,0.000128,0.619,0.916,0.183,0.121,-4.214,0.0459,0.743,"Alternative"
58,0.423,0.469,0.717,0.00147,0.128,-4.972,0.187,0.272,"Hip-Hop"
49,0.0943,0.514,0.884,1.52e-06,0.0654,-3.765,0.151,0.898,"Alternative"
38,0.221,0.551,0.772,0.0152,0.124,-8.278,0.0865,0.222,"Electronic"
26,0.00979,0.632,0.966,0.000699,0.254,-3.101,0.0892,0.624,"Anime"
43,0.991,0.203,0.0174,0.908,0.113,-26.688,0.0412,0.0348,"Classical"
24,0.953,0.302,0.244,0.898,0.156,-13.52,0.0357,0.105,"Anime"
63,0.00503,0.832,0.291,0,0.0796,-9.272,0.31,0.289,"Rap"
38,0.262,0.721,0.535,0,0.0957,-6.722,0.034,0.651,"Country"
53,0.238,0.478,0.727,0,0.157,-5.375,0.0494,0.372,"Country"
36,0.0062,0.605,0.992,0.909,0.454,-5.074,0.0606,0.555,"Electronic"
59,0.131,0.681,0.719,1.65e-06,0.113,-5.918,0.0248,0.637,"Country"
37,0.122,0.767,0.63,0.031,0.0956,-6.976,0.334,0.225,"Electronic"
50,0.0728,0.691,0.913,0,0.464,-5.946,0.0381,0.831,"Rock"
36,0.292,0.18,0.463,0.818,0.846,-14.566,0.0399,0.357,"Blues"
53,0.000116,0.564,0.968,3.97e-05,0.226,-3.75,0.0631,0.352,"Rap"
42,0.0851,0.409,0.454,0.000128,0.95,-5.009,0.0326,0.12,"Country"
64,0.853,0.313,0.426,0.00037,0.181,-9.049,0.0435,0.107,"Hip-Hop"
67,0.229,0.883,0.897,0.0011,0.11,-1.02,0.108,0.258,"Hip-Hop"
21,0.197,0.657,0.944,0,0.328,-4.826,0.0446,0.641,"Anime"
28,0.964,0.193,0.0436,0.887,0.113,-27.161,0.0595,0.364,"Classical"
63,0.000855,0.7,0.721,0.00112,0.257,-7.296,0.0447,0.0378,"Rap"
0,0.992,0.47,0.00402,0.886,0.096,-34.058,0.059,0.268,"Classical"
69,0.0353,0.652,0.719,0,0.108,-7.251,0.033,0.24,"Rock"
50,0.0695,0.589,0.59,3.28e-06,0.114,-8.709,0.132,0.589,"Hip-Hop"
32,0.194,0.593,0.608,1.66e-06,0.219,-8.378,0.0344,0.525,"Blues"
34,0.994,0.168,0.0883,0.9,0.0791,-21.329,0.0515,0.174,"Classical"
19,0.507,0.619,0.904,0.728,0.18,-7.489,0.0363,0.96,"Blues"
57,0.00837,0.559,0.89,0.00759,0.103,-5.188,0.0387,0.809,"Rock"
35,0.21,0.463,0.403,0.311,0.208,-11.551,0.084,0.599,"Blues"
36,0.914,0.213,0.233,0,0.265,-10.745,0.0286,0.351,"Jazz"
54,0.0408,0.67,0.832,1.24e-05,0.0651,-5.795,0.0495,0.605,"Rock"
43,0.773,0.634,0.403,0.711,0.412,-9.822,0.0289,0.614,"Jazz"
47,0.396,0.507,0.674,0,0.129,-4.9,0.39,0.297,"Hip-Hop"
24,0.0881,0.579,0.805,0.43,0.199,-5.992,0.116,0.486,"Electronic"
48,0.0143,0.356,0.942,0.000537,0.25,-0.475,0.111,0.834,"Blues"
28,0.963,0.122,0.0458,0.876,0.105,-23.494,0.0381,0.0361,"Classical"
36,0.00412,0.762,0.738,0.0235,0.0895,-6.562,0.202,0.743,"Electronic"
52,0.167,0.784,0.608,0,0.0871,-5.885,0.245,0.382,"Hip-Hop"
41,0.953,0.403,0.108,2.4e-06,0.103,-17.528,0.0419,0.207,"Jazz"
52,0.0684,0.412,0.879,0,0.143,-4.219,0.0563,0.357,"Rock"
53,0.0754,0.739,0.52,0,0.382,-6.301,0.0679,0.247,"Rap"
42,0.0661,0.613,0.636,0.902,0.0983,-9.637,0.0395,0.483,"Electronic"
58,0.0292,0.492,0.779,0,0.129,-5.022,0.0498,0.445,"Rock"
42,0.00328,0.566,0.957,1.79e-06,0.583,-3.139,0.051,0.578,"Anime"
31,0.105,0.603,0.757,0.884,0.589,-7.64,0.0264,0.606,"Electronic"
26,0.135,0.486,0.504,0.88,0.084,-13.294,0.0642,0.509,"Jazz"
47,0.0706,0.841,0.629,0,0.0894,-6.47,0.3,0.447,"Hip-Hop"
38,0.000794,0.749,0.659,0.668,0.688,-8.881,0.0527,0.321,"Jazz"
56,0.172,0.532,0.459,6.61e-05,0.0472,-10.329,0.0307,0.597,"Rock"
14,9.5e-05,0.4,0.991,0.942,0.337,-5.886,0.062,0.531,"Anime"
34,0.0346,0.257,0.997,0.85,0.234,-5.079,0.0554,0.746,"Blues"
42,0.0957,0.341,0.827,0.00161,0.0746,-2.836,0.0466,0.422,"Anime"
24,0.903,0.299,0.0602,0.894,0.15,-24.226,0.038,0.0761,"Classical"
29,0.98,0.313,0.117,0.917,0.0445,-21.584,0.0372,0.0549,"Classical"
62,0.0737,0.574,0.664,0,0.22,-11.5,0.0346,0.936,"Blues"
65,0.221,0.645,0.833,0,0.134,-3.715,0.32,0.721,"Rap"
22,0.000996,0.531,0.959,0,0.362,-4.232,0.0624,0.581,"Anime"
78,0.165,0.943,0.677,0,0.327,-6.033,0.246,0.615,"Hip-Hop"
52,0.0143,0.631,0.84,0,0.0712,-6.025,0.0285,0.653,"Electronic"
43,0.195,0.478,0.79,2.2e-05,0.326,-5.016,0.133,0.538,"Blues"
40,0.0633,0.51,0.575,0.982,0.0523,-13.039,0.036,0.653,"Jazz"
67,0.129,0.69,0.834,0,0.136,-5.79,0.0566,0.738,"Hip-Hop"
43,0.101,0.633,0.604,0.00217,0.189,-6.006,0.0848,0.0762,"Electronic"
42,0.373,0.628,0.751,6.52e-06,0.0696,-4.562,0.032,0.908,"Country"
48,0.128,0.69,0.676,0,0.229,-6.963,0.165,0.275,"Hip-Hop"
81,0.00661,0.87,0.35,0.000483,0.108,-6.082,0.277,0.175,"Rap"
15,0.918,0.266,0.0697,0.1,0.12,-25.182,0.0371,0.172,"Classical"
26,0.99,0.263,0.0359,0.907,0.106,-26.775,0.0353,0.143,"Classical"
12,0.21,0.185,0.481,0.00284,0.156,-18.343,0.0443,0.0869,"Anime"
25,0.844,0.596,0.532,0.00811,0.118,-10.372,0.0264,0.42,"Blues"
54,0.35,0.6,0.871,0,0.0584,-4.527,0.0492,0.511,"Alternative"
60,0.0475,0.767,0.614,5.72e-05,0.116,-7.373,0.0344,0.43,"Alternative"
58,0.147,0.852,0.572,2.62e-06,0.186,-5.086,0.149,0.569,"Hip-Hop"
28,0.995,0.451,0.0852,0.911,0.0839,-20.08,0.042,0.157,"Classical"
24,7.8e-05,0.452,0.963,0.587,0.219,-1.946,0.0578,0.299,"Electronic"
22,0.000371,0.578,0.956,0,0.114,-3.104,0.0664,0.768,"Anime"
42,0.239,0.669,0.736,0.000169,0.598,-3.223,0.0602,0.494,"Electronic"
71,0.242,0.941,0.501,0,0.114,-8.337,0.32,0.412,"Hip-Hop"
50,0.293,0.497,0.414,0.879,0.108,-14.626,0.133,0.511,"Electronic"
38,0.0998,0.405,0.415,0,0.0775,-8.747,0.0277,0.229,"Country"
66,0.164,0.749,0.755,1.22e-05,0.176,-5.875,0.141,0.323,"Hip-Hop"
11,0.94,0.332,0.15,0.925,0.11,-16.469,0.0433,0.0839,"Anime"
37,0.972,0.263,0.19,0.872,0.101,-18.263,0.0332,0.185,"Classical"
54,0.00166,0.54,0.635,0.788,0.209,-10.071,0.0519,0.126,"Electronic"
34,0.0524,0.651,0.783,0.797,0.415,-4.453,0.0249,0.244,"Jazz"
41,3.43e-05,0.301,0.927,0,0.211,-3.79,0.0506,0.594,"Anime"
46,0.0589,0.786,0.84,2.3e-06,0.0744,-3.473,0.109,0.924,"Electronic"
11,0.0164,0.473,0.509,0.000401,0.102,-5.147,0.0268,0.4,"Anime"
45,0.0551,0.67,0.702,0.103,0.341,-2.143,0.0941,0.122,"Electronic"
58,0.0616,0.576,0.673,0.00601,0.114,-11.383,0.0307,0.57,"Electronic"
40,0.258,0.735,0.698,0,0.0872,-7.959,0.0273,0.965,"Country"
42,0.558,0.835,0.58,0.000752,0.115,-8.892,0.189,0.841,"Electronic"
37,0.113,0.572,0.665,6.56e-06,0.0764,-6.171,0.0249,0.64,"Country"
9,0.99,0.343,0.0486,0.924,0.201,-21.854,0.0409,0.0633,"Anime"
51,0.168,0.532,0.468,0,0.125,-7.624,0.0431,0.247,"Rock"
46,0.442,0.838,0.609,1.99e-06,0.0742,-5.865,0.0446,0.609,"Alternative"
17,0.46,0.423,0.657,2.28e-06,0.111,-3.494,0.0373,0.358,"Anime"
28,0.322,0.59,0.468,0.00233,0.0942,-7.258,0.0295,0.376,"Blues"
32,0.16,0.792,0.679,0.000238,0.111,-7.271,0.0587,0.557,"Electronic"
39,0.47,0.596,0.488,2.02e-05,0.09,-10.064,0.0317,0.821,"Country"
49,0.399,0.804,0.555,0,0.102,-6.038,0.276,0.516,"Hip-Hop"
56,0.0678,0.69,0.76,0,0.184,-4.778,0.0587,0.468,"Rap"
77,0.323,0.606,0.652,0,0.201,-6.982,0.0281,0.476,"Rock"
54,0.136,0.729,0.842,0,0.37,-5.566,0.25,0.789,"Alternative"
58,0.164,0.649,0.595,0,0.112,-6.214,0.0325,0.686,"Country"
73,0.219,0.63,0.449,0,0.0622,-13.243,0.0252,0.623,"Rock"
30,0.471,0.356,0.955,0.368,0.205,-1.811,0.0769,0.169,"Blues"
65,0.163,0.728,0.656,1.17e-06,0.117,-5.111,0.0482,0.168,"Rock"
21,0.305,0.532,0.427,0,0.275,-8.842,0.13,0.663,"Blues"
60,0.0046,0.688,0.834,4e-05,0.349,-3.903,0.0901,0.374,"Rap"
51,0.0427,0.556,0.504,0.000356,0.0582,-11.513,0.0293,0.616,"Alternative"
48,0.0233,0.681,0.91,0.000574,0.136,-5.22,0.0358,0.918,"Country"
63,0.015,0.694,0.795,0,0.114,-4.649,0.0924,0.556,"Rock"
55,0.00144,0.667,0.998,0.423,0.301,-5.892,0.065,0.32,"Electronic"
39,0.00315,0.567,0.924,0,0.383,-2.934,0.0372,0.851,"Anime"
53,0.728,0.591,0.246,1.01e-06,0.0753,-12.141,0.039,0.56,"Jazz"
52,1.81e-05,0.527,0.764,2.68e-05,0.144,-6.257,0.0419,0.662,"Rap"
32,0.128,0.537,0.5,0.00401,0.114,-6.798,0.0346,0.476,"Blues"
52,0.171,0.444,0.943,6.59e-06,0.297,-3.724,0.104,0.411,"Alternative"
40,0.492,0.646,0.546,0.316,0.227,-14.012,0.0321,0.796,"Blues"
40,0.113,0.408,0.731,0.0034,0.138,-7.171,0.0359,0.326,"Country"
58,0.43,0.495,0.533,0.000672,0.106,-5.802,0.0295,0.424,"Hip-Hop"
58,0.0667,0.693,0.527,0.00143,0.663,-10.856,0.0365,0.911,"Alternative"
27,0.0257,0.733,0.665,0.33,0.351,-10.719,0.21,0.258,"Electronic"
61,0.244,0.529,0.847,0,0.205,-5.513,0.0482,0.69,"Rock"
24,0.0214,0.381,0.825,0.00416,0.704,-3.907,0.0341,0.372,"Blues"
34,0.0103,0.422,0.725,3.44e-06,0.0942,-8.81,0.0396,0.74,"Blues"
53,0.159,0.364,0.862,0.44,0.126,-5.651,0.301,0.0557,"Electronic"
48,0.176,0.408,0.664,0.0292,0.0954,-7.005,0.0352,0.447,"Blues"
10,0.942,0.743,0.341,0.91,0.0797,-10.688,0.0581,0.391,"Anime"
32,0.0993,0.71,0.728,0.2,0.0705,-5.689,0.101,0.653,"Jazz"
43,0.811,0.464,0.478,0,0.667,-11.331,0.037,0.409,"Jazz"
47,0.00395,0.437,0.864,0,0.0804,-8.334,0.0586,0.585,"Alternative"
69,0.0466,0.699,0.761,0,0.107,-4.337,0.0457,0.443,"Rap"
44,0.782,0.606,0.344,0,0.132,-9.944,0.0403,0.517,"Blues"
14,0.000912,0.406,0.934,0,0.0821,-3.252,0.0898,0.339,"Anime"
32,0.0226,0.447,0.826,0.876,0.232,-6.556,0.0504,0.685,"Jazz"
27,0.499,0.708,0.615,0,0.0997,-9.415,0.212,0.684,"Jazz"
33,0.16,0.592,0.661,0,0.142,-6.81,0.0296,0.577,"Blues"
40,0.0657,0.532,0.947,1.49e-06,0.065,-4.2,0.0457,0.748,"Blues"
38,0.799,0.432,0.201,0,0.149,-16.415,0.0428,0.404,"Jazz"
29,0.919,0.479,0.332,0.698,0.15,-14.06,0.0292,0.283,"Anime"
42,0.0562,0.728,0.762,0.475,0.0666,-8.097,0.0914,0.687,"Electronic"
21,0.454,0.895,0.616,0,0.115,-6.015,0.207,0.276,"Country"
55,0.0175,0.781,0.764,0,0.102,-3.252,0.164,0.352,"Rap"
32,0.878,0.167,0.0406,0.769,0.287,-26.132,0.0461,0.0367,"Classical"
33,0.00948,0.731,0.885,0.376,0.0871,-6.394,0.0647,0.35,"Electronic"
71,0.13,0.651,0.716,0.0616,0.125,-6.516,0.0258,0.722,"Rock"
42,0.00942,0.606,0.659,7.27e-06,0.0957,-5.202,0.0297,0.442,"Country"
42,0.184,0.786,0.883,0,0.0948,-3.55,0.217,0.684,"Country"
66,0.00162,0.426,0.929,0.105,0.0789,-6.729,0.0701,0.539,"Rap"
54,0.242,0.517,0.774,2.56e-05,0.225,-6.925,0.323,0.817,"Hip-Hop"
39,0.411,0.735,0.366,0.777,0.0838,-14.939,0.0486,0.598,"Jazz"
27,0.0633,0.672,0.773,0.809,0.114,-5.99,0.0404,0.0653,"Electronic"
60,0.0162,0.508,0.828,0,0.266,-4.065,0.033,0.449,"Rock"
57,0.193,0.464,0.775,0,0.155,-5.374,0.263,0.438,"Hip-Hop"
43,0.283,0.342,0.35,4.14e-06,0.107,-6.448,0.0281,0.149,"Alternative"
57,3.19e-06,0.333,0.959,0.0563,0.299,-4.348,0.072,0.242,"Alternative"
58,0.0452,0.626,0.63,0.000128,0.146,-5.564,0.0309,0.419,"Rock"
55,0.523,0.491,0.117,4.86e-06,0.0934,-14.791,0.0394,0.27,"Rock"
55,0.428,0.87,0.531,0,0.0798,-6.471,0.0992,0.315,"Rap"
42,0.197,0.577,0.784,0,0.0963,-4.396,0.0493,0.757,"Country"
36,0.0583,0.75,0.467,1.95e-06,0.0766,-8.55,0.045,0.61,"Blues"
51,0.0354,0.793,0.516,0,0.157,-6.96,0.259,0.257,"Hip-Hop"
33,0.00507,0.702,0.906,0.666,0.107,-8.174,0.0406,0.0648,"Electronic"
42,0.0328,0.589,0.953,0.00102,0.062,-3.317,0.0619,0.772,"Country"
53,0.000275,0.228,0.969,0,0.0982,-4.07,0.1,0.428,"Alternative"
61,0.509,0.758,0.526,0.000467,0.0913,-10.81,0.255,0.312,"Hip-Hop"
52,0.558,0.813,0.508,0.831,0.104,-11.08,0.141,0.71,"Hip-Hop"
47,0.74,0.783,0.382,0.000192,0.461,-10.352,0.0274,0.231,"Alternative"
60,0.339,0.479,0.706,1.32e-06,0.332,-7.282,0.0527,0.481,"Rock"
47,0.0273,0.346,0.854,0.0192,0.0987,-5.646,0.0391,0.414,"Electronic"
49,0.21,0.527,0.658,0,0.115,-5.141,0.0331,0.205,"Country"
43,0.0164,0.594,0.846,0,0.415,-11.053,0.149,0.331,"Country"
71,0.234,0.698,0.59,7.9e-06,0.0601,-5.572,0.0717,0.113,"Hip-Hop"
13,0.203,0.639,0.647,0,0.482,-9.387,0.026,0.776,"Anime"
38,0.794,0.614,0.439,0,0.477,-9.053,0.127,0.616,"Country"
54,0.601,0.527,0.224,0.0202,0.0915,-13.27,0.0293,0.178,"Jazz"
36,0.0221,0.393,0.957,0.0101,0.146,-1.117,0.0761,0.913,"Anime"
30,0.515,0.661,0.661,0.814,0.0653,-8.109,0.0283,0.736,"Jazz"
43,0.0152,0.437,0.708,0.000577,0.13,-5.811,0.0315,0.198,"Alternative"
37,0.985,0.319,0.0729,0.00242,0.0915,-21.63,0.0583,0.0885,"Classical"
65,0.154,0.748,0.742,3.06e-05,0.196,-6.516,0.0979,0.474,"Hip-Hop"
43,0.00026,0.487,0.953,0.828,0.811,-5.216,0.173,0.12,"Electronic"
54,0.117,0.781,0.57,0,0.112,-5.555,0.296,0.354,"Rap"
70,0.063,0.688,0.631,0,0.108,-5.612,0.13,0.854,"Hip-Hop"
31,0.992,0.194,0.00364,0.897,0.0647,-27.015,0.0455,0.0501,"Classical"
39,0.985,0.692,0.191,0.844,0.163,-13.891,0.0416,0.687,"Jazz"
53,0.0875,0.482,0.642,7.34e-06,0.31,-8.535,0.325,0.6,"Alternative"
64,0.309,0.705,0.521,0,0.357,-8.307,0.32,0.664,"Rap"
35,0.548,0.689,0.791,6.08e-06,0.285,-7,0.0495,0.811,"Blues"
35,0.663,0.0969,0.291,0.914,0.11,-17.27,0.0476,0.0347,"Classical"
19,0.00551,0.628,0.966,5.36e-05,0.0773,-1.783,0.0669,0.445,"Anime"
68,0.00216,0.353,0.686,0,0.123,-5.704,0.0534,0.177,"Rock"
36,0.91,0.195,0.151,0.714,0.0923,-17.172,0.0497,0.0378,"Classical"
41,0.0434,0.915,0.583,0.00635,0.218,-11.096,0.217,0.837,"Jazz"
52,0.036,0.781,0.757,0,0.324,-6.011,0.352,0.516,"Rap"
60,0.0254,0.616,0.598,4.8e-06,0.115,-6.688,0.0329,0.345,"Rap"
26,0.758,0.576,0.363,0.000147,0.0837,-14.487,0.0512,0.452,"Blues"
52,0.000253,0.611,0.981,0.0155,0.0656,-3.503,0.0516,0.522,"Rap"
50,0.0574,0.78,0.626,0.0122,0.501,-9.99,0.199,0.667,"Jazz"
44,0.00119,0.42,0.914,3.25e-05,0.153,-4.644,0.115,0.526,"Country"
22,0.862,0.59,0.221,0.468,0.0736,-16.338,0.0383,0.0331,"Anime"
60,0.0326,0.545,0.805,0,0.781,-5.792,0.0491,0.727,"Rock"
16,0.986,0.306,0.017,0.138,0.0956,-28.818,0.039,0.157,"Anime"
48,0.0987,0.511,0.614,0,0.144,-6.371,0.322,0.95,"Alternative"
61,0.049,0.661,0.916,0,0.0997,-6.032,0.248,0.776,"Rap"
49,6.04e-05,0.505,0.985,1.02e-05,0.351,-4.401,0.119,0.243,"Alternative"
24,0.00685,0.608,0.857,0,0.319,-6.035,0.049,0.812,"Anime"
33,0.0228,0.587,0.556,0.00624,0.0808,-14.085,0.0346,0.677,"Blues"
28,0.948,0.0724,0.0942,0.858,0.192,-21.948,0.0388,0.0358,"Classical"
26,0.00813,0.755,0.83,0.000101,0.245,-2.196,0.127,0.739,"Blues"
3,0.966,0.361,0.065,0,0.191,-22.203,0.0585,0.143,"Classical"
56,0.144,0.326,0.887,1.35e-06,0.49,-4.199,0.0565,0.706,"Country"
60,0.0142,0.594,0.951,1.18e-06,0.0965,-1.339,0.0696,0.641,"Anime"
46,0.017,0.625,0.677,3.19e-05,0.591,-5.722,0.0708,0.748,"Alternative"
0,0.0108,0.412,0.372,0.892,0.272,-15.672,0.0301,0.241,"Anime"
48,0.0321,0.682,0.743,0,0.151,-5.498,0.0384,0.419,"Country"
70,0.114,0.529,0.967,0,0.61,-3.647,0.0508,0.596,"Alternative"
41,0.918,0.526,0.0921,0.329,0.116,-14.569,0.0386,0.292,"Jazz"
56,0.00731,0.754,0.888,0.00212,0.0821,-8.393,0.176,0.781,"Rap"
24,0.0227,0.532,0.888,2.83e-06,0.339,-1.405,0.0383,0.342,"Anime"
27,0.552,0.661,0.504,0.0117,0.12,-13.224,0.0256,0.843,"Blues"
51,0.523,0.764,0.778,1.78e-05,0.317,-6.231,0.163,0.584,"Jazz"
33,0.76,0.457,0.498,0.000631,0.0858,-7.74,0.037,0.367,"Jazz"
60,0.00738,0.337,0.809,0.000272,0.319,-2.969,0.0327,0.319,"Rock"
47,0.461,0.469,0.333,9.41e-05,0.111,-14.084,0.0515,0.408,"Jazz"
34,0.366,0.764,0.695,0.823,0.0503,-8.451,0.0367,0.961,"Jazz"
70,0.131,0.804,0.67,0,0.148,-8.142,0.0897,0.644,"Rock"
39,0.972,0.178,0.0798,0.0865,0.145,-16.27,0.0434,0.135,"Classical"
44,0.0564,0.55,0.567,5.05e-05,0.105,-7.242,0.0322,0.127,"Country"
51,0.992,0.368,0.202,0.896,0.124,-23.873,0.0364,0.835,"Classical"
25,0.664,0.708,0.7,4.27e-06,0.115,-7.592,0.0461,0.96,"Blues"
53,0.952,0.404,0.508,0.000807,0.164,-5.893,0.0265,0.278,"Rock"
51,0.0129,0.68,0.557,0,0.196,-7.25,0.0407,0.521,"Hip-Hop"
37,0.0534,0.511,0.727,1.09e-05,0.24,-10.372,0.0354,0.708,"Blues"
51,0.0575,0.412,0.746,0,0.0791,-6.904,0.0362,0.482,"Rock"
54,0.289,0.201,0.342,0,0.0951,-7.137,0.0308,0.06,"Alternative"
57,0.00798,0.562,0.843,3.1e-05,0.112,-4.238,0.0363,0.262,"Blues"
49,0.0971,0.348,0.442,5.31e-05,0.112,-7.676,0.0637,0.0674,"Alternative"
54,4e-04,0.527,0.763,4.52e-06,0.108,-5.303,0.0325,0.26,"Rock"
49,0.217,0.762,0.643,0,0.159,-6.95,0.294,0.548,"Rap"
23,3.61e-05,0.42,0.935,0.121,0.0654,-3.63,0.0429,0.682,"Anime"
33,0.769,0.596,0.441,0.351,0.361,-10.991,0.0496,0.676,"Jazz"
38,0.162,0.917,0.555,1.38e-06,0.29,-7.541,0.0785,0.731,"Blues"
38,0.269,0.575,0.545,0,0.126,-9.412,0.0278,0.56,"Country"
48,0.822,0.594,0.462,0.00186,0.123,-10.218,0.0403,0.529,"Rock"
27,0.992,0.448,0.194,0.949,0.096,-17.294,0.0712,0.413,"Anime"
42,0.263,0.813,0.693,0.853,0.203,-9.314,0.237,0.516,"Jazz"
64,0.671,0.687,0.361,0,0.13,-9.541,0.255,0.293,"Rap"
34,0.677,0.363,0.528,0.0346,0.103,-8.557,0.0287,0.0926,"Blues"
37,0.589,0.397,0.432,1.93e-06,0.109,-10.933,0.0282,0.221,"Blues"
56,0.144,0.326,0.887,1.35e-06,0.49,-4.199,0.0565,0.706,"Rock"
36,0.0424,0.796,0.513,0.886,0.151,-12.247,0.0444,0.473,"Electronic"
70,0.0705,0.67,0.515,0,0.25,-6.977,0.397,0.422,"Hip-Hop"
38,0.872,0.635,0.335,0.602,0.181,-14.186,0.0831,0.556,"Blues"
58,0.0474,0.832,0.427,0,0.101,-8.516,0.257,0.369,"Rap"
64,0.0137,0.925,0.354,0,0.334,-8.163,0.13,0.405,"Hip-Hop"
32,0.4,0.487,0.31,0,0.143,-8.2,0.0332,0.332,"Blues"
31,0.974,0.294,0.169,0.382,0.103,-14.727,0.0306,0.0517,"Classical"
66,0.0661,0.739,0.471,9.78e-05,0.116,-8.456,0.0436,0.31,"Rock"
57,0.19,0.766,0.614,0,0.157,-5.431,0.0484,0.299,"Rap"
37,0.729,0.668,0.376,4.97e-05,0.116,-11.406,0.0682,0.837,"Blues"
21,0.943,0.584,0.253,0.882,0.0956,-18.898,0.041,0.448,"Anime"
64,0.474,0.776,0.5,0.000931,0.169,-7.451,0.0579,0.544,"Alternative"
57,0.0342,0.726,0.856,4.6e-06,0.302,-2.807,0.035,0.962,"Country"
37,0.427,0.576,0.413,3.16e-05,0.108,-7.879,0.0253,0.292,"Anime"
45,0.0299,0.572,0.923,7.31e-06,0.0388,-3.669,0.107,0.646,"Country"
22,0.518,0.209,0.32,8.61e-06,0.113,-10.674,0.0359,0.235,"Anime"
65,0.0523,0.835,0.756,0.028,0.0606,-5.441,0.123,0.809,"Rap"
24,0.927,0.522,0.144,0.829,0.104,-19.942,0.0381,0.384,"Classical"
50,0.0563,0.697,0.56,0,0.141,-8.207,0.243,0.376,"Hip-Hop"
40,0.13,0.635,0.484,0,0.269,-16.487,0.0295,0.823,"Country"
36,0.691,0.649,0.446,0.000174,0.0825,-7.338,0.034,0.324,"Country"
54,0.177,0.798,0.895,0,0.358,-7.811,0.216,0.784,"Hip-Hop"
56,0.0593,0.476,0.902,0,0.394,-2.665,0.0436,0.746,"Anime"
58,0.027,0.596,0.557,1.64e-05,0.0914,-6.401,0.0299,0.314,"Rock"
31,0.00784,0.69,0.719,1.26e-05,0.52,-6.096,0.0347,0.471,"Electronic"
40,0.361,0.791,0.798,0.471,0.113,-9.61,0.232,0.236,"Electronic"
49,0.373,0.792,0.5,0,0.178,-7.629,0.211,0.378,"Hip-Hop"
59,0.0761,0.738,0.519,0,0.092,-5.403,0.185,0.61,"Hip-Hop"
65,0.211,0.671,0.872,0,0.16,-4.574,0.0458,0.907,"Country"
41,0.253,0.84,0.332,1.6e-06,0.111,-10.759,0.0427,0.621,"Country"
69,0.000526,0.483,0.941,3.5e-06,0.31,-3.598,0.0575,0.503,"Rock"
34,0.983,0.221,0.0116,0.954,0.0741,-35.191,0.0364,0.0392,"Classical"
52,7.43e-05,0.416,0.748,0,0.0995,-4.83,0.0487,0.792,"Rock"
16,0.00466,0.46,0.692,0.938,0.565,-6.431,0.0347,0.0898,"Anime"
70,0.911,0.504,0.601,4.73e-05,0.168,-6.53,0.331,0.571,"Hip-Hop"
34,0.151,0.623,0.818,8.16e-06,0.621,-3.301,0.0666,0.172,"Electronic"
61,0.661,0.763,0.462,0,0.112,-9.432,0.105,0.672,"Rock"
42,0.000232,0.599,0.972,0.255,0.166,-4.67,0.103,0.125,"Electronic"
34,0.111,0.545,0.687,0.757,0.143,-9.256,0.0333,0.577,"Jazz"
42,0.226,0.668,0.892,0,0.356,-5.765,0.404,0.624,"Jazz"
47,0.00118,0.678,0.598,0.878,0.119,-10.04,0.0303,0.712,"Electronic"
53,0.644,0.383,0.599,3.61e-05,0.311,-5.432,0.0304,0.547,"Rock"
37,0.00256,0.59,0.971,0,0.276,-3.044,0.0452,0.725,"Anime"
31,0.0456,0.7,0.935,0.831,0.347,-8.774,0.0408,0.811,"Electronic"
49,0.163,0.653,0.511,0,0.157,-7.309,0.473,0.77,"Hip-Hop"
66,0.108,0.648,0.581,0,0.496,-6.958,0.315,0.235,"Hip-Hop"
56,0.0339,0.422,0.851,0,0.152,-4.031,0.0398,0.667,"Rap"
26,0.0116,0.455,0.71,0.879,0.216,-4.717,0.0681,0.638,"Blues"
28,0.0198,0.359,0.971,0.000123,0.37,-2.804,0.0771,0.296,"Blues"
56,0.349,0.814,0.385,4.16e-06,0.122,-12.23,0.252,0.296,"Alternative"
31,0.072,0.335,0.881,0,0.284,-3.706,0.0667,0.382,"Anime"
52,0.311,0.586,0.527,0,0.116,-14.327,0.0526,0.867,"Country"
45,0.929,0.582,0.303,0.000478,0.113,-8.402,0.0304,0.372,"Country"
32,0.205,0.529,0.402,0.624,0.332,-11.616,0.0567,0.584,"Jazz"
51,0.288,0.516,0.583,0,0.298,-8.197,0.0277,0.381,"Country"
52,0.324,0.565,0.603,4.87e-05,0.195,-8.597,0.0329,0.132,"Alternative"
15,0.0246,0.355,0.839,0.0257,0.064,-3.724,0.0404,0.241,"Anime"
34,0.26,0.428,0.472,0.00564,0.0716,-9.586,0.0305,0.358,"Anime"
63,0.00678,0.283,0.891,0.0038,0.159,-8.165,0.178,0.226,"Rock"
37,0.535,0.523,0.681,0,0.122,-6.093,0.0364,0.814,"Jazz"
35,0.994,0.338,0.0438,0.891,0.0575,-26.635,0.0504,0.25,"Classical"
65,0.384,0.522,0.553,0.0113,0.13,-8.088,0.043,0.084,"Hip-Hop"
60,0.00725,0.495,0.834,4e-05,0.126,-4.731,0.0967,0.247,"Rock"
49,0.221,0.611,0.938,0.0208,0.342,-5.81,0.0459,0.903,"Electronic"
87,0.0175,0.669,0.574,0.00294,0.146,-6.442,0.0286,0.273,"Hip-Hop"
57,0.0553,0.834,0.591,0,0.074,-7.543,0.305,0.9,"Hip-Hop"
42,0.918,0.711,0.148,1.18e-05,0.115,-14.489,0.0474,0.736,"Jazz"
41,0.611,0.405,0.176,0.15,0.0562,-15.245,0.0312,0.153,"Jazz"
49,0.0262,0.586,0.925,0.00327,0.138,-3.744,0.039,0.495,"Country"
33,0.00187,0.551,0.94,0.691,0.301,-3.972,0.214,0.0642,"Electronic"
75,0.00165,0.662,0.741,0.0303,0.114,-5.406,0.0334,0.404,"Rock"
41,0.0231,0.606,0.818,0,0.259,-6.086,0.0472,0.566,"Country"
32,0.929,0.135,0.069,0.938,0.155,-22.842,0.0421,0.0314,"Classical"
11,0.205,0.576,0.57,0,0.316,-8.088,0.0276,0.745,"Anime"
43,0.137,0.534,0.7,0.00129,0.107,-9.055,0.0395,0.344,"Electronic"
54,0.466,0.722,0.529,8.83e-06,0.0739,-8.742,0.109,0.0987,"Rap"
50,0.237,0.857,0.45,0,0.134,-10.744,0.306,0.67,"Hip-Hop"
49,0.0969,0.659,0.755,0,0.367,-5.085,0.0314,0.542,"Rock"
50,0.0265,0.686,0.694,0,0.115,-5.502,0.304,0.292,"Rap"
34,0.653,0.543,0.555,1.31e-06,0.16,-7.459,0.0377,0.465,"Blues"
22,0.0246,0.552,0.617,0.0104,0.0592,-9.846,0.0399,0.852,"Electronic"
30,0.066,0.493,0.95,0.000329,0.0615,-3.567,0.21,0.169,"Blues"
24,0.93,0.152,0.0567,0.625,0.0587,-22.579,0.04,0.0372,"Classical"
42,0.199,0.697,0.365,0.00162,0.0603,-10.979,0.0474,0.433,"Jazz"
34,0.108,0.621,0.933,0.000729,0.367,-1.84,0.0941,0.47,"Electronic"
36,0.968,0.532,0.0867,0.00366,0.104,-16.7,0.0365,0.256,"Jazz"
19,0.978,0.406,0.0815,0.856,0.137,-25.765,0.0394,0.204,"Classical"
68,0.0319,0.589,0.673,5.68e-06,0.108,-7.082,0.167,0.209,"Rap"
40,0.114,0.724,0.458,0.42,0.115,-9.76,0.0651,0.326,"Electronic"
74,0.29,0.845,0.51,2.39e-06,0.114,-13.064,0.224,0.74,"Hip-Hop"
32,0.0251,0.504,0.896,0.656,0.105,-6.14,0.0378,0.265,"Electronic"
50,0.0678,0.701,0.572,0,0.387,-10.389,0.509,0.599,"Hip-Hop"
57,0.00236,0.545,0.802,1.02e-05,0.3,-5.126,0.0337,0.463,"Country"
69,0.0485,0.673,0.785,3.65e-06,0.0397,-2.894,0.351,0.85,"Rap"
61,0.00119,0.488,0.899,0,0.0497,-3.673,0.0532,0.638,"Rap"
47,0.299,0.579,0.723,7.77e-06,0.0979,-6.155,0.0289,0.469,"Country"
40,0.00646,0.684,0.896,0.0129,0.0924,-4.16,0.0349,0.573,"Alternative"
36,0.703,0.59,0.616,0.00351,0.469,-9.098,0.0472,0.731,"Jazz"
39,0.00905,0.696,0.912,0.868,0.324,-8.205,0.0752,0.474,"Electronic"
48,0.486,0.591,0.758,0,0.165,-6.144,0.393,0.426,"Hip-Hop"
63,0.012,0.407,0.896,0,0.196,-2.935,0.063,0.156,"Alternative"
53,0.0146,0.583,0.668,0,0.114,-7.799,0.0307,0.139,"Rock"
22,0.943,0.562,0.298,0.628,0.239,-12.215,0.0405,0.672,"Blues"
51,0.0121,0.49,0.746,0,0.0624,-4.951,0.0405,0.331,"Alternative"
42,0.00999,0.709,0.902,0.505,0.181,-5.711,0.0813,0.691,"Jazz"
36,0.681,0.515,0.372,0.00306,0.104,-8.283,0.0295,0.211,"Country"
49,0.487,0.697,0.61,0,0.102,-7.065,0.0298,0.548,"Alternative"
51,0.000214,0.372,0.95,0,0.0783,-4.173,0.292,0.539,"Rock"
38,0.295,0.889,0.423,0.449,0.084,-9.759,0.0456,0.81,"Electronic"
81,0.367,0.52,0.538,0.00187,0.119,-8.109,0.206,0.177,"Rap"
35,0.923,0.623,0.237,0.917,0.121,-14.188,0.0375,0.53,"Jazz"
50,0.109,0.438,0.792,0,0.241,-6.884,0.346,0.463,"Hip-Hop"
52,0.277,0.492,0.769,0,0.126,-4.847,0.423,0.762,"Hip-Hop"
59,0.269,0.45,0.356,0.515,0.0944,-13.692,0.0337,0.0839,"Alternative"
71,0.0358,0.704,0.777,0,0.151,-5.729,0.195,0.392,"Hip-Hop"
28,0.493,0.516,0.736,0.00247,0.124,-3.7,0.0279,0.628,"Blues"
44,0.000188,0.4,0.95,8.98e-05,0.445,-3.213,0.141,0.393,"Alternative"
52,0.134,0.523,0.665,0,0.138,-6.534,0.151,0.506,"Hip-Hop"
25,0.15,0.73,0.713,0.00732,0.11,-6.662,0.0258,0.768,"Anime"
31,0.0272,0.453,0.835,0.912,0.204,-8.159,0.252,0.605,"Blues"
40,0.00177,0.441,0.967,0,0.425,-1.986,0.31,0.697,"Anime"
54,0.699,0.786,0.569,0.000547,0.124,-8.348,0.063,0.44,"Rap"
51,0.0808,0.696,0.638,0.000779,0.0799,-6.342,0.063,0.331,"Alternative"
22,0.973,0.403,0.092,0.595,0.194,-24.312,0.0382,0.396,"Classical"
37,0.825,0.585,0.527,0,0.386,-8.522,0.0642,0.947,"Blues"
51,0.456,0.481,0.523,0.00456,0.0602,-7.921,0.0279,0.285,"Alternative"
0,0.976,0.4,0.338,0.779,0.163,-17.68,0.0513,0.38,"Classical"
60,0.122,0.87,0.299,0.0514,0.0926,-13.409,0.248,0.933,"Rock"
37,0.603,0.526,0.362,0.0592,0.0883,-10.669,0.0262,0.402,"Blues"
48,0.289,0.528,0.593,0.00054,0.0724,-3.68,0.0545,0.351,"Anime"
48,0.496,0.453,0.498,0,0.319,-10.11,0.0662,0.323,"Hip-Hop"
65,0.0406,0.734,0.776,0.193,0.0547,-4.193,0.0826,0.843,"Alternative"
36,0.367,0.691,0.66,0,0.258,-6.34,0.0277,0.806,"Country"
37,0.836,0.0974,0.291,0.935,0.0868,-12.791,0.037,0.0484,"Classical"
63,0.000246,0.345,0.926,0.000487,0.14,-4.444,0.159,0.214,"Rock"
16,0.0252,0.436,0.98,2.28e-05,0.23,0.584,0.259,0.281,"Anime"
83,0.073,0.754,0.342,0,0.193,-8.677,0.0991,0.423,"Rap"
58,0.218,0.501,0.876,2.39e-05,0.157,-6.324,0.0545,0.228,"Rock"
65,0.0226,0.542,0.867,0.00347,0.116,-5.26,0.0813,0.326,"Rock"
61,0.269,0.806,0.821,0,0.0879,-5.877,0.314,0.799,"Rap"
48,0.00707,0.814,0.809,0,0.0724,-6.311,0.0716,0.531,"Rap"
23,1.54e-05,0.389,0.894,0.843,0.361,-5.658,0.0375,0.388,"Anime"
72,0.0912,0.855,0.516,0,0.114,-8.116,0.44,0.153,"Rap"
40,0.375,0.586,0.601,0.0355,0.0668,-10.586,0.0634,0.963,"Jazz"
40,0.376,0.605,0.731,1.34e-06,0.698,-6.224,0.104,0.672,"Country"
31,0.149,0.736,0.394,1.54e-05,0.0858,-15.184,0.421,0.283,"Electronic"
66,0.0219,0.733,0.66,0,0.151,-6.87,0.0436,0.259,"Hip-Hop"
47,0.0385,0.473,0.679,0,0.139,-6.005,0.449,0.572,"Rap"
48,0.000135,0.372,0.676,0.108,0.154,-7.145,0.0303,0.587,"Country"
0,0.956,0.179,0.0457,0.584,0.103,-26.078,0.034,0.302,"Classical"
41,0.0898,0.635,0.661,0,0.533,-5.519,0.0473,0.207,"Country"
41,0.186,0.295,0.976,0.00243,0.0709,-1.267,0.108,0.261,"Blues"
25,0.369,0.518,0.365,0.0139,0.0857,-12.742,0.0362,0.887,"Blues"
45,0.919,0.0786,0.227,0.924,0.138,-16.041,0.041,0.056,"Classical"
59,0.00457,0.597,0.733,0.00191,0.501,-4.727,0.11,0.866,"Rock"
40,0.0924,0.525,0.806,0,0.274,-3.438,0.037,0.923,"Country"
31,0.994,0.147,0.00978,0.915,0.109,-29.588,0.0404,0.0474,"Classical"
60,0.392,0.822,0.751,0,0.707,-6.056,0.289,0.584,"Rap"
15,0.109,0.66,0.889,0,0.0858,-5.515,0.106,0.847,"Anime"
57,0.0253,0.347,0.836,5.7e-05,0.305,-6.144,0.363,0.137,"Hip-Hop"
29,0.965,0.0965,0.0206,0.843,0.0877,-27.968,0.0494,0.04,"Classical"
87,0.368,0.901,0.464,1.71e-05,0.238,-9.789,0.0645,0.638,"Hip-Hop"
34,0.00603,0.691,0.912,0.887,0.0718,-2.877,0.0404,0.68,"Electronic"
39,0.0608,0.481,0.83,0,0.296,-4.681,0.0387,0.597,"Blues"
54,0.00788,0.61,0.952,0.00324,0.172,-2.501,0.315,0.332,"Hip-Hop"
43,0.95,0.367,0.178,0.423,0.123,-17.777,0.0422,0.0995,"Classical"
64,0.128,0.909,0.43,7.21e-05,0.125,-10.087,0.585,0.113,"Rap"
43,0.194,0.705,0.668,0.251,0.0984,-8.426,0.0441,0.217,"Electronic"
53,0.785,0.544,0.34,3.89e-06,0.734,-13.947,0.0411,0.556,"Rock"
55,0.0407,0.551,0.649,0,0.347,-5.649,0.0304,0.326,"Country"
40,0.993,0.476,0.111,0.089,0.228,-14.388,0.0391,0.25,"Jazz"
14,0.0126,0.57,0.716,0.00245,0.0975,-6.343,0.0315,0.394,"Anime"
50,0.0558,0.497,0.499,0.73,0.222,-12.348,0.056,0.516,"Blues"
48,0.964,0.152,0.0667,0.471,0.0886,-23.263,0.039,0.0686,"Classical"
67,0.104,0.691,0.75,0,0.123,-3.934,0.347,0.345,"Rap"
52,0.264,0.34,0.619,0,0.143,-5.622,0.0354,0.242,"Rock"
51,0.152,0.847,0.564,0.631,0.339,-9.341,0.0667,0.443,"Hip-Hop"
56,0.913,0.252,0.548,0.9,0.154,-7.885,0.0379,0.184,"Rock"
60,0.11,0.92,0.512,0.000137,0.101,-9.915,0.425,0.91,"Hip-Hop"
47,0.261,0.525,0.599,0.021,0.717,-12.666,0.0581,0.188,"Electronic"
55,0.56,0.611,0.496,0,0.0884,-5.639,0.0327,0.463,"Alternative"
75,0.401,0.671,0.617,0,0.119,-8.72,0.0561,0.62,"Country"
39,0.62,0.425,0.711,0.00205,0.108,-7.557,0.0422,0.441,"Country"
47,0.784,0.573,0.639,0.633,0.0923,-7.143,0.0247,0.24,"Alternative"
42,0.333,0.524,0.443,0.911,0.107,-15.092,0.0387,0.335,"Jazz"
23,0.938,0.406,0.236,0.88,0.0866,-21.517,0.0805,0.0995,"Classical"
28,0.066,0.857,0.978,0.0712,0.108,0.681,0.374,0.389,"Electronic"
46,0.00465,0.733,0.82,0.00147,0.0687,-5.94,0.212,0.347,"Electronic"
18,0.986,0.302,0.121,5.97e-06,0.0955,-15.163,0.0451,0.0798,"Classical"
45,8.8e-05,0.208,0.974,0.842,0.183,-4.156,0.206,0.0795,"Alternative"
26,0.965,0.467,0.284,0.725,0.0868,-12.093,0.037,0.167,"Classical"
16,1.44e-05,0.534,0.793,0.674,0.158,-8.2,0.0722,0.429,"Anime"
39,0.0267,0.467,0.99,0.374,0.35,-3.916,0.0746,0.597,"Blues"
60,0.0531,0.544,0.654,0,0.137,-5.494,0.0297,0.602,"Country"
49,0.745,0.379,0.25,0,0.107,-6.009,0.0318,0.385,"Alternative"
54,0.948,0.765,0.303,0.0146,0.0982,-15.028,0.0356,0.707,"Jazz"
68,0.105,0.625,0.848,0,0.23,-4.008,0.0314,0.716,"Country"
19,0.316,0.391,0.472,0,0.126,-4.121,0.0288,0.289,"Anime"
64,0.00705,0.929,0.598,0,0.0549,-5.373,0.156,0.501,"Rap"
37,0.82,0.682,0.33,0.358,0.112,-12.715,0.0588,0.326,"Blues"
56,0.349,0.7,0.481,0,0.112,-10.296,0.273,0.307,"Rap"
28,0.939,0.639,0.156,0.000911,0.144,-15.286,0.136,0.328,"Blues"
15,0.415,0.592,0.456,0.934,0.332,-7.244,0.0268,0.166,"Anime"
50,0.0256,0.718,0.825,2.39e-05,0.0825,-5.063,0.128,0.549,"Hip-Hop"
37,0.792,0.183,0.0563,0.00193,0.167,-25.703,0.0467,0.044,"Classical"
56,0.0187,0.706,0.591,0,0.111,-7.066,0.361,0.272,"Hip-Hop"
63,0.131,0.517,0.535,0,0.085,-12.027,0.0494,0.933,"Rock"
55,0.255,0.722,0.58,5.03e-05,0.115,-5.03,0.0453,0.597,"Rap"
48,0.036,0.803,0.949,0.202,0.412,-2.347,0.274,0.502,"Electronic"
26,0.599,0.316,0.928,0.778,0.363,-5.381,0.0652,0.506,"Blues"
0,0.972,0.335,0.028,0,0.4,-31.667,0.0723,0.153,"Classical"
31,0.607,0.634,0.409,0,0.188,-9.236,0.0647,0.733,"Blues"
57,0.305,0.315,0.218,0.0012,0.226,-15.215,0.0731,0.156,"Rock"
46,0.00822,0.692,0.809,1.78e-06,0.315,-2.992,0.0502,0.868,"Anime"
47,0.345,0.905,0.718,0,0.117,-6.249,0.128,0.666,"Hip-Hop"
24,0.00651,0.656,0.919,0.966,0.111,-4.74,0.0694,0.723,"Blues"
0,0.962,0.457,0.0637,0,0.702,-28.705,0.136,0.151,"Classical"
56,0.00584,0.558,0.493,0.277,0.11,-10.631,0.0491,0.0666,"Rap"
58,0.393,0.885,0.805,8.9e-05,0.0578,-3.726,0.0541,0.536,"Rap"
54,0.274,0.846,0.752,0,0.11,-4.942,0.449,0.575,"Hip-Hop"
42,0.969,0.364,0.0744,0.216,0.244,-18.71,0.0429,0.0934,"Jazz"
46,0.995,0.359,0.018,0.842,0.0816,-29.746,0.0499,0.303,"Classical"
36,0.994,0.403,0.0414,0.894,0.191,-22.047,0.035,0.0981,"Classical"
46,0.977,0.434,0.0821,0.942,0.0784,-24.013,0.0447,0.0383,"Jazz"
30,0.00129,0.424,0.945,0.132,0.391,-4.478,0.31,0.273,"Anime"
50,0.00239,0.419,0.909,1.68e-05,0.24,-10.258,0.0639,0.494,"Blues"
55,0.234,0.876,0.984,0,0.0505,-2.018,0.274,0.642,"Hip-Hop"
69,0.824,0.629,0.208,3.7e-06,0.107,-16.225,0.0324,0.685,"Rock"
30,0.112,0.698,0.571,0.831,0.141,-13.352,0.0417,0.809,"Jazz"
52,0.00201,0.394,0.859,0.233,0.1,-3.851,0.0409,0.511,"Rock"
29,0.974,0.375,0.0906,0.367,0.0904,-18.977,0.0449,0.208,"Classical"
37,0.00375,0.586,0.781,3.41e-05,0.133,-5.877,0.252,0.265,"Blues"
47,0.986,0.0773,0.0281,0.851,0.0996,-23.653,0.0401,0.103,"Classical"
67,0.000807,0.847,0.661,0.00126,0.104,-4.614,0.0548,0.184,"Hip-Hop"
38,0.0968,0.556,0.757,0,0.114,-6.147,0.0543,0.725,"Country"
55,0.0418,0.715,0.75,0,0.139,-4.898,0.0448,0.71,"Rock"
28,0.672,0.78,0.417,0.000287,0.0842,-10.474,0.0346,0.734,"Blues"
41,0.277,0.538,0.555,0,0.131,-7.612,0.0299,0.429,"Country"
58,0.226,0.72,0.716,0.00335,0.0932,-8.773,0.0723,0.953,"Blues"
53,0.231,0.653,0.851,4.12e-06,0.224,-5.04,0.239,0.377,"Hip-Hop"
52,0.953,0.344,0.196,0.035,0.198,-12.802,0.0315,0.0842,"Hip-Hop"
58,0.085,0.844,0.592,0,0.0817,-5.486,0.199,0.819,"Hip-Hop"
50,0.0569,0.64,0.782,0,0.291,-5.913,0.325,0.733,"Hip-Hop"
39,0.329,0.569,0.717,0,0.14,-6.527,0.402,0.665,"Jazz"
52,0.0134,0.701,0.637,0,0.135,-7.615,0.263,0.674,"Hip-Hop"
47,0.0706,0.841,0.629,0,0.0894,-6.47,0.3,0.447,"Rap"
41,0.936,0.412,0.0196,0.734,0.0921,-31.877,0.0458,0.168,"Classical"
47,0.721,0.704,0.408,0.104,0.141,-13.558,0.0346,0.264,"Rock"
53,0.328,0.674,0.464,0,0.155,-8.943,0.436,0.428,"Hip-Hop"
50,0.129,0.612,0.635,0,0.256,-6.42,0.0597,0.187,"Rap"
64,0.103,0.727,0.781,0,0.0537,-8.614,0.29,0.682,"Rap"
49,0.00231,0.585,0.871,0.019,0.0291,-7.041,0.0529,0.235,"Jazz"
64,0.698,0.73,0.747,1.63e-05,0.152,-9.496,0.324,0.751,"Hip-Hop"
45,0.377,0.575,0.843,0,0.142,-3.806,0.0464,0.659,"Alternative"
36,0.0847,0.499,0.591,1.03e-06,0.263,-8.093,0.0363,0.493,"Classical"
54,0.987,0.281,0.369,0.964,0.274,-16.022,0.036,0.211,"Rock"
28,0.00835,0.566,0.852,0.86,0.0829,-6.497,0.0353,0.674,"Anime"
50,0.176,0.815,0.616,0,0.142,-8.661,0.106,0.363,"Rap"
40,0.0314,0.579,0.858,0.016,0.111,-4.963,0.268,0.0933,"Electronic"
38,0.000416,0.694,0.917,0.422,0.515,-3.181,0.219,0.526,"Electronic"
46,5.87e-05,0.556,0.948,0.00498,0.296,-5.315,0.0276,0.284,"Alternative"
70,0.237,0.524,0.417,1.19e-06,0.139,-9.283,0.0578,0.109,"Rap"
32,0.835,0.168,0.0388,0.0885,0.531,-26.174,0.0387,0.177,"Classical"
22,0.0184,0.59,0.641,1.84e-06,0.165,-4.484,0.188,0.93,"Anime"
54,0.0296,0.564,0.531,0,0.107,-5.88,0.0359,0.842,"Country"
47,0.509,0.759,0.489,0.000165,0.105,-9.504,0.3,0.718,"Alternative"
60,0.00171,0.386,0.488,0,0.64,-7.303,0.422,0.217,"Rap"
56,0.0952,0.603,0.688,0,0.24,-5.732,0.244,0.45,"Hip-Hop"
40,0.871,0.176,0.233,0.258,0.0987,-12.794,0.0457,0.0571,"Classical"
55,0.284,0.376,0.95,0,0.143,-3.941,0.166,0.808,"Alternative"
53,0.00382,0.624,0.785,0,0.0883,-5.634,0.034,0.656,"Alternative"
53,0.514,0.519,0.389,0.153,0.1,-9.807,0.0304,0.107,"Electronic"
33,0.106,0.566,0.881,0,0.351,-2.608,0.035,0.664,"Anime"
26,0.619,0.663,0.881,0.00128,0.481,-8.562,0.0418,0.841,"Blues"
49,0.302,0.661,0.537,0.584,0.144,-11.53,0.0281,0.257,"Electronic"
15,0.992,0.19,0.171,0.8,0.0831,-15.776,0.0375,0.0932,"Anime"
28,0.681,0.748,0.504,1.4e-05,0.139,-14.824,0.0487,0.884,"Blues"
16,0.0032,0.657,0.809,0.897,0.0899,-8.205,0.0538,0.528,"Anime"
26,0.919,0.252,0.12,2.4e-06,0.216,-19.058,0.038,0.147,"Classical"
43,0.381,0.811,0.861,0.00103,0.661,-8.643,0.0411,0.866,"Jazz"
63,0.238,0.498,0.723,0,0.353,-8.053,0.05,0.882,"Country"
86,0.000282,0.908,0.621,5.39e-05,0.0958,-6.638,0.102,0.421,"Rap"
57,0.0186,0.554,0.82,4.91e-05,0.161,-5.035,0.0296,0.755,"Rock"
55,0.205,0.577,0.86,0,0.334,-6.2,0.318,0.789,"Hip-Hop"
51,0.163,0.491,0.675,0.00176,0.132,-7.152,0.0829,0.665,"Hip-Hop"
39,0.264,0.438,0.43,0.00775,0.0943,-11.687,0.0364,0.0778,"Anime"
58,0.0542,0.669,0.9,0,0.145,-3.53,0.178,0.653,"Hip-Hop"
45,0.0372,0.394,0.631,0.00581,0.0817,-6.39,0.159,0.398,"Jazz"
50,0.0978,0.39,0.389,0.94,0.115,-14.025,0.0503,0.239,"Jazz"
31,0.791,0.598,0.156,1.92e-05,0.116,-15.855,0.0544,0.341,"Blues"
44,0.794,0.171,0.38,0.919,0.0758,-16.502,0.0385,0.181,"Classical"
58,0.00299,0.739,0.847,0,0.49,-3.709,0.0682,0.539,"Rock"
64,0.0254,0.519,0.57,0,0.0821,-7.366,0.202,0.317,"Hip-Hop"
65,0.0709,0.647,0.896,0.0505,0.0614,-5.949,0.0509,0.953,"Rock"
19,0.251,0.542,0.504,0.723,0.141,-9.629,0.0282,0.611,"Anime"
18,0.0429,0.488,0.642,0,0.309,-4.156,0.0295,0.379,"Anime"
65,0.0658,0.521,0.804,0,0.0521,-4.395,0.0569,0.553,"Country"
0,0.993,0.334,0.0985,0.935,0.107,-14.566,0.0352,0.0772,"Classical"
58,0.0542,0.669,0.9,0,0.145,-3.53,0.178,0.653,"Rap"
32,0.0839,0.721,0.867,0.898,0.0959,-7.375,0.0346,0.533,"Electronic"
50,0.00728,0.852,0.641,0,0.429,-8.008,0.22,0.658,"Rap"
26,0.981,0.534,0.057,0.000134,0.111,-15.512,0.0428,0.33,"Classical"
50,0.00928,0.716,0.904,0.231,0.335,-6.863,0.0517,0.479,"Electronic"
50,0.00182,0.473,0.888,0,0.0435,-6.343,0.0587,0.853,"Country"
52,0.356,0.708,0.583,0,0.101,-7.847,0.406,0.676,"Hip-Hop"
50,0.201,0.787,0.761,0,0.343,-4.509,0.0625,0.698,"Rap"
40,0.943,0.638,0.301,0.00705,0.13,-17.691,0.0474,0.676,"Country"
45,0.000134,0.343,0.936,0,0.169,-3.316,0.0758,0.211,"Alternative"
36,4.83e-05,0.511,0.958,0.864,0.226,-5.445,0.15,0.421,"Blues"
64,0.638,0.536,0.738,0.446,0.0736,-11.02,0.031,0.707,"Rock"
36,0.0805,0.532,0.75,0.0102,0.164,-10.101,0.0458,0.582,"Blues"
39,0.00457,0.79,0.844,0.244,0.0993,-9.929,0.0692,0.777,"Electronic"
26,0.907,0.183,0.12,0.755,0.229,-21.257,0.0392,0.033,"Classical"
26,0.0586,0.481,0.539,0.0564,0.102,-6.666,0.0364,0.542,"Blues"
40,0.544,0.787,0.605,0,0.102,-6.497,0.176,0.568,"Alternative"
27,0.214,0.605,0.75,0.882,0.0912,-8.152,0.063,0.178,"Electronic"
14,0.0102,0.496,0.805,0.634,0.0603,-9.398,0.121,0.538,"Anime"
37,0.00665,0.64,0.756,2.68e-06,0.254,-6.079,0.0418,0.533,"Country"
37,0.692,0.714,0.429,0.779,0.125,-10.213,0.0505,0.459,"Jazz"
39,0.292,0.342,0.379,0.00426,0.101,-10.525,0.0294,0.0857,"Blues"
41,0.948,0.63,0.195,0.199,0.0999,-15.472,0.0329,0.176,"Jazz"
25,0.0232,0.777,0.818,0.00143,0.0404,-6.137,0.0456,0.81,"Electronic"
79,0.13,0.733,0.63,0,0.162,-4.296,0.395,0.832,"Rap"
43,0.172,0.557,0.59,0.00392,0.32,-8.46,0.0306,0.409,"Country"
52,0.656,0.42,0.662,0.000423,0.096,-9.828,0.0341,0.378,"Rock"
42,0.6,0.636,0.745,0.835,0.184,-10.608,0.0577,0.43,"Electronic"
38,0.00429,0.728,0.801,0.827,0.119,-9.047,0.0482,0.579,"Electronic"
15,0.000919,0.503,0.704,0.613,0.0684,-6.701,0.0415,0.237,"Anime"
44,0.597,0.669,0.699,3.09e-05,0.2,-6.882,0.0582,0.368,"Alternative"
56,0.0819,0.728,0.735,0,0.147,-5.864,0.252,0.412,"Hip-Hop"
47,0.0922,0.375,0.599,0,0.2,-12.022,0.199,0.62,"Country"
84,0.0151,0.884,0.346,7.04e-06,0.0871,-8.228,0.351,0.376,"Rap"
34,0.00854,0.369,0.789,0.00671,0.0868,-4.346,0.0596,0.579,"Blues"
28,0.399,0.426,0.786,0.857,0.974,-9.923,0.0486,0.812,"Blues"
53,0.121,0.654,0.58,0,0.258,-6.764,0.477,0.278,"Hip-Hop"
79,0.0149,0.921,0.467,0.000238,0.334,-8.443,0.119,0.287,"Rap"
34,0.0039,0.776,0.804,0.053,0.132,-6.362,0.036,0.749,"Electronic"
70,0.342,0.671,0.501,0,0.194,-13.119,0.0594,0.86,"Rock"
60,0.0281,0.925,0.869,0,0.214,-5.64,0.338,0.731,"Rap"
26,0.00317,0.361,0.967,0.0256,0.278,-2.78,0.0626,0.499,"Anime"
34,7.88e-05,0.578,0.76,0.015,0.0538,-5.865,0.0441,0.575,"Electronic"
76,0.173,0.63,0.698,0,0.0789,-4.51,0.0244,0.529,"Rock"
64,0.76,0.725,0.276,0,0.116,-12.25,0.0599,0.717,"Jazz"
27,0.28,0.733,0.433,0.000547,0.0683,-6.615,0.0272,0.215,"Blues"
63,0.538,0.683,0.664,0,0.0671,-4.233,0.0332,0.866,"Alternative"
18,0.045,0.598,0.837,0.602,0.268,-5.237,0.0404,0.728,"Anime"
27,0.0953,0.171,0.399,0.852,0.265,-13.516,0.0311,0.247,"Anime"
70,0.197,0.884,0.547,0,0.178,-9.124,0.185,0.486,"Hip-Hop"
36,0.0763,0.747,0.561,0.199,0.689,-11.117,0.0418,0.665,"Jazz"
65,0.251,0.611,0.688,2.35e-06,0.248,-6.369,0.0529,0.649,"Country"
48,0.0178,0.606,0.599,2.93e-05,0.116,-7.61,0.0272,0.584,"Alternative"
49,0.553,0.401,0.495,0,0.684,-6.71,0.0332,0.352,"Alternative"
51,0.000892,0.209,0.857,0.00123,0.489,-5.419,0.0913,0.404,"Blues"
38,0.00155,0.348,0.691,0.00534,0.343,-6.611,0.0315,0.193,"Classical"
46,0.974,0.226,0.175,0.0688,0.109,-16.833,0.0419,0.041,"Classical"
56,0.994,0.311,0.0075,0.943,0.0877,-30.619,0.0397,0.0387,"Classical"
45,0.0807,0.487,0.84,0.0013,0.145,-6.275,0.0332,0.84,"Country"
56,0.00227,0.56,0.688,0,0.0596,-4.437,0.056,0.611,"Rock"
35,0.995,0.229,0.00494,0.905,0.101,-30.448,0.0443,0.0416,"Classical"
42,0.155,0.45,0.698,0.00536,0.924,-6.143,0.0387,0.399,"Blues"
36,0.00695,0.89,0.399,0.239,0.107,-12.429,0.0534,0.861,"Electronic"
67,0.0536,0.552,0.731,0,0.258,-6.873,0.615,0.632,"Rap"
70,0.54,0.791,0.557,0,0.103,-9.622,0.0698,0.284,"Rap"
57,0.0201,0.45,0.822,2.55e-06,0.134,-4.958,0.18,0.577,"Rock"
28,0.000109,0.48,0.829,0.547,0.258,-5.626,0.0372,0.276,"Electronic"
41,0.0092,0.598,0.685,0.000919,0.109,-7.025,0.06,0.557,"Country"
47,8.49e-06,0.291,0.925,0.114,0.0733,-9.901,0.0714,0.233,"Alternative"
67,0.0854,0.748,0.835,1.97e-06,0.0365,-5.731,0.0351,0.896,"Rock"
54,0.000879,0.834,0.628,0.000192,0.292,-6.616,0.0626,0.766,"Hip-Hop"
69,0.194,0.565,0.437,7.14e-06,0.0656,-7.68,0.0403,0.217,"Rock"
44,0.591,0.826,0.303,0.496,0.152,-15.485,0.0603,0.035,"Electronic"
57,0.14,0.511,0.622,4.95e-05,0.158,-5.094,0.15,0.296,"Rock"
65,0.104,0.744,0.385,2.43e-05,0.124,-8.129,0.602,0.228,"Rap"
51,0.12,0.511,0.524,0.073,0.237,-8.342,0.0303,0.491,"Electronic"
42,0.0706,0.233,0.529,1.61e-06,0.201,-5.69,0.0341,0.0766,"Alternative"
25,0.974,0.348,0.114,0.75,0.092,-20.541,0.0379,0.243,"Classical"
74,0.0728,0.801,0.578,0,0.185,-7.148,0.201,0.126,"Rap"
55,0.000105,0.369,0.835,0.0523,0.253,-4.462,0.0777,0.525,"Alternative"
26,0.988,0.233,0.243,0.0967,0.0917,-15.923,0.0429,0.0752,"Classical"
33,0.993,0.492,0.0658,0.963,0.166,-18.136,0.0437,0.523,"Jazz"
36,0.00237,0.623,0.849,0.0126,0.379,-6.376,0.0754,0.711,"Blues"
27,0.984,0.271,0.245,0.276,0.149,-10.912,0.0456,0.0394,"Classical"
53,0.722,0.512,0.313,0.0163,0.112,-9.528,0.0392,0.116,"Alternative"
44,0.0115,0.617,0.87,1.29e-05,0.396,-4.777,0.0761,0.723,"Alternative"
28,0.177,0.504,0.865,0.000895,0.345,-4.099,0.0504,0.543,"Blues"
40,0.00182,0.657,0.55,0.895,0.0416,-10.651,0.0342,0.153,"Electronic"
19,0.994,0.518,0.00602,0.851,0.0979,-31.431,0.0797,0.281,"Classical"
22,0.00252,0.387,0.835,0.000305,0.299,-6.947,0.072,0.369,"Electronic"
45,0.000618,0.344,0.972,0,0.15,-2.403,0.159,0.437,"Anime"
48,0.0315,0.815,0.796,0,0.25,-4.68,0.235,0.69,"Rap"
25,0.968,0.223,0.232,0.805,0.306,-24.017,0.0339,0.708,"Classical"
22,0.0999,0.485,0.732,0,0.0782,-6.609,0.057,0.384,"Country"
54,0.105,0.49,0.889,0,0.167,-2.942,0.0363,0.688,"Rock"
23,0.00301,0.708,0.894,0.612,0.196,-6.531,0.0478,0.254,"Electronic"
23,0.142,0.774,0.681,0,0.293,-6.372,0.063,0.647,"Blues"
50,0.208,0.743,0.628,0,0.0852,-7.834,0.455,0.295,"Hip-Hop"
47,0.000294,0.634,0.63,0.00103,0.349,-7.112,0.0234,0.424,"Alternative"
30,0.988,0.465,0.127,0.933,0.112,-18.6,0.0373,0.297,"Anime"
24,0.111,0.391,0.872,0.0174,0.21,-3.879,0.054,0.531,"Anime"
31,0.0115,0.535,0.505,0.0428,0.257,-5.604,0.0279,0.0701,"Jazz"
51,6.64e-05,0.355,0.893,0.0189,0.233,-3.921,0.0391,0.653,"Rock"
34,0.0553,0.685,0.728,2.25e-06,0.0801,-8.987,0.0371,0.899,"Blues"
68,0.0243,0.81,0.754,0,0.255,-6.138,0.302,0.68,"Rap"
21,0.526,0.619,0.729,1.46e-06,0.24,-2.646,0.0294,0.562,"Anime"
58,0.351,0.589,0.466,0.169,0.267,-7.75,0.0296,0.357,"Rock"
38,0.0567,0.435,0.874,0.00947,0.118,-4.706,0.0424,0.505,"Country"
35,0.0917,0.943,0.348,0,0.0792,-10.46,0.122,0.886,"Blues"
60,0.0122,0.541,0.734,1.15e-06,0.0696,-5.235,0.0457,0.69,"Rock"
49,0.0838,0.697,0.891,0.654,0.366,-8.005,0.0384,0.842,"Electronic"
51,0.00395,0.547,0.831,8.08e-06,0.12,-5.06,0.0324,0.101,"Alternative"
72,0.0109,0.907,0.65,0.000424,0.107,-5.661,0.312,0.626,"Hip-Hop"
58,0.0471,0.533,0.722,8.99e-06,0.242,-6.817,0.0341,0.396,"Rock"
28,1.02e-05,0.462,0.966,1.33e-05,0.112,-4.302,0.108,0.351,"Classical"
37,0.995,0.368,0.0496,0.956,0.152,-27.894,0.043,0.145,"Classical"
51,0.126,0.566,0.654,0,0.143,-6.608,0.3,0.583,"Rap"
47,0.876,0.632,0.33,8.19e-06,0.106,-10.939,0.0328,0.805,"Jazz"
4,0.969,0.309,0.153,0.000562,0.0847,-15.604,0.0408,0.141,"Classical"
57,0.298,0.615,0.724,0.459,0.211,-8.583,0.0306,0.449,"Rock"
25,0.971,0.355,0.0128,1.39e-05,0.283,-25.817,0.0525,0.0985,"Classical"
42,0.186,0.39,0.691,0.0161,0.173,-9.278,0.0619,0.348,"Blues"
25,0.113,0.386,0.991,2.25e-06,0.355,1.61,0.256,0.127,"Anime"
29,0.954,0.49,0.122,0.195,0.125,-16.02,0.0358,0.223,"Jazz"
44,0.0235,0.765,0.932,2.53e-06,0.119,-2.578,0.048,0.827,"Anime"
56,0.03,0.711,0.663,0,0.123,-5.805,0.142,0.214,"Rap"
35,0.0166,0.535,0.473,0,0.0459,-14.876,0.0533,0.817,"Blues"
38,0.3,0.623,0.825,0.00237,0.284,-6.788,0.0607,0.579,"Electronic"
45,0.0582,0.593,0.727,0,0.0656,-6.132,0.0366,0.446,"Alternative"
22,0.533,0.38,0.399,0,0.214,-7.307,0.039,0.232,"Anime"
35,0.00303,0.549,0.895,0.245,0.0875,-10.532,0.0341,0.523,"Electronic"
35,0.207,0.323,0.482,0,0.195,-8.024,0.0298,0.218,"Country"
51,0.00227,0.861,0.715,0,0.144,-4.393,0.301,0.535,"Hip-Hop"
37,0.0988,0.682,0.45,0,0.191,-8.887,0.034,0.934,"Blues"
75,0.708,0.717,0.577,0.00428,0.0899,-5.436,0.0491,0.235,"Rock"
47,0.953,0.661,0.401,0.0211,0.0822,-8.951,0.0531,0.617,"Blues"
48,0.00182,0.628,0.83,0.00732,0.0572,-7.369,0.0426,0.294,"Jazz"
47,0.00107,0.611,0.937,0.259,0.347,-6.552,0.0455,0.392,"Alternative"
63,0.6,0.588,0.644,0,0.647,-7.523,0.227,0.102,"Rap"
60,0.268,0.478,0.924,0,0.263,-6.191,0.373,0.566,"Rap"
38,0.366,0.598,0.598,0,0.0821,-8.426,0.0248,0.347,"Country"
41,0.0033,0.392,0.759,0,0.364,-6.162,0.127,0.394,"Alternative"
59,0.311,0.544,0.626,0,0.106,-9.544,0.334,0.399,"Hip-Hop"
18,0.992,0.412,0.0734,0.855,0.111,-23.028,0.0572,0.134,"Anime"
34,0.0994,0.635,0.68,0.00356,0.0908,-7.852,0.0267,0.559,"Jazz"
69,0.384,0.818,0.57,0.000102,0.19,-8.067,0.285,0.561,"Rap"
55,0.0825,0.493,0.649,0,0.117,-5.586,0.191,0.136,"Hip-Hop"
47,0.165,0.548,0.913,0,0.279,-4.561,0.0768,0.155,"Alternative"
14,0.0024,0.606,0.764,0.334,0.0411,-9.639,0.0368,0.897,"Anime"
26,0.00745,0.902,0.474,0.0895,0.146,-7.557,0.0709,0.542,"Electronic"
0,0.168,0.584,0.579,0.0358,0.161,-9.88,0.0291,0.365,"Jazz"
52,0.234,0.539,0.584,0,0.198,-10.616,0.335,0.674,"Rap"
56,0.0643,0.712,0.899,5.36e-06,0.117,-5.078,0.0648,0.58,"Country"
39,0.156,0.529,0.56,0.0299,0.155,-12.972,0.0329,0.866,"Country"
33,0.274,0.5,0.938,0,0.596,-3.741,0.0667,0.902,"Blues"
21,0.0142,0.686,0.654,0.026,0.147,-13.286,0.0388,0.769,"Electronic"
59,0.228,0.472,0.709,2.2e-05,0.114,-6.471,0.051,0.84,"Rock"
44,0.000937,0.326,0.756,0.000157,0.105,-3.39,0.0351,0.538,"Anime"
45,0.378,0.769,0.637,0.674,0.205,-9.218,0.0403,0.878,"Jazz"
56,0.00813,0.565,0.877,0.00251,0.26,-4.561,0.0614,0.389,"Alternative"
34,0.035,0.515,0.965,0.529,0.0918,-1.063,0.0518,0.601,"Electronic"
53,0.029,0.875,0.673,0,0.318,-7.74,0.21,0.621,"Rap"
3,0.0989,0.275,0.809,0.874,0.34,-12.913,0.0661,0.418,"Blues"
53,0.155,0.227,0.634,0.00029,0.345,-6.347,0.04,0.152,"Alternative"
46,0.437,0.709,0.525,0,0.318,-6.664,0.0358,0.536,"Jazz"
39,0.212,0.463,0.722,1.29e-05,0.177,-6.697,0.0362,0.543,"Country"
27,0.984,0.359,0.127,0.881,0.136,-23.531,0.0573,0.0437,"Classical"
56,0.0147,0.613,0.608,0,0.245,-5.429,0.0263,0.523,"Rock"
48,0.546,0.353,0.363,0,0.961,-9.107,0.0333,0.213,"Alternative"
67,0.00561,0.773,0.564,1.99e-05,0.213,-7.241,0.249,0.0588,"Alternative"
24,0.924,0.107,0.00813,0.0774,0.0862,-32.078,0.0426,0.0389,"Classical"
65,0.0278,0.774,0.458,0,0.133,-6.45,0.042,0.183,"Rap"
22,0.338,0.518,0.57,5.43e-05,0.382,-5.181,0.0256,0.365,"Anime"
38,0.563,0.658,0.512,0,0.959,-10.177,0.0345,0.599,"Country"
53,0.141,0.692,0.887,1.52e-06,0.178,-5.458,0.0644,0.45,"Country"
28,0.00146,0.401,0.985,0,0.19,-0.406,0.212,0.431,"Anime"
61,0.587,0.726,0.824,1.11e-06,0.113,-5.011,0.347,0.384,"Hip-Hop"
52,0.00901,0.529,0.714,6.26e-06,0.0772,-6.315,0.031,0.814,"Country"
63,0.726,0.486,0.312,1.59e-06,0.0601,-13.522,0.0533,0.598,"Blues"
49,0.0202,0.579,0.567,1e-06,0.246,-6.288,0.0314,0.215,"Blues"
51,0.994,0.305,0.0272,0.771,0.115,-31.167,0.042,0.151,"Classical"
63,0.00818,0.64,0.818,1.25e-05,0.275,-4.61,0.0456,0.763,"Alternative"
65,0.00166,0.407,0.968,0,0.131,-5.154,0.108,0.374,"Rock"
41,0.128,0.785,0.458,0.928,0.101,-6.59,0.0522,0.685,"Jazz"
31,0.00745,0.73,0.912,0.458,0.214,-8.146,0.053,0.756,"Electronic"
37,0.994,0.738,0.339,0.3,0.0922,-9.701,0.0641,0.424,"Blues"
53,0.427,0.612,0.705,0,0.658,-5.898,0.352,0.533,"Rap"
73,0.41,0.647,0.582,1.93e-06,0.0715,-9.538,0.0755,0.915,"Rock"
11,0.0199,0.407,0.869,0.00256,0.248,-3.717,0.0756,0.728,"Anime"
60,0.000621,0.315,0.826,0.000669,0.0703,-4.315,0.0644,0.359,"Blues"
35,0.991,0.362,0.0617,0.916,0.171,-24.588,0.0379,0.392,"Classical"
68,0.00096,0.723,0.459,0,0.11,-10.259,0.239,0.313,"Rap"
56,0.135,0.586,0.855,0,0.754,-3.481,0.323,0.549,"Rap"
22,0.0326,0.676,0.754,0.674,0.374,-11.037,0.0457,0.748,"Electronic"
57,0.575,0.706,0.262,0.235,0.148,-11.891,0.0269,0.269,"Rock"
30,0.00168,0.66,0.788,3.26e-05,0.36,-6.388,0.0356,0.354,"Electronic"
38,0.933,0.449,0.203,0.906,0.114,-15.79,0.0535,0.152,"Jazz"
47,0.306,0.722,0.406,0.0458,0.111,-10.967,0.0481,0.302,"Alternative"
32,0.00234,0.657,0.953,0.655,0.383,-4.06,0.0592,0.319,"Electronic"
52,9.76e-06,0.276,0.962,0.000366,0.0327,-3.797,0.0629,0.741,"Alternative"
33,0.279,0.601,0.532,0.805,0.348,-10.841,0.0334,0.376,"Electronic"
43,0.91,0.368,0.364,6.36e-06,0.137,-6.002,0.059,0.405,"Jazz"
43,0.000739,0.631,0.874,0.756,0.331,-5.821,0.067,0.338,"Electronic"
64,0.064,0.612,0.797,0,0.257,-3.648,0.448,0.358,"Hip-Hop"
78,0.222,0.786,0.82,0,0.575,-5.093,0.232,0.49,"Hip-Hop"
72,0.0317,0.539,0.859,0,0.102,-4.465,0.0399,0.456,"Country"
39,0.447,0.672,0.487,0,0.254,-6.466,0.0252,0.38,"Country"
59,0.407,0.425,0.596,0,0.147,-5.909,0.0356,0.214,"Country"
48,0.936,0.203,0.112,0.935,0.126,-18.029,0.0418,0.0374,"Anime"
30,0.461,0.539,0.66,0.00189,0.0564,-4.834,0.0319,0.735,"Blues"
33,0.475,0.601,0.531,0.229,0.058,-13.784,0.0431,0.818,"Blues"
44,0.89,0.529,0.206,0,0.31,-11.717,0.03,0.255,"Country"
49,0.0195,0.863,0.862,0,0.105,-4.679,0.0545,0.703,"Hip-Hop"
56,0.0865,0.674,0.888,0,0.472,-5.249,0.356,0.686,"Hip-Hop"
32,0.264,0.434,0.568,0.933,0.0708,-17.465,0.0315,0.202,"Electronic"
59,0.67,0.754,0.499,0,0.0829,-5.499,0.121,0.0462,"Rap"
37,0.513,0.603,0.401,0,0.127,-8.95,0.0311,0.432,"Country"
56,0.335,0.8,0.559,0,0.148,-7.11,0.116,0.788,"Rock"
60,0.0958,0.772,0.632,0,0.119,-6.229,0.299,0.515,"Hip-Hop"
39,0.529,0.539,0.12,0.0592,0.109,-14.916,0.0322,0.289,"Blues"
52,0.104,0.838,0.472,0,0.172,-8.116,0.339,0.578,"Rap"
46,0.936,0.12,0.105,0.915,0.0668,-16.685,0.034,0.0472,"Classical"
37,0.51,0.372,0.244,0.00289,0.185,-20.191,0.153,0.289,"Blues"
17,0.84,0.421,0.467,0.00101,0.169,-9.083,0.0341,0.259,"Anime"
30,0.986,0.295,0.0184,0.794,0.1,-29.027,0.0475,0.0801,"Classical"
52,0.0197,0.657,0.721,5.09e-05,0.222,-12.324,0.0275,0.915,"Country"
38,0.486,0.705,0.44,0,0.113,-4.452,0.0254,0.453,"Country"
34,0.0282,0.493,0.67,0,0.19,-7.676,0.0291,0.53,"Country"
36,0.00101,0.546,0.981,0.853,0.082,-2.69,0.336,0.186,"Electronic"
64,0.00172,0.551,0.939,0.000239,0.109,-5.371,0.171,0.367,"Rock"
72,0.0577,0.255,0.393,0.00361,0.113,-10.654,0.0278,0.118,"Rock"
52,0.481,0.596,0.563,0,0.14,-9.547,0.354,0.586,"Rap"
38,0.103,0.472,0.889,0,0.0702,-4.653,0.0988,0.267,"Anime"
49,0.105,0.611,0.912,0,0.117,-6.775,0.0398,0.77,"Rock"
40,0.622,0.683,0.516,0.00657,0.249,-8.914,0.0332,0.962,"Jazz"
21,0.115,0.456,0.832,0.00902,0.342,-8.053,0.0344,0.964,"Blues"
56,0.0632,0.705,0.75,0,0.146,-4.558,0.0522,0.392,"Hip-Hop"
59,0.0639,0.612,0.865,0,0.0801,-4.277,0.0424,0.643,"Rock"
69,0.0213,0.588,0.494,7.2e-05,0.0966,-8.831,0.0536,0.291,"Rock"
41,0.0029,0.464,0.712,0.0044,0.0693,-5.703,0.0391,0.651,"Alternative"
51,0.134,0.591,0.856,8.18e-05,0.293,-4.928,0.0351,0.615,"Country"
54,0.00961,0.523,0.88,0.000828,0.329,-9.019,0.0402,0.553,"Rock"
54,0.183,0.85,0.547,0,0.242,-7.559,0.417,0.533,"Hip-Hop"
54,0.554,0.465,0.456,0,0.111,-6.603,0.0282,0.293,"Alternative"
43,0.151,0.573,0.378,0.564,0.153,-14.555,0.0396,0.45,"Jazz"
28,0.984,0.0695,0.0087,0.02,0.103,-35.457,0.0505,0.0323,"Classical"
50,0.00708,0.51,0.827,7.27e-05,0.191,-6.013,0.0419,0.338,"Rock"
32,0.577,0.78,0.734,0.000184,0.0966,-5.814,0.031,0.761,"Blues"
52,0.243,0.723,0.672,0.00373,0.299,-7.875,0.0356,0.958,"Blues"
61,0.4,0.578,0.528,0,0.149,-7.169,0.274,0.622,"Rap"
47,0.03,0.589,0.778,0.00501,0.0833,-6.317,0.0285,0.637,"Alternative"
38,0.00685,0.831,0.743,0,0.0555,-6.393,0.161,0.7,"Country"
56,0.0508,0.73,0.573,0.0472,0.062,-7.009,0.0375,0.6,"Alternative"
57,6.68e-05,0.448,0.974,0.000391,0.119,-2.919,0.12,0.224,"Rock"
61,0.222,0.529,0.518,0.00314,0.316,-7.689,0.197,0.356,"Hip-Hop"
57,0.204,0.8,0.749,0,0.113,-4.943,0.33,0.961,"Hip-Hop"
34,0.3,0.721,0.675,3.06e-05,0.104,-8.894,0.0314,0.856,"Electronic"
52,0.0315,0.779,0.712,0,0.353,-9.162,0.357,0.495,"Hip-Hop"
49,0.325,0.578,0.887,0,0.578,-5.543,0.278,0.373,"Hip-Hop"
29,0.519,0.631,0.474,0.00123,0.102,-6.666,0.0353,0.442,"Blues"
30,0.00834,0.776,0.783,0.0449,0.0377,-3.595,0.0374,0.943,"Electronic"
21,0.977,0.68,0.265,0.000129,0.11,-8.579,0.032,0.325,"Anime"
27,0.000405,0.349,0.852,0.0365,0.105,-3.988,0.0511,0.56,"Anime"
41,0.0713,0.404,0.947,0.000422,0.329,-5.073,0.0399,0.868,"Country"
52,0.0828,0.721,0.583,0,0.0958,-6.734,0.0585,0.237,"Hip-Hop"
33,0.99,0.489,0.00407,0.905,0.0806,-21.808,0.053,0.0389,"Classical"
69,0.501,0.834,0.496,3.07e-06,0.0449,-13.653,0.0597,0.944,"Rock"
54,2.75e-05,0.423,0.818,0.000338,0.407,-3.603,0.102,0.496,"Alternative"
41,0.023,0.548,0.511,0.00018,0.0965,-12.063,0.0774,0.804,"Blues"
54,0.155,0.656,0.741,4.31e-06,0.123,-6.711,0.265,0.301,"Hip-Hop"
43,0.937,0.377,0.0442,0.898,0.0956,-30.849,0.0423,0.237,"Jazz"
57,0.0134,0.821,0.71,0.000569,0.214,-5.092,0.0848,0.264,"Country"
64,0.0223,0.474,0.948,0,0.43,-2.592,0.122,0.611,"Rap"
46,0.783,0.498,0.237,0.000164,0.14,-14.447,0.0303,0.391,"Jazz"
23,0.995,0.391,0.00584,0.905,0.072,-31.873,0.0573,0.154,"Classical"
31,0.974,0.153,0.0459,0.71,0.114,-25.249,0.0434,0.0402,"Classical"
35,0.995,0.37,0.00402,0.92,0.0773,-36.333,0.0455,0.156,"Classical"
31,0.000117,0.471,0.831,0.525,0.235,-3.108,0.037,0.037,"Electronic"
56,0.392,0.826,0.426,1.67e-06,0.172,-9.426,0.238,0.316,"Rap"
61,0.52,0.382,0.36,0.171,0.0747,-12.442,0.0365,0.0362,"Rock"
24,0.891,0.532,0.484,0.78,0.108,-7.702,0.0251,0.228,"Electronic"
10,0.00268,0.495,0.72,0.933,0.263,-8.206,0.0376,0.963,"Anime"
16,0.005,0.52,0.875,0.0108,0.22,-2.095,0.0488,0.636,"Anime"
68,0.0451,0.592,0.701,0,0.327,-4.014,0.0858,0.282,"Hip-Hop"
12,3.5e-06,0.464,0.896,0.963,0.0788,-10.665,0.0332,0.372,"Anime"
28,0.154,0.47,0.968,3.68e-05,0.349,-5.052,0.0799,0.446,"Anime"
52,0.198,0.852,0.663,0,0.34,-5.994,0.357,0.474,"Country"
46,0.000449,0.4,0.792,0.0848,0.185,-4.118,0.0368,0.338,"Alternative"
73,0.0522,0.862,0.479,0.00126,0.589,-9.199,0.0646,0.925,"Hip-Hop"
65,0.158,0.589,0.665,0,0.0971,-6.752,0.0453,0.462,"Rock"
37,0.249,0.623,0.552,0.00175,0.193,-7.657,0.0727,0.789,"Blues"
30,0.00155,0.48,0.991,5.86e-05,0.312,-1.881,0.134,0.385,"Anime"
39,0.115,0.719,0.573,0,0.0531,-6.351,0.0398,0.754,"Country"
55,0.00608,0.675,0.559,9.73e-05,0.0843,-9.003,0.106,0.668,"Rap"
82,0.0338,0.896,0.515,0,0.317,-5.395,0.183,0.174,"Rap"
38,0.919,0.429,0.177,0.888,0.722,-22.902,0.0333,0.173,"Jazz"
58,0.209,0.488,0.398,0.0239,0.0852,-13.677,0.0463,0.357,"Rock"
33,0.487,0.676,0.654,3.68e-05,0.137,-5.706,0.0345,0.667,"Blues"
62,0.715,0.583,0.527,6.7e-06,0.154,-7.876,0.0733,0.395,"Rap"
58,0.0736,0.564,0.567,0,0.256,-7.607,0.382,0.508,"Hip-Hop"
49,0.174,0.846,0.384,0,0.0895,-5.943,0.132,0.42,"Alternative"
23,0.134,0.33,0.415,0.847,0.0999,-12.811,0.0478,0.0399,"Anime"
37,0.844,0.533,0.423,0.572,0.146,-13.553,0.0358,0.82,"Jazz"
42,0.345,0.789,0.676,0.0281,0.112,-8.124,0.0344,0.869,"Jazz"
0,0.995,0.47,0.032,0.917,0.108,-28.515,0.0405,0.108,"Classical"
59,0.0609,0.767,0.749,6.87e-06,0.709,-8.097,0.309,0.225,"Hip-Hop"
44,0.0327,0.516,0.86,0.000131,0.162,-5.856,0.0319,0.43,"Country"
24,0.995,0.369,0.00431,0.887,0.0746,-34.565,0.0562,0.124,"Classical"
37,0.901,0.741,0.368,0.0574,0.128,-13.326,0.0386,0.725,"Jazz"
51,0.019,0.557,0.586,0.187,0.156,-5.743,0.0268,0.569,"Blues"
36,0.47,0.422,0.289,0.839,0.0782,-13.669,0.0469,0.0392,"Classical"
42,0.00264,0.362,0.92,0.000834,0.0868,-5.217,0.155,0.169,"Alternative"
38,0.981,0.554,0.2,0.000115,0.161,-11.364,0.0336,0.432,"Blues"
43,0.605,0.546,0.265,0.0347,0.0672,-14.524,0.0411,0.435,"Blues"
45,0.136,0.626,0.947,0.78,0.209,-4.608,0.057,0.959,"Electronic"
67,0.174,0.772,0.605,0,0.329,-4.223,0.0579,0.425,"Hip-Hop"
61,0.054,0.737,0.443,0.00614,0.0673,-12.171,0.0331,0.815,"Country"
62,0.301,0.736,0.379,0.345,0.104,-13.208,0.0539,0.948,"Blues"
34,0.866,0.508,0.259,0.268,0.131,-12.908,0.0409,0.56,"Jazz"
14,0.11,0.419,0.639,0.381,0.0935,-10.783,0.0328,0.0626,"Anime"
24,0.00165,0.663,0.701,0.563,0.589,-4.264,0.0472,0.325,"Electronic"
53,0.0159,0.368,0.602,1.56e-05,0.117,-6.086,0.0379,0.429,"Blues"
71,0.538,0.404,0.43,0,0.0802,-12.327,0.224,0.641,"Rock"
60,0.182,0.902,0.675,0,0.12,-6.717,0.164,0.62,"Rap"
58,0.145,0.594,0.507,0.000871,0.132,-6.141,0.0816,0.137,"Rap"
56,0.0147,0.558,0.817,0.000102,0.384,-3.619,0.0481,0.429,"Alternative"
17,0.413,0.443,0.831,0.933,0.354,-7.924,0.0418,0.273,"Anime"
33,0.528,0.799,0.516,0.00382,0.136,-7.583,0.0342,0.653,"Blues"
33,0.879,0.411,0.193,0.889,0.0667,-17.017,0.0299,0.285,"Electronic"
67,0.428,0.793,0.488,0,0.0823,-5.807,0.0462,0.5,"Rap"
30,0.942,0.272,0.174,2.66e-06,0.195,-18.137,0.0396,0.525,"Classical"
36,0.32,0.462,0.572,1.84e-05,0.38,-8.704,0.0297,0.37,"Country"
59,0.912,0.388,0.176,0.000336,0.0977,-16.952,0.0299,0.342,"Rock"
33,0.0662,0.302,0.712,0.00301,0.134,-6.856,0.158,0.565,"Blues"
70,0.393,0.683,0.695,0.00124,0.124,-6.798,0.0574,0.406,"Rap"
61,0.994,0.583,0.0238,0.847,0.103,-32.244,0.0369,0.426,"Classical"
35,0.137,0.383,0.932,0,0.939,-7.024,0.407,0.837,"Blues"
89,0.00534,0.95,0.59,0,0.11,-6.508,0.29,0.219,"Rap"
36,9.82e-06,0.461,0.962,0.641,0.3,-5.603,0.0645,0.665,"Anime"
53,0.143,0.888,0.451,1.76e-05,0.0519,-9.552,0.186,0.3,"Rap"
58,0.926,0.446,0.22,0.912,0.11,-17.385,0.0362,0.227,"Jazz"
61,0.00539,0.681,0.616,0.00403,0.0635,-9.173,0.0366,0.121,"Electronic"
30,0.00181,0.594,0.873,0.000704,0.106,-3.633,0.212,0.385,"Electronic"
69,0.0184,0.865,0.751,0,0.0529,-8.363,0.304,0.851,"Rap"
20,0.0829,0.929,0.311,3.28e-06,0.0556,-14.4,0.197,0.773,"Blues"
38,0.16,0.481,0.678,0.00324,0.191,-9.609,0.0323,0.579,"Jazz"
65,0.0729,0.786,0.854,1.63e-06,0.179,-4.247,0.0523,0.687,"Rap"
38,0.15,0.705,0.522,0,0.107,-8.021,0.0296,0.411,"Country"
64,0.0158,0.579,0.778,0,0.101,-5.933,0.164,0.467,"Rock"
33,0.109,0.234,0.945,1.28e-06,0.246,-4.389,0.259,0.338,"Anime"
33,0.888,0.0678,0.224,0.533,0.111,-21.218,0.0413,0.0383,"Anime"
66,0.000332,0.519,0.86,2.24e-06,0.069,-3.846,0.0338,0.543,"Rock"
69,0.159,0.748,0.538,1.62e-06,0.167,-9.943,0.222,0.779,"Hip-Hop"
53,0.00308,0.723,0.644,0,0.352,-6.863,0.222,0.645,"Hip-Hop"
41,0.777,0.261,0.332,1.1e-05,0.389,-10.823,0.0411,0.189,"Jazz"
43,0.00272,0.643,0.85,0.00768,0.154,-4.838,0.029,0.332,"Country"
59,0.0273,0.579,0.705,0,0.0704,-4.911,0.0339,0.761,"Rock"
30,0.862,0.6,0.303,2e-04,0.109,-10.907,0.042,0.321,"Jazz"
35,0.000215,0.222,0.997,0.117,0.543,-4.503,0.111,0.14,"Alternative"
25,0.00773,0.53,0.896,0.00303,0.0833,-5.489,0.137,0.243,"Blues"
30,0.0215,0.627,0.958,0,0.309,-4.56,0.0497,0.592,"Anime"
24,0.988,0.518,0.00226,0.975,0.0692,-35.881,0.0925,0.275,"Classical"
16,0.089,0.473,0.7,0.317,0.125,-10.37,0.0779,0.134,"Anime"
59,0.0942,0.919,0.677,0,0.594,-8.642,0.254,0.875,"Rap"
51,0.0762,0.265,0.588,0.0113,0.128,-9.036,0.05,0.171,"Electronic"
57,0.0399,0.8,0.68,0,0.136,-5.361,0.0616,0.341,"Rap"
28,0.593,0.799,0.646,0.016,0.102,-9.123,0.0264,0.739,"Electronic"
70,0.0755,0.679,0.715,0,0.271,-6.383,0.0407,0.571,"Rock"
27,0.985,0.412,0.0273,0.954,0.118,-31.813,0.0384,0.289,"Classical"
24,0.531,0.394,0.371,0,0.104,-8.453,0.0316,0.243,"Blues"
34,0.338,0.68,0.542,0,0.127,-10.398,0.0336,0.5,"Blues"
71,0.579,0.749,0.476,0,0.1,-11.147,0.507,0.534,"Hip-Hop"
46,6.2e-05,0.336,0.986,0.000196,0.0471,-3.514,0.127,0.196,"Alternative"
27,0.571,0.846,0.304,0.157,0.102,-12.683,0.0536,0.962,"Blues"
64,0.0291,0.506,0.809,0.000234,0.0909,-5.754,0.0539,0.559,"Alternative"
40,0.00732,0.616,0.987,0.00681,0.314,-1.861,0.0679,0.764,"Anime"
38,0.00422,0.489,0.672,0.272,0.108,-10.34,0.0294,0.699,"Electronic"
44,0.606,0.311,0.463,2.15e-05,0.263,-10.838,0.0601,0.594,"Blues"
64,0.992,0.342,0.0314,0.906,0.0767,-25.319,0.0439,0.117,"Classical"
47,0.0144,0.454,0.932,3.85e-06,0.455,-4.14,0.0526,0.84,"Country"
51,0.16,0.47,0.794,0,0.0927,-5.784,0.0438,0.673,"Country"
76,0.276,0.69,0.729,5.08e-05,0.106,-5.08,0.372,0.478,"Rap"
27,0.000143,0.458,0.949,0,0.357,-2.425,0.138,0.554,"Anime"
54,0.111,0.803,0.519,0.129,0.107,-8.59,0.148,0.345,"Hip-Hop"
0,0.907,0.194,0.277,0.946,0.639,-16.215,0.0516,0.08,"Classical"
54,0.0303,0.849,0.703,0,0.0831,-7.069,0.193,0.405,"Alternative"
17,3.07e-06,0.391,0.675,0,0.108,-13.032,0.0523,0.573,"Anime"
31,0.226,0.681,0.654,1.73e-06,0.192,-6.344,0.202,0.358,"Electronic"
23,0.633,0.519,0.426,2.54e-05,0.111,-5.09,0.0346,0.338,"Anime"
53,0.00351,0.422,0.953,1.03e-06,0.575,-5.927,0.123,0.2,"Rock"
62,3.39e-05,0.438,0.73,0.553,0.0509,-7.105,0.0461,0.705,"Rock"
57,0.0405,0.722,0.488,3.28e-06,0.322,-7.547,0.398,0.661,"Rap"
33,0.01,0.702,0.923,0,0.116,-5.068,0.0423,0.728,"Jazz"
63,0.000467,0.617,0.704,1.33e-05,0.326,-6.835,0.0301,0.358,"Rock"
24,0.267,0.666,0.877,0,0.0888,-3.733,0.0376,0.497,"Anime"
47,0.992,0.204,0.167,0.779,0.107,-17.264,0.0389,0.0812,"Classical"
26,0.97,0.146,0.0665,0.957,0.128,-17.08,0.0373,0.0339,"Anime"
37,0.612,0.687,0.182,0.869,0.136,-14.25,0.326,0.793,"Jazz"
50,0.153,0.353,0.532,0,0.124,-5.318,0.0306,0.282,"Country"
49,0.00267,0.185,0.889,0.0981,0.291,-5.491,0.0743,0.331,"Alternative"
55,0.724,0.571,0.634,0,0.0864,-9.155,0.0537,0.805,"Jazz"
40,0.073,0.358,0.831,0,0.758,-5.047,0.462,0.536,"Country"
48,0.00159,0.518,0.972,2.92e-06,0.23,-4.161,0.0794,0.311,"Alternative"
17,0.296,0.447,0.488,3.33e-06,0.0718,-6.397,0.0424,0.614,"Anime"
53,8.2e-05,0.306,0.709,0.00452,0.101,-3.593,0.0375,0.0436,"Rap"
39,0.0741,0.425,0.442,0.489,0.373,-13.692,0.126,0.722,"Jazz"
52,0.0745,0.603,0.728,0,0.192,-4.491,0.363,0.514,"Hip-Hop"
51,0.555,0.705,0.21,0.88,0.111,-14.007,0.0288,0.474,"Electronic"
40,0.99,0.719,0.108,0.898,0.118,-19.451,0.0403,0.488,"Jazz"
54,0.162,0.293,0.887,0.00065,0.103,-4.629,0.0876,0.183,"Alternative"
54,0.00354,0.749,0.909,0,0.337,-2.808,0.074,0.393,"Rap"
33,0.241,0.475,0.591,0.000141,0.251,-13.896,0.0396,0.68,"Blues"
38,0.167,0.432,0.632,0,0.162,-5.141,0.0286,0.366,"Country"
51,0.0298,0.929,0.61,0,0.0958,-6.064,0.321,0.868,"Hip-Hop"
43,0.664,0.458,0.398,5.5e-06,0.0757,-11.821,0.0314,0.461,"Country"
62,0.0359,0.769,0.505,0.000106,0.107,-6.882,0.252,0.297,"Hip-Hop"
53,0.000217,0.545,0.921,0.0277,0.164,-3.881,0.126,0.146,"Electronic"
56,0.00123,0.456,0.86,0,0.154,-3.444,0.0403,0.387,"Alternative"
27,0.586,0.77,0.317,0,0.0529,-8.974,0.0359,0.82,"Blues"
55,0.459,0.657,0.69,0,0.122,-6.866,0.0298,0.573,"Rock"
59,0.0207,0.788,0.328,2.53e-06,0.118,-9.991,0.392,0.213,"Hip-Hop"
35,0.922,0.107,0.0404,0.927,0.105,-25.179,0.0433,0.0322,"Classical"
23,0.00178,0.552,0.899,9.1e-06,0.161,-4.592,0.0711,0.523,"Anime"
59,0.213,0.532,0.614,0.0173,0.109,-7.726,0.0875,0.638,"Rap"
51,0.377,0.672,0.673,0.0147,0.21,-13.863,0.0506,0.818,"Blues"
34,0.103,0.776,0.795,0.584,0.108,-7.548,0.162,0.45,"Blues"
47,0.224,0.896,0.457,1.47e-06,0.0832,-9.075,0.0777,0.921,"Alternative"
63,0.0261,0.47,0.978,1.09e-05,0.356,-5.399,0.0727,0.503,"Alternative"
47,0.143,0.629,0.938,0.0149,0.115,-3.293,0.0323,0.628,"Blues"
60,0.728,0.796,0.631,0.0022,0.151,-7.623,0.0479,0.684,"Alternative"
57,0.00712,0.862,0.523,0.00238,0.129,-6.851,0.378,0.172,"Rap"
56,0.0191,0.73,0.923,0,0.3,-3.323,0.258,0.659,"Hip-Hop"
55,0.0951,0.818,0.374,0.0139,0.217,-10.666,0.0459,0.457,"Rock"
47,0.00176,0.452,0.949,0,0.304,-2.967,0.0694,0.402,"Alternative"
38,0.0683,0.526,0.881,0,0.701,-3.829,0.059,0.873,"Country"
61,0.161,0.674,0.566,9.42e-06,0.349,-9.07,0.408,0.752,"Hip-Hop"
64,0.00272,0.235,0.86,0.0969,0.388,-2.842,0.0561,0.342,"Rock"
54,0.309,0.847,0.551,0.011,0.145,-9.335,0.0544,0.614,"Jazz"
58,0.343,0.867,0.79,0.0131,0.245,-5.424,0.0518,0.814,"Jazz"
38,0.906,0.478,0.255,0.899,0.0391,-17.796,0.0366,0.519,"Classical"
36,0.994,0.0836,0.0523,0.923,0.121,-31.793,0.0442,0.271,"Classical"
62,0.0453,0.574,0.937,0,0.242,-4.34,0.112,0.446,"Rock"
41,0.000775,0.805,0.669,0,0.0926,-9.772,0.269,0.681,"Hip-Hop"
42,0.407,0.403,0.412,0.365,0.107,-10.706,0.0295,0.307,"Country"
36,0.0713,0.511,0.897,6.53e-05,0.0858,-2.832,0.0362,0.829,"Country"
42,0.189,0.459,0.655,0.00078,0.0963,-7.502,0.031,0.395,"Country"
39,0.82,0.599,0.444,0.000474,0.122,-8.648,0.044,0.508,"Jazz"
26,0.029,0.741,0.931,0.000324,0.149,-6.028,0.187,0.155,"Electronic"
67,0.196,0.571,0.646,6.67e-05,0.0637,-6.286,0.0487,0.0725,"Rap"
52,0.115,0.788,0.463,0.857,0.096,-8.325,0.0495,0.672,"Electronic"
53,0.415,0.617,0.289,0.0197,0.105,-6.739,0.0362,0.37,"Country"
12,0.99,0.462,0.0332,0.85,0.127,-25.262,0.0714,0.123,"Anime"
69,0.245,0.42,0.33,0.000679,0.0677,-13.925,0.0275,0.175,"Alternative"
34,0.0972,0.794,0.768,0.0441,0.0831,-10.229,0.0424,0.962,"Country"
40,0.0957,0.392,0.755,2.74e-05,0.296,-3.838,0.045,0.367,"Country"
33,0.00715,0.669,0.859,0.00049,0.111,-4.345,0.194,0.474,"Electronic"
23,0.74,0.594,0.766,0.00147,0.102,-6.258,0.0281,0.804,"Blues"
17,0.00149,0.551,0.957,0.458,0.28,-4.215,0.0588,0.687,"Anime"
35,0.0193,0.537,0.746,3.97e-06,0.0841,-5.095,0.0399,0.626,"Country"
54,0.0309,0.457,0.93,6.27e-05,0.135,-4.544,0.0673,0.294,"Alternative"
61,0.178,0.743,0.731,0,0.0876,-3.417,0.379,0.243,"Hip-Hop"
61,0.058,0.627,0.837,0.000567,0.328,-7.162,0.36,0.504,"Hip-Hop"
47,0.684,0.678,0.393,0.000271,0.322,-9.495,0.0459,0.624,"Jazz"
45,0.66,0.322,0.53,1.17e-06,0.335,-7.241,0.0301,0.196,"Alternative"
75,0.0399,0.823,0.563,0,0.0851,-5.095,0.0443,0.682,"Rap"
54,0.0406,0.493,0.547,0.0054,0.112,-7.189,0.0682,0.054,"Rap"
55,0.342,0.542,0.346,0,0.283,-6.598,0.0296,0.173,"Country"
53,0.973,0.107,0.289,0.934,0.0812,-16.15,0.0337,0.0364,"Rock"
83,0.00586,0.888,0.74,0,0.218,-5.363,0.238,0.664,"Rap"
24,0.0247,0.413,0.875,0.000112,0.0988,-4.513,0.082,0.793,"Anime"
45,0.634,0.649,0.623,0,0.0802,-6.038,0.0603,0.263,"Country"
29,0.00857,0.643,0.966,0.00331,0.255,-3.902,0.0442,0.912,"Anime"
49,0.734,0.531,0.549,0,0.715,-9.949,0.324,0.308,"Rap"
32,0.638,0.651,0.279,0.885,0.0679,-14.753,0.0287,0.332,"Electronic"
36,0.0228,0.637,0.948,0.782,0.42,-6.362,0.119,0.282,"Blues"
53,0.518,0.476,0.361,0,0.0817,-9.312,0.0287,0.389,"Country"
25,0.399,0.49,0.494,0,0.163,-6.32,0.0257,0.255,"Anime"
48,0.0553,0.763,0.758,0.912,0.798,-6.649,0.0403,0.789,"Jazz"
33,0.0258,0.685,0.799,0.233,0.704,-10.435,0.0499,0.624,"Electronic"
54,0.00171,0.222,0.938,0.0845,0.108,-6.91,0.375,0.329,"Rock"
31,0.0242,0.279,0.98,0.00127,0.324,-5.259,0.173,0.273,"Blues"
42,0.0797,0.83,0.768,0,0.139,-3.552,0.229,0.573,"Electronic"
51,0.701,0.599,0.396,0.82,0.11,-8.519,0.138,0.691,"Alternative"
39,0.0382,0.567,0.862,0.000162,0.0973,-5.887,0.0452,0.661,"Country"
59,0.895,0.488,0.172,3.52e-05,0.0753,-14.264,0.0372,0.362,"Rock"
75,0.384,0.736,0.515,4.31e-06,0.113,-7.739,0.163,0.421,"Hip-Hop"
52,0.0313,0.723,0.837,0,0.265,-5.061,0.118,0.66,"Hip-Hop"
30,0.0772,0.469,0.547,0.463,0.136,-4.96,0.275,0.0638,"Electronic"
21,0.0481,0.479,0.94,0,0.137,-2.41,0.116,0.522,"Anime"
31,0.00359,0.654,0.71,0.884,0.101,-10.315,0.0421,0.695,"Jazz"
68,0.343,0.651,0.671,0,0.119,-8.183,0.27,0.161,"Rap"
60,0.107,0.733,0.521,0,0.0692,-3.657,0.0457,0.525,"Hip-Hop"
46,0.913,0.532,0.112,0.439,0.284,-18.836,0.0279,0.391,"Jazz"
23,0.000231,0.497,0.967,0.792,0.394,-8.167,0.149,0.569,"Anime"
71,0.0801,0.635,0.675,0,0.0831,-3.445,0.0263,0.273,"Rock"
53,0.105,0.743,0.705,0,0.224,-4.803,0.0431,0.965,"Country"
57,0.94,0.415,0.132,0.137,0.113,-18.839,0.0353,0.122,"Rock"
51,0.000711,0.453,0.888,0,0.33,-4.897,0.0507,0.275,"Alternative"
28,0.995,0.494,0.0264,0.895,0.0861,-31.373,0.0303,0.223,"Anime"
63,0.0127,0.601,0.852,7.27e-05,0.0877,-5.097,0.0582,0.465,"Rock"
56,0.0158,0.464,0.368,0.022,0.282,-12.529,0.0335,0.111,"Jazz"
50,0.0042,0.445,0.847,0.0875,0.207,-6.632,0.0435,0.448,"Blues"
55,0.0121,0.852,0.694,0,0.126,-6.765,0.0653,0.789,"Hip-Hop"
57,0.74,0.509,0.508,0.305,0.0979,-11.33,0.0319,0.366,"Alternative"
0,0.991,0.248,0.0445,0.849,0.0947,-34.523,0.0457,0.398,"Classical"
55,0.0762,0.698,0.747,3.51e-06,0.102,-4.202,0.0612,0.663,"Rap"
71,0.000423,0.278,0.676,0.000899,0.136,-8.821,0.0371,0.494,"Alternative"
14,0.891,0.259,0.392,0.97,0.101,-15.466,0.0445,0.054,"Anime"
17,0.954,0.745,0.117,0.00331,0.128,-14.264,0.0446,0.536,"Anime"
58,1.2e-05,0.559,0.868,0.00394,0.0418,-4.738,0.0475,0.684,"Rap"
78,0.371,0.558,0.559,7.49e-06,0.109,-9.222,0.0959,0.62,"Hip-Hop"
31,0.0168,0.835,0.755,0.734,0.366,-4.751,0.0854,0.193,"Electronic"
55,0.19,0.707,0.556,0.0159,0.388,-10.101,0.0303,0.746,"Country"
62,0.274,0.678,0.794,1.68e-06,0.124,-6.186,0.14,0.54,"Rap"
48,0.275,0.723,0.938,3.07e-06,0.217,-1.149,0.188,0.865,"Blues"
11,0.98,0.422,0.186,0.824,0.0997,-20.039,0.0553,0.312,"Classical"
24,0.962,0.239,0.422,0.638,0.22,-9.646,0.0348,0.0789,"Anime"
48,0.901,0.182,0.107,0.898,0.0983,-21.873,0.0385,0.039,"Classical"
60,0.0884,0.564,0.738,0,0.148,-7.92,0.211,0.383,"Rap"
50,0.000991,0.528,0.799,0,0.12,-4.569,0.0326,0.515,"Alternative"
39,0.452,0.646,0.455,0,0.113,-9.813,0.0246,0.369,"Country"
56,0.0308,0.523,0.762,0,0.0675,-8.669,0.0346,0.881,"Rock"
20,0.0329,0.626,0.882,7.43e-06,0.164,-6.109,0.0809,0.643,"Anime"
62,0.0869,0.676,0.703,0.000687,0.0463,-5.815,0.0302,0.852,"Hip-Hop"
34,0.348,0.571,0.937,0.0062,0.356,-4.661,0.116,0.62,"Blues"
50,0.245,0.501,0.723,0.00306,0.156,-6.053,0.0355,0.489,"Rock"
53,0.0934,0.842,0.772,0,0.284,-8.278,0.0883,0.831,"Hip-Hop"
41,0.485,0.627,0.844,0,0.181,-4.428,0.0483,0.918,"Jazz"
52,0.0841,0.776,0.908,0,0.275,-3.835,0.358,0.449,"Hip-Hop"
45,0.00109,0.45,0.951,1.12e-05,0.185,-4.288,0.0399,0.784,"Alternative"
74,0.402,0.514,0.506,2.56e-05,0.191,-7.095,0.28,0.312,"Rap"
74,0.00403,0.609,0.807,5.42e-06,0.0926,-7.221,0.0972,0.492,"Country"
54,0.0474,0.559,0.876,0,0.0734,-6.479,0.0495,0.4,"Rock"
69,0.314,0.704,0.517,6.36e-06,0.174,-7.999,0.312,0.443,"Rap"
32,0.838,0.534,0.504,0.194,0.379,-9.662,0.0383,0.81,"Jazz"
32,0.0102,0.505,0.981,8.88e-06,0.537,-6.238,0.227,0.285,"Classical"
59,0.083,0.428,0.78,0,0.115,-3.472,0.0373,0.431,"Country"
32,0.991,0.503,0.159,0.884,0.16,-15.5,0.0509,0.513,"Jazz"
52,0.535,0.834,0.439,5.83e-06,0.192,-12.639,0.51,0.714,"Hip-Hop"
39,0.449,0.433,0.298,9.07e-05,0.101,-11.074,0.0301,0.353,"Blues"
35,0.00293,0.316,0.601,0.0102,0.189,-9.278,0.0483,0.51,"Blues"
45,0.0497,0.469,0.867,6.87e-06,0.37,-4.586,0.0512,0.584,"Country"
45,0.868,0.202,0.206,0.00583,0.0899,-14.228,0.0313,0.101,"Jazz"
45,3.3e-06,0.439,0.894,0.0211,0.0905,-6.396,0.0517,0.591,"Alternative"
74,0.398,0.727,0.62,0,0.0926,-6.443,0.306,0.555,"Hip-Hop"
63,0.379,0.795,0.667,0,0.221,-4.831,0.0392,0.754,"Rock"
36,0.0186,0.568,0.882,0.000198,0.195,-4.731,0.067,0.423,"Country"
50,0.934,0.376,0.0811,0.0752,0.0843,-19.927,0.0326,0.385,"Jazz"
49,0.0366,0.735,0.596,0,0.0797,-4.879,0.136,0.311,"Rap"
36,0.00107,0.258,0.949,0.032,0.542,-5.066,0.128,0.224,"Classical"
70,0.06,0.696,0.52,0,0.118,-6.361,0.294,0.359,"Rap"
55,3e-04,0.572,0.944,0.00648,0.669,-5.231,0.139,0.268,"Rock"
21,0.824,0.612,0.429,0.000974,0.104,-10.287,0.0333,0.742,"Blues"
67,0.0444,0.615,0.711,0,0.145,-5.507,0.0779,0.711,"Rap"
46,0.000937,0.317,0.554,0.0966,0.205,-7.624,0.0291,0.384,"Country"
47,0.00996,0.601,0.531,0,0.116,-7.103,0.0548,0.127,"Electronic"
44,0.00366,0.911,0.551,0.0683,0.137,-7.25,0.1,0.733,"Electronic"
62,0.0819,0.421,0.963,0,0.5,-2.16,0.415,0.494,"Rap"
20,0.00386,0.496,0.851,0.964,0.102,-6.423,0.0371,0.937,"Anime"
30,0.716,0.784,0.462,0.832,0.108,-11.076,0.0404,0.833,"Jazz"
40,0.0477,0.628,0.741,0.29,0.0802,-4.533,0.032,0.646,"Jazz"
39,0.538,0.292,0.198,0,0.11,-11.175,0.0366,0.2,"Classical"
35,0.65,0.363,0.38,0,0.0859,-7.778,0.0348,0.265,"Blues"
30,0.0469,0.732,0.533,1.23e-06,0.0618,-8.019,0.113,0.676,"Jazz"
64,0.696,0.55,0.767,7.2e-05,0.227,-7.574,0.0909,0.815,"Country"
21,0.478,0.547,0.848,0.00118,0.359,-5.122,0.0477,0.579,"Blues"
24,0.368,0.181,0.677,0.929,0.136,-8.148,0.0463,0.114,"Anime"
39,0.0476,0.642,0.316,0.828,0.116,-18.527,0.0663,0.0875,"Electronic"
53,0.124,0.485,0.552,0,0.103,-4.539,0.0305,0.476,"Country"
50,0.564,0.729,0.425,5.46e-05,0.22,-10.207,0.0668,0.863,"Rock"
37,0.613,0.46,0.633,0,0.274,-7.153,0.0404,0.515,"Jazz"
63,0.223,0.619,0.896,0,0.101,-4.233,0.0315,0.952,"Alternative"
26,0.00768,0.406,0.961,0,0.207,-2.777,0.109,0.429,"Anime"
12,0.0402,0.651,0.527,0.0152,0.149,-9.847,0.0309,0.458,"Blues"
58,0.692,0.314,0.399,0.00419,0.11,-9.199,0.0501,0.302,"Alternative"
48,0.0109,0.853,0.494,0.000884,0.205,-10.911,0.201,0.341,"Alternative"
54,0.227,0.739,0.725,0,0.0991,-4.301,0.203,0.582,"Hip-Hop"
56,0.375,0.438,0.593,1.8e-05,0.388,-7.786,0.049,0.0791,"Rap"
24,0.398,0.679,0.13,0.731,0.106,-13.702,0.0705,0.706,"Anime"
57,0.091,0.891,0.827,1.53e-06,0.221,-6.139,0.351,0.861,"Hip-Hop"
38,0.0604,0.541,0.655,0,0.0696,-11.3,0.0579,0.728,"Blues"
44,0.000143,0.509,0.751,0.157,0.108,-6.963,0.0351,0.133,"Alternative"
37,1.87e-05,0.215,0.986,0.934,0.106,-5.263,0.215,0.0381,"Electronic"
25,0.863,0.141,0.379,0.0528,0.106,-21.39,0.0527,0.047,"Anime"
54,0.827,0.585,0.229,0.897,0.12,-9.554,0.0306,0.277,"Jazz"
55,0.205,0.577,0.86,0,0.334,-6.2,0.318,0.789,"Rap"
35,0.00137,0.238,0.927,0,0.125,-3.69,0.0554,0.365,"Classical"
55,0.0397,0.713,0.803,0,0.332,-4.124,0.385,0.669,"Rap"
57,0.277,0.535,0.479,0.0285,0.139,-14.112,0.0311,0.504,"Rock"
48,0.101,0.53,0.54,0,0.35,-6.859,0.0499,0.476,"Alternative"
48,0.854,0.673,0.392,0.85,0.117,-8.929,0.0359,0.853,"Alternative"
35,0.341,0.514,0.584,0.946,0.485,-10.067,0.0271,0.197,"Electronic"
54,0.108,0.887,0.372,3.69e-05,0.137,-10.552,0.488,0.487,"Hip-Hop"
33,0.00275,0.859,0.477,0.948,0.0836,-11.545,0.104,0.253,"Electronic"
61,0.503,0.799,0.502,3.93e-06,0.143,-6.999,0.0792,0.819,"Rap"
34,0.0893,0.69,0.773,9.15e-05,0.294,-10.003,0.24,0.882,"Jazz"
75,0.00178,0.394,0.944,4.54e-06,0.298,-6.506,0.0761,0.265,"Rock"
4,0.536,0.591,0.257,0.0193,0.0838,-17.782,0.0316,0.237,"Blues"
22,0.00613,0.305,0.885,0,0.32,-3.203,0.282,0.579,"Anime"
57,0.863,0.315,0.224,0.000377,0.109,-11.94,0.0406,0.0727,"Rock"
30,0.946,0.253,0.145,0.853,0.0973,-18.668,0.0369,0.114,"Classical"
22,0.00044,0.574,0.74,0.0125,0.18,-7.299,0.0457,0.69,"Blues"
36,0.557,0.559,0.488,0.0621,0.0848,-6.976,0.0301,0.624,"Jazz"
66,0.0877,0.757,0.579,0,0.104,-9.174,0.0655,0.537,"Rap"
47,0.908,0.346,0.218,7.42e-06,0.0967,-11.324,0.0301,0.255,"Country"
39,0.992,0.51,0.0885,0.88,0.683,-27.083,0.0676,0.396,"Classical"
39,0.0509,0.402,0.892,0,0.345,-7.373,0.0302,0.951,"Blues"
57,0.0419,0.679,0.801,4.85e-06,0.11,-5.598,0.163,0.517,"Rock"
32,0.00665,0.417,0.692,0.0121,0.901,-12.388,0.114,0.673,"Blues"
53,0.0374,0.689,0.606,1.62e-05,0.158,-5.997,0.0752,0.661,"Rap"
18,0.581,0.523,0.614,0.0113,0.112,-5.261,0.0292,0.56,"Blues"
23,0.147,0.768,0.634,0.861,0.0733,-9.651,0.0397,0.338,"Electronic"
53,0.148,0.775,0.795,0.00119,0.0411,-4.171,0.206,0.796,"Hip-Hop"
77,0.115,0.719,0.497,0,0.0898,-7.661,0.681,0.345,"Hip-Hop"
13,0.854,0.272,0.144,0.51,0.0956,-22.634,0.0353,0.0377,"Anime"
37,0.983,0.351,0.232,0.839,0.218,-15.058,0.0437,0.202,"Classical"
33,0.133,0.695,0.862,0.0344,0.149,-1.481,0.141,0.701,"Electronic"
45,0.0335,0.505,0.872,0,0.0832,-5.182,0.0561,0.603,"Country"
49,0.00306,0.398,0.982,0.0243,0.44,-3.979,0.178,0.401,"Alternative"
0,0.348,0.544,0.445,0.00103,0.221,-16.22,0.0278,0.145,"Rock"
24,0.00267,0.586,0.984,0.0012,0.189,-2.065,0.0791,0.66,"Anime"
35,0.151,0.817,0.623,0.847,0.136,-6.911,0.0521,0.688,"Jazz"
19,0.0271,0.621,0.892,0.000298,0.107,-5.658,0.0384,0.359,"Anime"
64,0.000763,0.497,0.872,8.94e-05,0.171,-6.166,0.115,0.383,"Rap"
66,0.272,0.635,0.601,0,0.112,-9.837,0.144,0.515,"Hip-Hop"
32,0.88,0.562,0.347,0.0709,0.136,-9.546,0.0411,0.48,"Blues"
46,0.522,0.332,0.522,0,0.106,-4.749,0.0369,0.171,"Country"
42,0.718,0.403,0.522,0.0192,0.147,-8.096,0.0407,0.543,"Country"
60,0.0121,0.695,0.807,0,0.266,-5.123,0.0346,0.4,"Rap"
43,1.85e-05,0.524,0.828,0.851,0.0977,-7.182,0.035,0.218,"Jazz"
35,0.291,0.523,0.897,0,0.288,-3.487,0.0423,0.634,"Country"
46,0.000132,0.226,0.823,6.41e-05,0.0891,-5.425,0.0421,0.406,"Alternative"
27,0.00552,0.66,0.934,4.27e-06,0.0943,0.004,0.0664,0.362,"Electronic"
54,0.458,0.794,0.364,0.923,0.0991,-8.369,0.131,0.471,"Hip-Hop"
54,0.00964,0.58,0.884,1.5e-06,0.116,-4.358,0.0381,0.464,"Rock"
56,0.519,0.82,0.743,0,0.116,-6.776,0.313,0.812,"Hip-Hop"
30,0.0519,0.529,0.849,0,0.0776,-3.668,0.0491,0.19,"Anime"
51,0.0551,0.67,0.563,0,0.066,-6.749,0.355,0.685,"Rap"
28,0.138,0.637,0.485,0.689,0.115,-10.328,0.0309,0.609,"Jazz"
47,0.513,0.737,0.541,0.0214,0.284,-8.17,0.156,0.598,"Rap"
38,0.0624,0.363,0.886,0.000144,0.323,-4.303,0.0972,0.57,"Blues"
20,0.0465,0.506,0.956,0,0.344,-2.723,0.0485,0.455,"Anime"
39,0.992,0.286,0.0603,0.907,0.106,-19.291,0.0392,0.0567,"Classical"
29,0.000266,0.866,0.697,0.0401,0.0528,-7.201,0.067,0.776,"Electronic"
45,0.000793,0.576,0.873,0.00225,0.113,-6.058,0.111,0.595,"Alternative"
75,2.86e-05,0.516,0.906,0.000101,0.105,-4.525,0.0658,0.728,"Rock"
24,0.129,0.583,0.384,0.000984,0.111,-7.25,0.0455,0.175,"Blues"
15,0.0729,0.472,0.613,0.000754,0.0427,-6.332,0.133,0.533,"Anime"
42,0.241,0.723,0.883,0.301,0.095,-6.595,0.0645,0.849,"Jazz"
29,0.99,0.55,0.283,0.828,0.137,-16.752,0.0414,0.768,"Anime"
25,0.287,0.53,0.644,0,0.131,-3.892,0.032,0.437,"Anime"
43,0.0353,0.792,0.777,0.00363,0.104,-6.424,0.218,0.805,"Jazz"
52,0.705,0.715,0.669,0.000732,0.044,-9.491,0.128,0.976,"Blues"
82,0.0802,0.776,0.736,0,0.159,-4.612,0.247,0.233,"Rap"
39,0.592,0.679,0.406,0.0649,0.103,-10.492,0.0254,0.653,"Jazz"
34,0.241,0.813,0.607,0.0119,0.126,-11.57,0.0838,0.687,"Jazz"
35,0.0124,0.812,0.616,0.807,0.117,-7.067,0.0305,0.845,"Jazz"
55,0.0376,0.528,0.703,0,0.0953,-4.273,0.0502,0.127,"Country"
49,0.0203,0.813,0.406,0.392,0.0757,-12.626,0.0662,0.755,"Alternative"
56,0.248,0.576,0.602,0.000609,0.144,-6.591,0.315,0.56,"Hip-Hop"
52,0.678,0.407,0.489,0.922,0.0538,-14.657,0.0297,0.305,"Jazz"
59,0.0455,0.47,0.74,0,0.091,-6.093,0.07,0.562,"Alternative"
30,0.887,0.466,0.233,0,0.152,-9.075,0.0311,0.337,"Anime"
46,0.147,0.745,0.798,0.651,0.197,-5.436,0.0384,0.388,"Jazz"
71,0.0158,0.87,0.656,0,0.106,-5.081,0.117,0.416,"Hip-Hop"
52,0.00618,0.699,0.739,1.42e-05,0.338,-4.71,0.263,0.0631,"Hip-Hop"
34,0.00774,0.527,0.977,3.74e-06,0.0704,-2.555,0.0578,0.511,"Anime"
34,0.653,0.447,0.535,0.0146,0.171,-8.205,0.0347,0.838,"Jazz"
53,0.18,0.759,0.866,0,0.939,-3.084,0.26,0.565,"Rap"
42,0.448,0.546,0.424,0.00204,0.0868,-9.275,0.0409,0.425,"Blues"
45,0.823,0.633,0.288,0,0.199,-11.147,0.5,0.727,"Alternative"
47,0.245,0.75,0.513,1.23e-06,0.0535,-8.811,0.0284,0.497,"Country"
60,0.289,0.792,0.85,0.00012,0.132,-3.621,0.0329,0.965,"Rock"
14,0.99,0.574,0.037,0.694,0.111,-32.731,0.0564,0.565,"Anime"
58,0.0301,0.697,0.514,0.535,0.212,-8.626,0.0286,0.449,"Jazz"
45,0.0325,0.56,0.965,0.000984,0.43,-3.67,0.0472,0.771,"Country"
60,0.0024,0.578,0.546,0,0.0908,-8.149,0.0552,0.0819,"Rap"
32,8.57e-05,0.453,0.781,0.0039,0.111,-5.497,0.045,0.384,"Anime"
59,0.242,0.747,0.378,0,0.163,-10.628,0.146,0.176,"Hip-Hop"
82,0.0021,0.592,0.767,0.00165,0.127,-2.788,0.027,0.328,"Rock"
29,0.00414,0.582,0.954,0.619,0.163,-5.342,0.0499,0.422,"Electronic"
64,0.00331,0.915,0.511,0,0.0752,-7.482,0.323,0.619,"Rap"
60,0.532,0.328,0.498,7.94e-05,0.117,-10.898,0.126,0.36,"Rap"
35,0.434,0.778,0.549,0,0.0488,-6.267,0.036,0.762,"Jazz"
32,0.954,0.384,0.39,0.851,0.686,-18.728,0.0615,0.0894,"Anime"
40,0.425,0.827,0.66,0.889,0.104,-11.89,0.0585,0.67,"Electronic"
25,0.26,0.475,0.804,2.04e-05,0.297,-6.52,0.0487,0.197,"Anime"
65,0.132,0.876,0.41,0.000188,0.112,-10.034,0.262,0.816,"Hip-Hop"
50,0.0355,0.356,0.811,0.811,0.116,-8.069,0.0447,0.334,"Jazz"
35,0.00617,0.685,0.63,0.949,0.0684,-13.245,0.0488,0.0355,"Electronic"
45,0.0756,0.401,0.703,0,0.116,-5.888,0.0333,0.454,"Country"
63,0.891,0.311,0.0765,0.973,0.114,-21.822,0.0363,0.0412,"Rock"
43,0.00048,0.402,0.834,3.11e-05,0.44,-5.986,0.0326,0.285,"Alternative"
35,0.614,0.63,0.292,0.0133,0.117,-14.331,0.0403,0.594,"Jazz"
59,0.526,0.591,0.513,4.5e-06,0.104,-11.587,0.0858,0.36,"Country"
34,0.311,0.39,0.715,0,0.212,-3.448,0.0342,0.379,"Country"
41,0.13,0.571,0.529,0,0.423,-5.83,0.0255,0.353,"Country"
53,0.852,0.435,0.309,2.63e-05,0.113,-8.337,0.0309,0.0831,"Rock"
37,0.00158,0.349,0.956,0.00504,0.501,-6.332,0.0734,0.411,"Jazz"
36,0.722,0.508,0.264,0.000201,0.26,-15.75,0.0883,0.543,"Blues"
57,0.152,0.561,0.65,0.0027,0.106,-14.51,0.183,0.752,"Blues"
42,0.586,0.601,0.766,0.000903,0.347,-13.262,0.0466,0.856,"Country"
13,0.00831,0.587,0.942,9.61e-05,0.0841,-4.05,0.0422,0.785,"Anime"
62,0.229,0.657,0.714,0.000744,0.127,-4.986,0.0265,0.361,"Country"
61,0.989,0.371,0.0275,0.0308,0.115,-20.273,0.0375,0.155,"Jazz"
33,0.78,0.721,0.157,0,0.112,-13.343,0.131,0.773,"Blues"
24,0.992,0.693,0.027,0,0.134,-13.506,0.0562,0.402,"Blues"
61,0.181,0.556,0.523,3.22e-06,0.109,-7.3,0.122,0.215,"Hip-Hop"
71,0.0193,0.925,0.591,0,0.108,-5.663,0.157,0.158,"Hip-Hop"
53,0.893,0.323,0.0114,0.652,0.171,-38.855,0.0343,0.134,"Classical"
52,0.00144,0.516,0.877,0,0.094,-4.358,0.0755,0.625,"Alternative"
41,0.687,0.676,0.394,0.851,0.111,-11.527,0.0365,0.283,"Jazz"
36,0.81,0.519,0.348,0.577,0.0808,-17.851,0.0384,0.544,"Classical"
40,0.0617,0.542,0.449,0.000461,0.0755,-13.039,0.0591,0.481,"Jazz"
42,0.76,0.559,0.71,0,0.104,-6.56,0.5,0.533,"Alternative"
28,0.922,0.231,0.321,8.35e-06,0.112,-8.735,0.0314,0.235,"Blues"
14,0.977,0.487,0.0512,0.852,0.074,-22.82,0.0665,0.0671,"Anime"
70,0.0104,0.549,0.791,0,0.444,-3.535,0.133,0.293,"Rap"
68,0.0243,0.464,0.713,6.24e-06,0.566,-4.046,0.0305,0.537,"Rock"
55,0.00025,0.295,0.883,0.0234,0.137,-3.897,0.0446,0.118,"Rap"
62,0.273,0.708,0.587,0,0.0718,-7.93,0.151,0.554,"Rap"
51,0.186,0.395,0.675,0,0.0735,-6.57,0.0387,0.323,"Rock"
52,0.0967,0.581,0.787,0,0.368,-3.843,0.138,0.518,"Hip-Hop"
35,0.0274,0.596,0.776,5.67e-06,0.337,-5.016,0.0303,0.447,"Country"
0,0.957,0.434,0.0872,5.53e-05,0.782,-26.091,0.0515,0.412,"Classical"
67,0.113,0.643,0.545,1.82e-05,0.124,-6.526,0.0895,0.286,"Hip-Hop"
44,0.321,0.683,0.566,0,0.112,-7.664,0.261,0.339,"Country"
50,0.00483,0.508,0.762,0.000122,0.0403,-5.642,0.0322,0.881,"Country"
42,0.0157,0.478,0.785,0.0657,0.0695,-5.437,0.159,0.532,"Electronic"
69,0.0579,0.598,0.441,0,0.0635,-7.128,0.155,0.481,"Rap"
72,0.0434,0.265,0.827,0,0.117,-4.661,0.104,0.131,"Rap"
30,0.0352,0.429,0.799,0.000315,0.0868,-5.351,0.0361,0.7,"Blues"
42,0.00875,0.856,0.36,0.687,0.104,-10.618,0.0497,0.587,"Electronic"
49,0.0339,0.897,0.583,3.04e-06,0.349,-6.442,0.219,0.314,"Alternative"
38,0.584,0.691,0.49,0,0.105,-6.837,0.027,0.274,"Country"
60,0.637,0.643,0.656,2.76e-05,0.345,-8.962,0.0654,0.527,"Rap"
34,0.00915,0.384,0.802,0.0819,0.134,-6.002,0.0658,0.118,"Electronic"
18,0.00262,0.543,0.805,0.837,0.0816,-8.101,0.0582,0.97,"Anime"
62,0.113,0.772,0.786,0,0.202,-5.337,0.24,0.233,"Rap"
34,0.604,0.291,0.335,0.839,0.0856,-15.067,0.0489,0.187,"Classical"
36,0.699,0.424,0.345,0.867,0.0919,-19.215,0.0464,0.661,"Jazz"
45,0.0752,0.657,0.884,0.0157,0.127,-3.546,0.285,0.419,"Electronic"
19,0.846,0.428,0.248,0.753,0.0582,-16.243,0.067,0.0864,"Anime"
21,0.00431,0.416,0.727,0.000659,0.442,-7.131,0.0431,0.225,"Anime"
65,0.208,0.713,0.772,0,0.211,-6.69,0.0372,0.88,"Country"
37,0.143,0.731,0.2,0.89,0.12,-15.669,0.0659,0.455,"Jazz"
13,0.992,0.556,0.0334,0.823,0.0893,-32.64,0.0512,0.615,"Anime"
74,0.276,0.861,0.499,0,0.0971,-7.458,0.263,0.861,"Rap"
37,0.0862,0.433,0.958,0.00649,0.959,-3.245,0.119,0.34,"Blues"
40,0.663,0.744,0.268,0.0513,0.118,-16.925,0.0633,0.7,"Country"
59,0.621,0.446,0.435,0,0.107,-5.874,0.107,0.232,"Rap"
