"id","timestamp","hour","day","month","datetime","timezone","source","destination","cab_type","product_id","name","price","distance","surge_multiplier","latitude","longitude","temperature","apparentTemperature","short_summary","long_summary","precipIntensity","precipProbability","humidity","windSpeed","windGust","windGustTime","visibility","temperatureHigh","temperatureHighTime","temperatureLow","temperatureLowTime","apparentTemperatureHigh","apparentTemperatureHighTime","apparentTemperatureLow","apparentTemperatureLowTime","icon","dewPoint","pressure","windBearing","cloudCover","uvIndex","visibility.1","ozone","sunriseTime","sunsetTime","moonPhase","precipIntensityMax","uvIndexTime","temperatureMin","temperatureMinTime","temperatureMax","temperatureMaxTime","apparentTemperatureMin","apparentTemperatureMinTime","apparentTemperatureMax","apparentTemperatureMaxTime","orig.id"
"2c11778e-5779-4fb9-8005-31b0f206f00d",1544782204,10,14,12,"12/14/2018 10:10","America/New_York","North Station","Haymarket Square","Uber","9a0e7b09-b92b-4c41-9779-2ad22b4d779d","WAV",7,0.56,1,42.3519,-71.0643,27.71,27.71,"Partly Cloudy","Partly cloudy throughout the day.",0,0,0.79,2.96,4.75,1544846400,9.641,46.67,1544814000,40.73,1544835600,43.88,1544817600,38.56,1544835600,"partly-cloudy-night",22.07,1033.84,148,0.14,0,9.641,294.7,1544789236,1544822015,0.24,0,1544806800,27.05,1544781600,46.67,1544814000,24.47,1544785200,43.88,1544817600,"551"
"14e4b372-5c64-4036-986a-3f1e16c91edf",1545097509,1,18,12,"12/18/2018 1:45","America/New_York","Beacon Hill","Boston University","Lyft","lyft_line","Shared",5,2.34,1,42.3503,-71.081,37.45,32.37,"Mostly Cloudy","Light rain in the morning.",0,0,0.69,6.51,11.36,1545022800,9.875,41.51,1545076800,24.05,1545134400,36.11,1545076800,12.12,1545134400,"partly-cloudy-night",28.13,1001.16,279,0.6,0,9.875,370.6,1545048561,1545081267,0.33,0.0183,1545066000,34.24,1545044400,41.51,1545076800,28.43,1545044400,36.11,1545076800,"558"
"e8dabd97-76eb-418d-a836-fed379d4e65c",1544717113,16,13,12,"12/13/2018 16:05","America/New_York","Theatre District","Boston University","Lyft","lyft_line","Shared",7,3.15,1,42.3588,-71.0707,30.46,30.46,"Mostly Cloudy","Partly cloudy throughout the day.",0,0,0.56,2.48,3.25,1544738400,9.908,33.62,1544731200,27.07,1544788800,32.68,1544734800,27.72,1544788800,"partly-cloudy-day",16.62,1033.94,16,0.75,1,9.908,326,1544702794,1544735604,0.21,1e-04,1544716800,18.31,1544688000,33.62,1544731200,13.97,1544688000,32.68,1544734800,"568"
"aa5b3ec8-2789-4b05-a10f-c1f6cea8a210",1543307244,8,27,11,"11/27/2018 8:27","America/New_York","Haymarket Square","Beacon Hill","Uber","55c66225-fbe7-4fd5-9072-eab1ece5e23e","UberX",7,0.91,1,42.3661,-71.0631,44.29,38.92,"Light Rain","Light rain in the morning.",0.0737,1,0.92,10.12,17.68,1543338000,2.903,46.83,1543320000,33.75,1543399200,43.85,1543320000,29.97,1543399200,"rain",42.11,992.91,63,1,0,2.903,289.3,1543319471,1543353345,0.68,0.1433,1543338000,36.13,1543377600,46.83,1543320000,32.05,1543377600,43.85,1543320000,"243"
"66bec548-dd29-4dc2-b85f-13f96fd1fde7",1543507078,15,29,11,"11/29/2018 15:57","America/New_York","North Station","Haymarket Square","Lyft","lyft_luxsuv","Lux Black XL",26,0.72,1,42.3519,-71.0551,43,37.07,"Partly Cloudy","Partly cloudy throughout the day.",0,0,0.54,10.72,14.22,1543514400,9.931,44.76,1543510800,28.78,1543579200,38.44,1543510800,26.32,1543575600,"partly-cloudy-day",27.34,1006.43,313,0.49,1,9.931,326.8,1543492400,1543526095,0.75,0,1543510800,35.12,1543550400,44.76,1543510800,30.85,1543550400,38.44,1543510800,"403"
"0337c504-4ae7-4270-911d-a9e5a1fd3be4",1544693411,9,13,12,"12/13/2018 9:30","America/New_York","North Station","North End","Uber","6d318bcc-22a3-4af6-bddd-b409bfce1546","Black SUV",26,1.08,1,42.3519,-71.0551,20.23,15.44,"Clear","Partly cloudy throughout the day.",0,0,0.66,3.34,3.34,1544738400,9.706,34.02,1544731200,27.18,1544781600,33.04,1544734800,24.51,1544785200,"clear-night",10.79,1030.65,350,0.08,0,9.706,327.1,1544702789,1544735602,0.21,1e-04,1544716800,18.19,1544688000,34.02,1544731200,13.67,1544688000,33.04,1544734800,"21"
"f2268206-9b21-4e7e-900e-367cf8b58a7d",1544864407,9,15,12,"12/15/2018 9:00","America/New_York","North Station","South Station","Uber","6d318bcc-22a3-4af6-bddd-b409bfce1546","Black SUV",27.5,1.61,1,42.3398,-71.0892,46.62,45.36,"Overcast","Mostly cloudy throughout the day.",0,0,0.88,3.52,5.7,1544918400,9.76,54.48,1544896800,38.73,1544954400,53.81,1544896800,34.83,1544950800,"cloudy",43.33,1021.3,225,0.93,0,9.76,295.6,1544875682,1544908437,0.27,0.0084,1544893200,39.49,1544929200,54.48,1544896800,36.48,1544929200,53.81,1544896800,"510"
"6c22ddc9-cbf2-4776-9281-74001841aefe",1543332084,15,27,11,"11/27/2018 15:21","America/New_York","Northeastern University","West End","Uber","6d318bcc-22a3-4af6-bddd-b409bfce1546","Black SUV",31.5,2.86,1,42.3519,-71.0643,40.49,34.08,"Overcast","Light rain in the morning.",3e-04,0.15,0.89,10.42,14.77,1543338000,5.011,46.72,1543320000,33.65,1543399200,43.7,1543320000,29.88,1543399200,"cloudy",37.5,989.46,247,1,1,5.011,335.7,1543319469,1543353347,0.68,0.1422,1543338000,35.9,1543377600,46.72,1543320000,31.81,1543377600,43.7,1543320000,"86"
"ec62e9e0-6c86-442c-9106-3a7e2c3e5027",1543549381,3,30,11,"11/30/2018 3:43","America/New_York","Theatre District","Haymarket Square","Lyft","lyft_line","Shared",7,1.75,1,42.3519,-71.0643,35.95,31.19,"Clear","Partly cloudy throughout the day.",0,0,0.69,5.66,6.86,1543514400,10,44.8,1543510800,28.7,1543579200,38.51,1543510800,26.3,1543575600,"clear-night",26.76,1012.75,325,0.02,0,10,294.2,1543492402,1543526097,0.75,0,1543510800,35.02,1543550400,44.8,1543510800,30.81,1543550400,38.51,1543510800,"538"
"c0df73f7-4a24-4cfd-8afd-69af5ab41a31",1545012904,2,17,12,"12/17/2018 2:15","America/New_York","North End","Financial District","Lyft","lyft","Lyft",7,1.14,1,42.3519,-71.0551,40.39,34.5,"Light Rain","Rain throughout the day.",0.092,1,0.91,9.15,14.64,1545015600,3.202,43.76,1544990400,34.14,1545044400,38.3,1544986800,28.12,1545044400,"rain",37.83,1009.75,49,1,0,3.202,324.3,1544962117,1544994842,0.3,0.1266,1544979600,39.29,1544954400,43.76,1544990400,33.73,1545019200,38.3,1544986800,"455"
"41f9ae95-f9d6-4df8-a0e9-45ffd6413c40",1543879684,23,3,12,"12/3/2018 23:28","America/New_York","Haymarket Square","Back Bay","Uber","6d318bcc-22a3-4af6-bddd-b409bfce1546","Black SUV",29.5,1.83,1,42.2148,-71.033,47.25,44.57,"Clear","Foggy in the morning.",0,0,0.57,5.68,8.16,1543860000,10,57.87,1543852800,32.8,1543921200,57.2,1543852800,27.22,1543914000,"clear-night",32.76,1001.76,267,0.04,0,10,320.6,1543838223,1543871641,0.89,7e-04,1543852800,42.96,1543896000,57.87,1543852800,39.41,1543896000,57.2,1543852800,"67"
"7c283d36-c033-49c0-94cc-c1f6307af6db",1544708410,13,13,12,"12/13/2018 13:40","America/New_York","North Station","Northeastern University","Uber","55c66225-fbe7-4fd5-9072-eab1ece5e23e","UberX",12,3.31,1,42.3519,-71.0643,22.18,17.69,"Partly Cloudy","Partly cloudy throughout the day.",0,0,0.64,3.32,3.54,1544738400,9.428,33.92,1544731200,27.05,1544781600,32.95,1544734800,24.47,1544785200,"partly-cloudy-day",11.78,1033.56,335,0.27,0,9.428,328.4,1544702792,1544735604,0.21,1e-04,1544716800,18.05,1544688000,33.92,1544731200,13.6,1544688000,32.95,1544734800,"193"
"68bc1626-9bea-4528-8423-442d6db54b32",1543315702,10,27,11,"11/27/2018 10:48","America/New_York","North End","North Station","Lyft","lyft_plus","Lyft XL",10.5,1.09,1,42.3503,-71.081,45.45,41.77,"Light Rain","Light rain in the morning.",0.0624,1,0.93,6.87,7.42,1543338000,2.686,46.91,1543320000,33.82,1543399200,44.01,1543320000,30.19,1543399200,"rain",43.52,989.98,79,1,0,2.686,296.2,1543319472,1543353352,0.68,0.1425,1543338000,36.34,1543377600,46.91,1543320000,32.43,1543377600,44.01,1543320000,"45"
"0b736463-296b-4b1b-bab5-c7cff1736807",1544728806,19,13,12,"12/13/2018 19:20","America/New_York","Back Bay","Boston University","Uber","6f72dfc5-27f1-42e8-84db-ccc7a75f6969","UberXL",11.5,1.39,1,42.3647,-71.0542,32.85,32.85,"Mostly Cloudy","Partly cloudy throughout the day.",0,0,0.56,2.65,3.83,1544738400,9.959,33.83,1544731200,27.27,1544781600,32.85,1544734800,24.61,1544785200,"partly-cloudy-day",18.66,1033.65,76,0.64,0,9.959,330.8,1544702792,1544735599,0.21,1e-04,1544716800,18.29,1544688000,33.83,1544731200,13.79,1544688000,32.85,1544734800,"425"
"6a78a9c6-1bc4-4e00-8a30-7de3153bc717",1545038110,9,17,12,"12/17/2018 9:15","America/New_York","Boston University","Back Bay","Uber","6f72dfc5-27f1-42e8-84db-ccc7a75f6969","UberXL",12,1.56,1,42.3644,-71.0661,35.84,29.23,"Drizzle","Light rain in the morning.",0.0092,0.74,0.94,8.52,10.39,1545022800,3.606,41.39,1545076800,23.87,1545138000,35.93,1545076800,11.81,1545134400,"rain",34.25,1004.71,352,1,0,3.606,329.7,1545048561,1545081260,0.33,0.0185,1545066000,34.07,1545044400,41.39,1545076800,28.17,1545044400,35.93,1545076800,"560"
"6462e210-acb5-4e78-81cc-28065081b35b",1544925910,2,16,12,"12/16/2018 2:05","America/New_York","Theatre District","Haymarket Square","Uber","6d318bcc-22a3-4af6-bddd-b409bfce1546","Black SUV",26.5,1.61,1,42.3505,-71.1054,40.87,37.73,"Partly Cloudy","Mostly cloudy throughout the day.",0,0,0.7,4.68,5.77,1544918400,9.827,54.29,1544896800,38.48,1544954400,53.62,1544896800,34.85,1544954400,"partly-cloudy-night",32,1024.46,36,0.14,0,9.827,296.6,1544875688,1544908439,0.27,0.0082,1544893200,39.74,1544929200,54.29,1544896800,37.04,1544929200,53.62,1544896800,"165"
"9bfdf2e6-d4da-44ff-8de0-562a19b6bd14",1545034205,8,17,12,"12/17/2018 8:10","America/New_York","Back Bay","Northeastern University","Uber","6f72dfc5-27f1-42e8-84db-ccc7a75f6969","UberXL",11.5,1.08,1,42.2148,-71.033,37.83,30.56,"Light Rain","Light rain in the morning and overnight.",0.0216,1,0.91,10.88,10.88,1545022800,3.139,40.61,1545076800,24.07,1545130800,34.97,1545080400,12.04,1545134400,"rain",35.31,1004.44,356,1,0,3.139,332.2,1545048523,1545081282,0.33,0.0221,1545066000,34.19,1545048000,40.66,1545022800,27.39,1545044400,34.97,1545080400,"190"
"7348f423-d58b-485c-86ec-399392bd49e1",1543736583,7,2,12,"12/2/2018 7:43","America/New_York","Theatre District","Haymarket Square","Uber","55c66225-fbe7-4fd5-9072-eab1ece5e23e","UberX",8,1.61,1,42.3519,-71.0643,38.41,38.41,"Overcast","Light rain until evening.",0,0,0.85,2.67,4.84,1543755600,9.444,51.12,1543788000,44.96,1543816800,50.45,1543788000,45.61,1543816800,"cloudy",34.28,1020.69,147,1,0,9.444,269.4,1543751794,1543785238,0.86,0.0903,1543770000,36.29,1543726800,51.12,1543788000,35.71,1543748400,50.45,1543788000,"435"
"28b4c55f-c2b2-447a-a88f-5faec080c9d9",1543450722,0,29,11,"11/29/2018 0:18","America/New_York","Financial District","Boston University","Lyft","lyft","Lyft",13.5,5.4,1,42.3503,-71.081,39.41,33.81,"Mostly Cloudy","Mostly cloudy throughout the day.",0,0,0.69,8.11,12.21,1543431600,9.996,42.72,1543438800,37.59,1543485600,36.75,1543438800,32.25,1543478400,"partly-cloudy-night",30.16,996.21,294,0.81,0,9.996,352.8,1543405940,1543439725,0.72,0,1543420800,33.82,1543399200,42.72,1543438800,30.19,1543399200,36.75,1543438800,"653"
"0d9e571e-5b86-4733-a265-86d7bcb97e66",1543264330,20,26,11,"11/26/2018 20:32","America/New_York","West End","Fenway","Uber","6c84fd89-3f11-4782-9b50-97c468b19529","Black",21.5,2.84,1,42.3588,-71.0707,44.95,40.72,"Overcast","Rain until morning, starting again in the evening.",0.0021,0.11,0.86,7.78,7.78,1543287600,8.677,46.27,1543255200,42.2,1543298400,43.78,1543244400,37.09,1543298400,"cloudy",41.07,1009.25,102,1,0,8.677,294.1,1543233003,1543266976,0.64,0.1234,1543251600,40.74,1543233600,46.27,1543255200,37.46,1543291200,43.78,1543244400,"314"
"651fd76f-7b83-464b-9671-597a5dd89020",1543240391,13,26,11,"11/26/2018 13:53","America/New_York","Fenway","North Station","Lyft","lyft_premier","Lux",19.5,3.27,1,42.3644,-71.0661,41.43,39.55,"Overcast","Rain until morning, starting again in the evening.",6e-04,0.09,0.92,3.4,3.49,1543287600,3.058,46.5,1543255200,41.82,1543298400,43.82,1543244400,36.61,1543298400,"cloudy",39.3,1014.88,47,1,0,3.058,297.8,1543233003,1543266974,0.64,0.1228,1543251600,40.39,1543233600,46.5,1543255200,37.08,1543291200,43.82,1543244400,"504"
"133b0374-bd41-46fd-b495-fd6756eb1cf1",1543801976,1,3,12,"12/3/2018 1:52","America/New_York","Financial District","North End","Uber","9a0e7b09-b92b-4c41-9779-2ad22b4d779d","WAV",7,1.21,1,42.3647,-71.0542,47.93,47.93,"Overcast","Light rain until evening.",0,0,0.95,2.7,3.62,1543755600,4.315,50.99,1543788000,45.04,1543816800,50.32,1543788000,45.69,1543816800,"cloudy",46.66,1002.81,299,1,0,4.315,288.1,1543751794,1543785233,0.86,0.0888,1543770000,36.6,1543726800,50.99,1543788000,35.85,1543748400,50.32,1543788000,"295"
"9cacc70f-eb22-40cc-9c44-2ad92e62409f",1543366282,0,28,11,"11/28/2018 0:51","America/New_York","North End","Theatre District","Lyft","lyft_premier","Lux",16.5,1.5,1,42.3661,-71.0631,39.13,34.07,"Clear","Light rain in the morning.",0,0,0.73,7.03,10.51,1543338000,10,46.83,1543320000,33.75,1543399200,43.85,1543320000,29.97,1543399200,"clear-night",31.05,991.99,246,0.12,0,10,315.1,1543319471,1543353345,0.68,0.1433,1543338000,36.13,1543377600,46.83,1543320000,32.05,1543377600,43.85,1543320000,"567"
"9c7527b0-af0c-4292-9859-5aa8c0db1d58",1544693104,9,13,12,"12/13/2018 9:25","America/New_York","Financial District","Boston University","Uber","55c66225-fbe7-4fd5-9072-eab1ece5e23e","UberX",15,5.7,1,42.3519,-71.0551,20.23,15.44,"Clear","Partly cloudy throughout the day.",0,0,0.66,3.34,3.34,1544738400,9.706,34.02,1544731200,27.18,1544781600,33.04,1544734800,24.51,1544785200,"clear-night",10.79,1030.65,350,0.08,0,9.706,327.1,1544702789,1544735602,0.21,1e-04,1544716800,18.19,1544688000,34.02,1544731200,13.67,1544688000,33.04,1544734800,"97"
"38c61d96-0211-43ea-9140-55d092d6deac",1545109809,5,18,12,"12/18/2018 5:10","America/New_York","South Station","Financial District","Uber","6f72dfc5-27f1-42e8-84db-ccc7a75f6969","UberXL",9.5,0.63,1,42.3519,-71.0643,36.27,29.5,"Overcast","Mostly cloudy throughout the day.",0,0,0.66,9.02,15.15,1545127200,7.357,32.91,1545159600,20.9,1545220800,22.87,1545159600,14.27,1545195600,"cloudy",26.11,1000.4,300,1,0,7.357,364.1,1545134994,1545167683,0.37,0.0029,1545152400,23.05,1545192000,37.96,1545109200,11.83,1545134400,31.85,1545109200,"115"
"18bc7c36-e36d-4e9d-bc17-3a84e8b6ccde",1543696078,20,1,12,"12/1/2018 20:27","America/New_York","Fenway","Financial District","Uber","997acbb5-e102-41e1-b155-9df7de0a73f2","UberPool",9,3.66,1,42.3559,-71.055,43.14,43.14,"Mostly Cloudy","Light rain in the morning and overnight.",0,0,0.55,1.93,3.7,1543672800,9.661,44.76,1543690800,34.95,1543712400,44.09,1543690800,35.6,1543712400,"partly-cloudy-day",27.88,1022.92,105,0.53,0,9.661,273.3,1543665330,1543698852,0.82,0,1543683600,31.57,1543658400,44.76,1543690800,27.88,1543658400,44.09,1543690800,"335"
"1a7a3eef-4f72-4905-ae97-3c32975acf1e",1543647782,7,1,12,"12/1/2018 7:03","America/New_York","North Station","Boston University","Lyft","lyft_plus","Lyft XL",16.5,3.15,1,42.3661,-71.0631,34.37,31.07,"Overcast","Light rain in the morning and overnight.",0,0,0.78,3.76,3.82,1543672800,9.891,44.72,1543690800,34.9,1543712400,44.05,1543690800,35.55,1543712400,"cloudy",28.31,1019.63,301,1,0,9.891,286.6,1543665333,1543698853,0.82,0,1543683600,31.55,1543658400,44.72,1543690800,27.95,1543658400,44.05,1543690800,"234"
"1709b52b-bb74-493b-a667-524315b1780b",1544787007,11,14,12,"12/14/2018 11:30","America/New_York","South Station","Beacon Hill","Lyft","lyft_premier","Lux",16.5,2.55,1,42.3559,-71.055,27.83,27.83,"Partly Cloudy","Partly cloudy throughout the day.",0,0,0.8,2.9,4.06,1544846400,9.666,46.63,1544814000,40.78,1544832000,43.84,1544817600,38.59,1544835600,"partly-cloudy-night",22.45,1034.02,194,0.29,0,9.666,293.1,1544789234,1544822012,0.24,0,1544806800,27.21,1544781600,46.63,1544814000,24.55,1544785200,43.84,1544817600,"333"
"224dfe65-ec6e-4197-ae43-2f29c6707fe3",1543486681,10,29,11,"11/29/2018 10:18","America/New_York","Boston University","Back Bay","Lyft","lyft_plus","Lyft XL",11,1.51,1,42.3519,-71.0643,37.92,32,"Partly Cloudy","Partly cloudy throughout the day.",0,0,0.67,8.11,12.38,1543514400,9.995,44.8,1543510800,28.7,1543579200,38.51,1543510800,26.3,1543575600,"partly-cloudy-night",27.86,1003.62,306,0.22,0,9.995,341.1,1543492402,1543526097,0.75,0,1543510800,35.02,1543550400,44.8,1543510800,30.81,1543550400,38.51,1543510800,"562"
"595a99f9-45f3-4358-b27b-4841efc504ca",1543423808,16,28,11,"11/28/2018 16:50","America/New_York","Northeastern University","Theatre District","Lyft","lyft_line","Shared",7,1.99,1,42.3661,-71.0631,41.16,35.84,"Mostly Cloudy","Mostly cloudy throughout the day.",0,0,0.61,8.33,12.76,1543431600,10,42.6,1543438800,37.44,1543489200,36.58,1543438800,31.97,1543478400,"partly-cloudy-day",28.91,991.41,297,0.81,1,10,352,1543405938,1543439718,0.72,0,1543420800,33.75,1543399200,42.6,1543438800,29.97,1543399200,36.58,1543438800,"70"
"418b995e-2858-45dc-a99e-9445d18633d0",1544817306,19,14,12,"12/14/2018 19:55","America/New_York","Northeastern University","Theatre District","Lyft","lyft_luxsuv","Lux Black XL",30,1.99,1,42.3661,-71.0631,45.82,43.92,"Partly Cloudy","Partly cloudy throughout the day.",0,0,0.53,4.16,4.16,1544846400,9.874,46.61,1544814000,40.76,1544835600,43.85,1544817600,38.58,1544835600,"partly-cloudy-day",29.78,1029.37,165,0.39,0,9.874,289,1544789238,1544822012,0.24,0,1544806800,27.11,1544781600,46.61,1544814000,27.76,1544781600,43.85,1544817600,"297"
"6e9995ce-a4a0-45c9-9115-1d192ca18061",1543346125,19,27,11,"11/27/2018 19:15","America/New_York","South Station","Financial District","Lyft","lyft_lux","Lux Black",16.5,0.62,1,42.3661,-71.0631,42.95,37.54,"Mostly Cloudy","Light rain in the morning.",0,0,0.72,9.42,13.8,1543338000,10,46.83,1543320000,33.75,1543399200,43.85,1543320000,29.97,1543399200,"partly-cloudy-day",34.56,990.25,257,0.81,0,10,313.6,1543319471,1543353345,0.68,0.1433,1543338000,36.13,1543377600,46.83,1543320000,32.05,1543377600,43.85,1543320000,"497"
"e754d4f3-5c55-4bb8-b31d-66c03c4e45f0",1543895282,3,4,12,"12/4/2018 3:48","America/New_York","North End","Theatre District","Uber","9a0e7b09-b92b-4c41-9779-2ad22b4d779d","WAV",10.5,1.41,1,42.3429,-71.1003,45.16,41,"Mostly Cloudy","Foggy in the morning.",0,0,0.6,7.73,12.02,1543856400,10,57.42,1543852800,33.6,1543921200,56.75,1543852800,28.23,1543914000,"partly-cloudy-night",32.06,1002.63,276,0.53,0,10,333.6,1543838263,1543871634,0.89,4e-04,1543852800,42.86,1543896000,57.42,1543852800,39.73,1543896000,56.75,1543852800,"258"
"ca39ebe9-a9a9-4c0d-9df8-2cda234c1105",1543517883,18,29,11,"11/29/2018 18:58","America/New_York","Back Bay","South Station","Uber","997acbb5-e102-41e1-b155-9df7de0a73f2","UberPool",10,3.45,1,42.2148,-71.033,43.65,37.25,"Partly Cloudy","Partly cloudy throughout the day.",0,0,0.52,12.55,23.67,1543514400,9.92,45.03,1543510800,28.9,1543579200,38.53,1543510800,26.2,1543575600,"partly-cloudy-day",27.12,1006.54,312,0.35,1,9.92,313.5,1543492370,1543526114,0.75,0,1543507200,34.67,1543550400,45.03,1543510800,30.3,1543550400,38.53,1543510800,"649"
"3df2a280-3dc7-4c08-a3fc-6914c44a9139",1543744980,10,2,12,"12/2/2018 10:02","America/New_York","North Station","Boston University","Uber","997acbb5-e102-41e1-b155-9df7de0a73f2","UberPool",9,3.01,1,42.3647,-71.0542,38.92,36.06,"Light Rain","Light rain until evening.",0.0462,1,0.93,4,4.75,1543755600,4.183,50.99,1543788000,45.04,1543816800,50.32,1543788000,45.69,1543816800,"rain",36.99,1019.14,117,1,0,4.183,272.5,1543751794,1543785233,0.86,0.0888,1543770000,36.6,1543726800,50.99,1543788000,35.85,1543748400,50.32,1543788000,"326"
"f39f48cd-3f46-4c47-ada9-e7e437dbf66b",1543339643,17,27,11,"11/27/2018 17:27","America/New_York","South Station","Theatre District","Uber","997acbb5-e102-41e1-b155-9df7de0a73f2","UberPool",7.5,1.37,1,42.2148,-71.033,41.34,34.55,"Overcast","Light rain in the morning.",0,0,0.78,11.92,15.18,1543334400,9.83,47.55,1543320000,33.1,1543402800,44.12,1543320000,29.11,1543392000,"cloudy",34.98,990.16,249,0.99,1,9.83,323.9,1543319437,1543353364,0.68,0.1064,1543338000,35.36,1543377600,47.55,1543320000,31.04,1543377600,44.12,1543320000,"306"
"3e55abd6-020a-48bb-a127-c3d12b15e7de",1543363404,0,28,11,"11/28/2018 0:03","America/New_York","Beacon Hill","South Station","Uber","6d318bcc-22a3-4af6-bddd-b409bfce1546","Black SUV",27,2.48,1,42.3661,-71.0631,39.13,34.07,"Clear","Light rain in the morning.",0,0,0.73,7.03,10.51,1543338000,10,46.83,1543320000,33.75,1543399200,43.85,1543320000,29.97,1543399200,"clear-night",31.05,991.99,246,0.12,0,10,315.1,1543319471,1543353345,0.68,0.1433,1543338000,36.13,1543377600,46.83,1543320000,32.05,1543377600,43.85,1543320000,"286"
"295e866e-e816-4451-a98e-84f31dc89be1",1544743503,23,13,12,"12/13/2018 23:25","America/New_York","West End","North End","Uber","997acbb5-e102-41e1-b155-9df7de0a73f2","UberPool",7,0.98,1,42.3644,-71.0661,31.41,31.41,"Overcast","Partly cloudy throughout the day.",0,0,0.62,2.31,2.62,1544738400,10,33.81,1544731200,27.05,1544781600,32.82,1544734800,27.7,1544781600,"cloudy",20.07,1035,154,0.99,0,10,328.3,1544702794,1544735602,0.21,1e-04,1544716800,17.91,1544688000,33.81,1544731200,13.47,1544688000,32.82,1544734800,"167"
"de05224e-b5d4-4315-9502-8e32f3309ba7",1544891412,16,15,12,"12/15/2018 16:30","America/New_York","Haymarket Square","Theatre District","Uber","6c84fd89-3f11-4782-9b50-97c468b19529","Black",20.5,2.01,1,42.3647,-71.0542,51.84,51.84,"Partly Cloudy","Mostly cloudy throughout the day.",0,0,0.8,3.58,5.3,1544918400,9.961,54.4,1544896800,39.22,1544954400,53.73,1544896800,35.32,1544954400,"partly-cloudy-day",45.71,1021.39,262,0.48,1,9.961,299.5,1544875679,1544908424,0.27,0.0075,1544893200,39.78,1544929200,54.4,1544896800,36.64,1544929200,53.73,1544896800,"26"
"93073a55-9e6c-4aa5-b1cb-4a9726dd3020",1543336042,16,27,11,"11/27/2018 16:27","America/New_York","North Station","South Station","Uber","6f72dfc5-27f1-42e8-84db-ccc7a75f6969","UberXL",18.5,2.17,1,42.3429,-71.1003,41,34.42,"Overcast","Light rain in the morning.",0,0,0.83,11.16,17.48,1543338000,9.285,46.24,1543320000,33.6,1543399200,43.32,1543320000,30.08,1543399200,"cloudy",36.27,989.5,258,1,1,9.285,333.5,1543319476,1543353358,0.68,0.143,1543338000,35.84,1543377600,46.24,1543320000,31.95,1543377600,43.32,1543320000,"454"
"a48a0f0a-c713-430d-8a62-cdd23f79205f",1544967311,13,16,12,"12/16/2018 13:35","America/New_York","Back Bay","North End","Lyft","lyft","Lyft",9,2.44,1,42.3559,-71.055,42.11,37.54,"Overcast","Rain throughout the day.",0,0,0.7,7.26,8.97,1545015600,9.779,43.8,1544990400,34.18,1545044400,38.35,1544986800,28.19,1545044400,"cloudy",32.91,1022.24,83,0.91,0,9.779,321.1,1544962118,1544994841,0.3,0.1261,1544979600,39.28,1544954400,43.8,1544990400,33.84,1545019200,38.35,1544986800,"238"
"f48ced6e-377b-4e5e-a09f-d037df235124",1545043506,10,17,12,"12/17/2018 10:45","America/New_York","West End","Northeastern University","Lyft","lyft_luxsuv","Lux Black XL",34,3.06,1,42.3519,-71.0551,35.45,28.89,"Possible Drizzle","Light rain in the morning.",0.0057,0.59,0.94,8.27,9.68,1545022800,4.942,41.44,1545076800,23.93,1545138000,35.95,1545076800,11.82,1545134400,"rain",33.82,1004.49,349,1,0,4.942,328.7,1545048555,1545081260,0.33,0.0175,1545066000,34.14,1545044400,41.44,1545076800,28.12,1545044400,35.95,1545076800,"250"
"37f1c47c-be5c-47ad-b389-9f18ea032b38",1544928308,2,16,12,"12/16/2018 2:45","America/New_York","North Station","Boston University","Lyft","lyft_line","Shared",9,3.15,1,42.3505,-71.1054,40.87,37.73,"Partly Cloudy","Mostly cloudy throughout the day.",0,0,0.7,4.68,5.77,1544918400,9.827,54.29,1544896800,38.48,1544954400,53.62,1544896800,34.85,1544954400,"partly-cloudy-night",32,1024.46,36,0.14,0,9.827,296.6,1544875688,1544908439,0.27,0.0082,1544893200,39.74,1544929200,54.29,1544896800,37.04,1544929200,53.62,1544896800,"114"
"01bc6475-b73a-41f4-8ff6-3140389812b8",1543290864,3,27,11,"11/27/2018 3:54","America/New_York","West End","Boston University","Lyft","lyft_plus","Lyft XL",16.5,2.93,1,42.3661,-71.0631,43.73,37.84,"Rain","Rain until morning, starting again in the evening.",0.1088,1,0.89,11.14,16.89,1543287600,4.503,46.49,1543255200,41.9,1543298400,43.84,1543244400,36.7,1543298400,"rain",40.83,1001.71,79,1,0,4.503,290.3,1543233003,1543266973,0.64,0.1225,1543251600,40.45,1543233600,46.49,1543255200,37.17,1543291200,43.84,1543244400,"307"
"7f856f71-c7fa-40b0-93ee-72660cc48653",1543465028,4,29,11,"11/29/2018 4:17","America/New_York","Financial District","Haymarket Square","Lyft","lyft_premier","Lux",13.5,1.25,1,42.3519,-71.0551,38.18,32.09,"Mostly Cloudy","Mostly cloudy throughout the day.",0,0,0.7,8.52,9.67,1543431600,10,42.6,1543438800,37.33,1543489200,36.56,1543435200,31.82,1543478400,"partly-cloudy-night",29.13,998.75,303,0.59,0,10,346.7,1543405934,1543439719,0.72,0,1543420800,33.7,1543399200,42.6,1543438800,29.88,1543399200,36.56,1543435200,"382"
"d9313358-ac80-48fa-a641-49b7ce1199d2",1545142812,14,18,12,"12/18/2018 14:20","America/New_York","Back Bay","Haymarket Square","Lyft","lyft_plus","Lyft XL",13.5,2.26,1,42.3519,-71.0643,26.47,14.77,"Mostly Cloudy","Mostly cloudy throughout the day.",0,0,0.46,14.36,25.17,1545127200,10,32.91,1545159600,20.9,1545220800,22.87,1545159600,14.27,1545195600,"partly-cloudy-day",8.68,1009.85,315,0.55,1,10,375.9,1545134994,1545167683,0.37,0.0029,1545152400,23.05,1545192000,37.96,1545109200,11.83,1545134400,31.85,1545109200,"584"
"e85f4b0c-2576-4500-9ced-2368dad71368",1543674178,14,1,12,"12/1/2018 14:22","America/New_York","South Station","Beacon Hill","Lyft","lyft_line","Shared",11,2.42,1,42.3647,-71.0542,36.99,32.27,"Partly Cloudy","Light rain in the morning and overnight.",0,0,0.68,5.87,6.26,1543672800,9.91,44.66,1543690800,35.04,1543712400,43.99,1543690800,35.69,1543712400,"partly-cloudy-day",27.53,1022.32,344,0.44,1,9.91,280.1,1543665331,1543698851,0.82,0,1543683600,31.71,1543658400,44.66,1543690800,28.06,1543658400,43.99,1543690800,"462"
"dc7df12d-b13e-48c1-b93d-154e13092c1f",1543301122,6,27,11,"11/27/2018 6:45","America/New_York","Beacon Hill","South Station","Uber","9a0e7b09-b92b-4c41-9779-2ad22b4d779d","WAV",8.5,2.48,1,42.2148,-71.033,43.03,36.79,"Light Rain","Light rain in the morning.",0.0674,1,0.93,11.62,12.67,1543334400,2.642,47.55,1543320000,33.1,1543402800,44.12,1543320000,29.11,1543392000,"rain",41.15,996.34,65,1,0,2.642,286.9,1543319437,1543353364,0.68,0.1064,1543338000,35.36,1543377600,47.55,1543320000,31.04,1543377600,44.12,1543320000,"246"
"8e491f2c-8150-4bf5-af02-130f867d3cd8",1543555387,5,30,11,"11/30/2018 5:23","America/New_York","Fenway","North Station","Lyft","lyft_lux","Lux Black",26,3.23,1,42.3559,-71.055,33.78,29.4,"Clear","Mostly cloudy throughout the day.",0,0,0.75,4.74,5,1543554000,9.99,42.64,1543600800,31.57,1543658400,40.61,1543611600,27.88,1543658400,"clear-night",26.76,1013.87,306,0,0,9.99,289.9,1543578866,1543612472,0.79,3e-04,1543593600,28.78,1543579200,42.64,1543600800,26.35,1543575600,40.61,1543611600,"600"
"2c4c4d7a-a53a-4896-9383-48764e85349e",1543455521,1,29,11,"11/29/2018 1:38","America/New_York","Haymarket Square","West End","Uber","6d318bcc-22a3-4af6-bddd-b409bfce1546","Black SUV",27,0.68,1,42.3647,-71.0542,38.42,32.45,"Mostly Cloudy","Mostly cloudy throughout the day.",0,0,0.72,8.41,11.54,1543431600,9.915,42.61,1543438800,37.6,1543489200,36.57,1543438800,32.12,1543478400,"partly-cloudy-night",30.3,996.92,297,0.77,0,9.915,349.9,1543405936,1543439716,0.72,0,1543420800,33.85,1543399200,42.61,1543438800,30.03,1543399200,36.57,1543438800,"525"
"ae143b13-a1e3-4ae1-a675-67da601020fe",1544701215,11,13,12,"12/13/2018 11:40","America/New_York","Boston University","Financial District","Uber","6f72dfc5-27f1-42e8-84db-ccc7a75f6969","UberXL",21.5,4.72,1,42.3559,-71.055,20.42,15.44,"Partly Cloudy","Partly cloudy throughout the day.",0,0,0.64,3.48,3.48,1544738400,9.917,33.96,1544731200,27.21,1544781600,32.95,1544734800,24.55,1544785200,"partly-cloudy-night",10.29,1032.12,349,0.37,0,9.917,328.9,1544702790,1544735601,0.21,1e-04,1544716800,18.24,1544688000,33.96,1544731200,13.72,1544688000,32.95,1544734800,"66"
"eed106c2-94eb-4d6a-8b8d-5d34f16408f7",1543797782,0,3,12,"12/3/2018 0:43","America/New_York","West End","Fenway","Lyft","lyft_premier","Lux",19.5,2.93,1,42.3647,-71.0542,48.45,48.45,"Overcast","Light rain until evening.",0,0,0.95,2.74,3.14,1543755600,6.639,50.99,1543788000,45.04,1543816800,50.32,1543788000,45.69,1543816800,"cloudy",47.14,1002.76,286,1,0,6.639,287.9,1543751794,1543785233,0.86,0.0888,1543770000,36.6,1543726800,50.99,1543788000,35.85,1543748400,50.32,1543788000,"502"
"b1efe3e8-b3b7-45d8-83ef-1e3ab8fb3284",1545094813,1,18,12,"12/18/2018 1:00","America/New_York","Boston University","Financial District","Uber","9a0e7b09-b92b-4c41-9779-2ad22b4d779d","WAV",14,3.96,1,42.3503,-71.081,37.45,32.37,"Mostly Cloudy","Light rain in the morning.",0,0,0.69,6.51,11.36,1545022800,9.875,41.51,1545076800,24.05,1545134400,36.11,1545076800,12.12,1545134400,"partly-cloudy-night",28.13,1001.16,279,0.6,0,9.875,370.6,1545048561,1545081267,0.33,0.0183,1545066000,34.24,1545044400,41.51,1545076800,28.43,1545044400,36.11,1545076800,"509"
"94d9d4f4-062c-4df4-9dac-d89f8125f08a",1543768081,16,2,12,"12/2/2018 16:28","America/New_York","Boston University","Financial District","Uber","9a0e7b09-b92b-4c41-9779-2ad22b4d779d","WAV",14,4.72,1,42.2148,-71.033,46.52,43.15,"Light Rain","Rain throughout the day.",0.0255,1,0.94,6.69,6.69,1543755600,2.121,52.86,1543788000,46.6,1543824000,52.19,1543788000,47.25,1543824000,"rain",45.01,1010.97,120,1,1,2.121,277.6,1543751761,1543785256,0.86,0.1055,1543770000,36.35,1543726800,52.86,1543788000,35.33,1543744800,52.19,1543788000,"414"
"33c3d1d7-dbf3-4fc7-b871-0d11301e879e",1545134106,11,18,12,"12/18/2018 11:55","America/New_York","Theatre District","South Station","Lyft","lyft_line","Shared",3,0.59,1,42.3661,-71.0631,24.71,12.26,"Mostly Cloudy","Mostly cloudy throughout the day.",0,0,0.51,15,24.98,1545127200,9.901,32.81,1545159600,20.92,1545220800,22.75,1545159600,14.29,1545199200,"partly-cloudy-night",9.22,1006.6,315,0.77,0,9.901,369.6,1545134997,1545167680,0.37,0.0028,1545152400,23.09,1545192000,38.03,1545109200,11.82,1545134400,31.92,1545109200,"116"
"ca4c3862-4b65-4a22-90dd-9272da768955",1545157209,18,18,12,"12/18/2018 18:20","America/New_York","Theatre District","Fenway","Uber","6f72dfc5-27f1-42e8-84db-ccc7a75f6969","UberXL",16,2.66,1,42.3661,-71.0631,30.8,20.78,"Clear","Mostly cloudy throughout the day.",0,0,0.41,13.14,22.28,1545127200,9.974,32.81,1545159600,20.92,1545220800,22.75,1545159600,14.29,1545199200,"clear-day",9.69,1010.58,321,0,1,9.974,376.6,1545134997,1545167680,0.37,0.0028,1545152400,23.09,1545192000,38.03,1545109200,11.82,1545134400,31.92,1545109200,"244"
"2075b357-edb5-43af-bc1a-f14e37e8df4c",1545058512,14,17,12,"12/17/2018 14:55","America/New_York","North Station","South Station","Lyft","lyft","Lyft",9,1.55,1,42.3644,-71.0661,36.45,31,"Overcast","Light rain in the morning.",5e-04,0.09,0.88,6.79,8.73,1545022800,9.037,41.39,1545076800,23.87,1545138000,35.93,1545076800,11.81,1545134400,"cloudy",33.32,1003.86,328,1,1,9.037,326,1545048561,1545081260,0.33,0.0185,1545066000,34.07,1545044400,41.39,1545076800,28.17,1545044400,35.93,1545076800,"356"
"5ed4e4a3-670f-4396-b262-41ef238f5c6f",1543585986,13,30,11,"11/30/2018 13:53","America/New_York","Boston University","Beacon Hill","Uber","55c66225-fbe7-4fd5-9072-eab1ece5e23e","UberX",9.5,2.79,1,42.3647,-71.0542,31.8,31.8,"Clear","Mostly cloudy throughout the day.",0,0,0.83,2.1,4.79,1543554000,10,42.52,1543600800,31.71,1543658400,40.53,1543611600,28.06,1543658400,"clear-day",27.14,1017.01,296,0.01,0,10,277.1,1543578867,1543612470,0.79,3e-04,1543593600,28.79,1543579200,42.52,1543600800,26.41,1543575600,40.53,1543611600,"141"
"15af58b1-09dc-4949-9348-fc26733fff1d",1545044411,11,17,12,"12/17/2018 11:00","America/New_York","Beacon Hill","Northeastern University","Lyft","lyft","Lyft",11,2.5,1,42.3503,-71.081,34.87,28.73,"Overcast","Light rain in the morning.",0.0023,0.16,0.93,7.37,8.18,1545022800,8.275,41.51,1545076800,24.05,1545134400,36.11,1545076800,12.12,1545134400,"cloudy",32.99,1004.23,340,1,0,8.275,326.2,1545048561,1545081267,0.33,0.0183,1545066000,34.24,1545044400,41.51,1545076800,28.43,1545044400,36.11,1545076800,"424"
"81e53dab-4ba4-4761-ad79-781c41a00f27",1543419383,15,28,11,"11/28/2018 15:36","America/New_York","Northeastern University","Beacon Hill","Uber","9a0e7b09-b92b-4c41-9779-2ad22b4d779d","WAV",10.5,2.61,1,42.3519,-71.0551,41.24,35.9,"Mostly Cloudy","Mostly cloudy throughout the day.",0,0,0.6,8.39,12.38,1543431600,10,42.6,1543438800,37.33,1543489200,36.56,1543435200,31.82,1543478400,"partly-cloudy-day",28.42,991.46,297,0.74,1,10,351.9,1543405934,1543439719,0.72,0,1543420800,33.7,1543399200,42.6,1543438800,29.88,1543399200,36.56,1543435200,"436"
"e02a52e2-32fe-4be6-94f9-224db64692b8",1544950506,8,16,12,"12/16/2018 8:55","America/New_York","Back Bay","North End","Lyft","lyft_lux","Lux Black",27.5,2.51,1,42.3644,-71.0661,39.67,35,"Partly Cloudy","Rain throughout the day.",0,0,0.72,6.57,9.01,1545015600,10,43.74,1544990400,34.07,1545044400,38.36,1544986800,28.17,1545044400,"partly-cloudy-night",31.38,1022.08,51,0.32,0,10,302.6,1544962122,1544994842,0.3,0.1246,1544979600,38.88,1544954400,43.74,1544990400,33.68,1545019200,38.36,1544986800,"294"
"d092f3e7-02dd-4964-8bd7-337492824e3c",1543619578,23,30,11,"11/30/2018 23:12","America/New_York","South Station","West End","Uber","997acbb5-e102-41e1-b155-9df7de0a73f2","UberPool",7,1.7,1,42.2148,-71.033,38.62,35.98,"Overcast","Overcast throughout the day.",0,0,0.66,3.75,3.75,1543557600,10,42.13,1543600800,30.17,1543662000,40.95,1543608000,25.87,1543662000,"cloudy",28.26,1017.33,282,1,0,10,285.6,1543578835,1543612492,0.79,0,1543593600,28.9,1543579200,42.13,1543600800,26.2,1543575600,40.95,1543608000,"256"
"fe9ea85a-cc11-4484-bb80-0696358dc633",1544874911,11,15,12,"12/15/2018 11:55","America/New_York","Financial District","South Station","Lyft","lyft_lux","Lux Black",16.5,0.45,1,42.3647,-71.0542,47.34,46.24,"Overcast","Mostly cloudy throughout the day.",0.0024,0.12,0.88,3.47,6.73,1544918400,8.099,54.4,1544896800,39.22,1544954400,53.73,1544896800,35.32,1544954400,"cloudy",43.91,1021.98,222,0.99,0,8.099,296.6,1544875679,1544908424,0.27,0.0075,1544893200,39.78,1544929200,54.4,1544896800,36.64,1544929200,53.73,1544896800,"572"
"e4692a94-feaf-4fa6-ac94-58b2e515374f",1543293743,4,27,11,"11/27/2018 4:42","America/New_York","Boston University","West End","Lyft","lyft","Lyft",9,3.14,1,42.3519,-71.0643,43.38,37.06,"Rain","Rain until morning, starting again in the evening.",0.1267,1,0.89,12.12,16.82,1543287600,4.273,46.59,1543255200,41.77,1543298400,43.97,1543251600,36.47,1543298400,"rain",40.38,1000.86,78,1,0,4.273,289.5,1543233000,1543266976,0.64,0.1227,1543251600,40.35,1543233600,46.59,1543255200,36.96,1543291200,43.97,1543251600,"412"
"4e3ac7ab-8492-4bfd-a079-d55ff3fe72cf",1543864076,19,3,12,"12/3/2018 19:07","America/New_York","Financial District","Northeastern University","Lyft","lyft_luxsuv","Lux Black XL",38,3.44,1,42.3398,-71.0892,53.34,53.34,"Overcast","Foggy in the morning.",0,0,0.5,7.32,8.99,1543856400,10,57.52,1543852800,33.58,1543921200,56.85,1543852800,28.06,1543914000,"cloudy",35.04,999.71,289,0.89,0,10,313.1,1543838259,1543871631,0.89,4e-04,1543852800,42.83,1543896000,57.52,1543852800,39.65,1543896000,56.85,1543852800,"51"
"2c616c6a-ba5b-4a98-ae6b-ab3e221046d0",1543633084,2,1,12,"12/1/2018 2:58","America/New_York","North End","Theatre District","Uber","9a0e7b09-b92b-4c41-9779-2ad22b4d779d","WAV",8,1.41,1,42.3644,-71.0661,36.89,34.35,"Overcast","Mostly cloudy throughout the day.",0,0,0.71,3.41,4.58,1543554000,9.884,42.57,1543600800,31.48,1543658400,40.51,1543611600,27.89,1543658400,"cloudy",28.43,1018.23,303,0.97,0,9.884,290.5,1543578870,1543612473,0.79,4e-04,1543593600,28.64,1543575600,42.57,1543600800,27.2,1543568400,40.51,1543611600,"492"
"e17db11b-8bf4-4c79-9a2a-45de7a06c645",1543353862,21,27,11,"11/27/2018 21:24","America/New_York","Back Bay","Fenway","Lyft","lyft_plus","Lyft XL",13.5,1.44,1,42.2148,-71.033,42.23,36.87,"Mostly Cloudy","Light rain in the morning.",0,0,0.7,8.92,10.36,1543334400,9.961,47.55,1543320000,33.1,1543402800,44.12,1543320000,29.11,1543392000,"partly-cloudy-night",33.05,991.47,250,0.77,0,9.961,308.9,1543319437,1543353364,0.68,0.1064,1543338000,35.36,1543377600,47.55,1543320000,31.04,1543377600,44.12,1543320000,"413"
"909ec523-17c4-4d6c-90c1-0cbe867388ac",1543398248,9,28,11,"11/28/2018 9:44","America/New_York","Theatre District","Boston University","Lyft","lyft_plus","Lyft XL",16.5,3.15,1,42.3429,-71.1003,34.26,30.15,"Partly Cloudy","Mostly cloudy throughout the day.",0,0,0.79,4.54,7,1543431600,9.924,42.7,1543438800,37.17,1543464000,36.77,1543438800,31.87,1543460400,"partly-cloudy-night",28.36,991.12,252,0.25,0,9.924,343.8,1543405943,1543439731,0.72,0,1543420800,33.6,1543399200,42.7,1543438800,30.08,1543399200,36.77,1543438800,"490"
"c422a8ef-037f-4a42-ab37-4eac1f6563cf",1543617180,22,30,11,"11/30/2018 22:32","America/New_York","Back Bay","South Station","Lyft","lyft_premier","Lux",13.5,1.35,1,42.3647,-71.0542,40.13,38.08,"Overcast","Mostly cloudy throughout the day.",0,0,0.6,3.38,3.99,1543554000,9.833,42.52,1543600800,31.71,1543658400,40.53,1543611600,28.06,1543658400,"cloudy",27.31,1017.16,281,1,0,9.833,281.8,1543578867,1543612470,0.79,3e-04,1543593600,28.79,1543579200,42.52,1543600800,26.41,1543575600,40.53,1543611600,"65"
"9a1f2d3c-e7e8-4a1f-9795-bcce3f9edb38",1545073513,19,17,12,"12/17/2018 19:05","America/New_York","Theatre District","Northeastern University","Lyft","lyft","Lyft",10.5,2.14,1,42.3398,-71.0892,40.78,36.05,"Overcast","Light rain in the morning.",0,0,0.69,7.06,9.44,1545022800,9.973,41.58,1545076800,23.95,1545134400,36.21,1545076800,12.05,1545134400,"cloudy",31.55,999.84,284,0.89,0,9.973,344.9,1545048561,1545081271,0.33,0.0181,1545066000,34,1545044400,41.58,1545076800,28.18,1545044400,36.21,1545076800,"187"
"65d8fd73-99cc-4bd9-ae90-294a171d05b0",1544976912,16,16,12,"12/16/2018 16:15","America/New_York","North Station","Boston University","Uber","55c66225-fbe7-4fd5-9072-eab1ece5e23e","UberX",9.5,3.01,1,42.3661,-71.0631,42.42,37.83,"Overcast","Rain throughout the day.",0.0036,0.29,0.75,7.41,8.54,1545015600,9.608,43.78,1544990400,34.12,1545044400,38.39,1544986800,28.21,1545044400,"cloudy",35.13,1018.69,76,1,1,9.608,326.7,1544962122,1544994841,0.3,0.1246,1544979600,38.94,1544954400,43.78,1544990400,33.76,1545019200,38.39,1544986800,"580"
"5f95fb59-f9d9-4df1-b4a2-92d95bd878aa",1544913611,22,15,12,"12/15/2018 22:40","America/New_York","North End","Financial District","Lyft","lyft_premier","Lux",16.5,1.08,1,42.3644,-71.0661,46.91,44.41,"Partly Cloudy","Mostly cloudy throughout the day.",0,0,0.64,5.28,8.98,1544918400,9.963,54.47,1544896800,38.88,1544954400,53.8,1544896800,34.99,1544950800,"partly-cloudy-night",35.48,1022.43,35,0.23,0,9.963,300,1544875681,1544908426,0.27,0.0074,1544893200,39.48,1544929200,54.47,1544896800,36.4,1544929200,53.8,1544896800,"19"
"63adf44b-602e-470d-8e4a-6dcb264e665c",1545033907,8,17,12,"12/17/2018 8:05","America/New_York","North Station","Northeastern University","Uber","6d318bcc-22a3-4af6-bddd-b409bfce1546","Black SUV",38.5,3.3,1,42.2148,-71.033,37.83,30.56,"Light Rain","Light rain in the morning and overnight.",0.0216,1,0.91,10.88,10.88,1545022800,3.139,40.61,1545076800,24.07,1545130800,34.97,1545080400,12.04,1545134400,"rain",35.31,1004.44,356,1,0,3.139,332.2,1545048523,1545081282,0.33,0.0221,1545066000,34.19,1545048000,40.66,1545022800,27.39,1545044400,34.97,1545080400,"517"
"82d7e3ec-bb30-4677-8aba-9a549a7afd6e",1543601279,18,30,11,"11/30/2018 18:07","America/New_York","North End","West End","Uber","6d318bcc-22a3-4af6-bddd-b409bfce1546","Black SUV",27.5,1.16,1,42.2148,-71.033,41.09,39.09,"Overcast","Overcast throughout the day.",0,0,0.57,3.48,3.48,1543557600,10,42.13,1543600800,30.17,1543662000,40.95,1543608000,25.87,1543662000,"cloudy",26.98,1015.98,259,0.98,1,10,273,1543578835,1543612492,0.79,0,1543593600,28.9,1543579200,42.13,1543600800,26.2,1543575600,40.95,1543608000,"178"
"4497bcda-061e-41b2-8007-5b34326c5b25",1543413368,13,28,11,"11/28/2018 13:56","America/New_York","Boston University","Beacon Hill","Lyft","lyft","Lyft",10.5,2.66,1,42.2148,-71.033,35.98,31.03,"Partly Cloudy","Mostly cloudy throughout the day.",0,0,0.7,5.92,5.92,1543446000,9.843,42.18,1543420800,36.71,1543478400,35.75,1543420800,30.29,1543460400,"partly-cloudy-day",27.26,991.62,264,0.44,0,9.843,348,1543405904,1543439738,0.72,1e-04,1543420800,33.1,1543402800,42.18,1543420800,29.11,1543392000,35.75,1543420800,"68"
"a2d5060e-8c84-491c-923f-bba915173823",1543525384,21,29,11,"11/29/2018 21:03","America/New_York","Haymarket Square","Theatre District","Lyft","lyft_line","Shared",5,1.23,1,42.3519,-71.0551,41.97,36.09,"Partly Cloudy","Partly cloudy throughout the day.",0,0,0.55,10,15.17,1543514400,9.784,44.76,1543510800,28.78,1543579200,38.44,1543510800,26.32,1543575600,"partly-cloudy-night",26.82,1008.97,310,0.31,0,9.784,305.7,1543492400,1543526095,0.75,0,1543510800,35.12,1543550400,44.76,1543510800,30.85,1543550400,38.44,1543510800,"100"
"d492fe2d-9b67-487a-a361-289689b0e4cc",1543890178,2,4,12,"12/4/2018 2:22","America/New_York","West End","South Station","Lyft","lyft_premier","Lux",16.5,2.04,1,42.2148,-71.033,45.12,40.99,"Partly Cloudy","Foggy in the morning.",0,0,0.63,7.64,9.95,1543860000,9.945,57.87,1543852800,32.8,1543921200,57.2,1543852800,27.22,1543914000,"partly-cloudy-night",33.14,1002.57,271,0.48,0,9.945,329.7,1543838223,1543871641,0.89,7e-04,1543852800,42.96,1543896000,57.87,1543852800,39.41,1543896000,57.2,1543852800,"268"
"870aa88f-e9b7-4a99-94da-8f31fff4a286",1543500784,14,29,11,"11/29/2018 14:13","America/New_York","Northeastern University","Financial District","Uber","6c84fd89-3f11-4782-9b50-97c468b19529","Black",26,2.57,1,42.3505,-71.1054,41.39,36.08,"Partly Cloudy","Partly cloudy throughout the day.",0,0,0.58,8.41,15.95,1543514400,9.994,44.96,1543510800,28.42,1543579200,38.85,1543510800,29.07,1543579200,"partly-cloudy-day",27.59,1006.23,314,0.22,1,9.994,331.8,1543492412,1543526107,0.75,0,1543510800,35.2,1543550400,44.96,1543510800,31.4,1543550400,38.85,1543510800,"3"
"5ff04a71-dbf6-4690-b1a3-1beb7e894303",1543707486,23,1,12,"12/1/2018 23:38","America/New_York","Fenway","Financial District","Lyft","lyft_line","Shared",7,4.31,1,42.3519,-71.0643,37.05,37.05,"Partly Cloudy","Light rain in the morning and overnight.",0,0,0.74,2.34,2.87,1543672800,9.785,44.76,1543690800,34.83,1543712400,44.09,1543690800,35.48,1543712400,"partly-cloudy-night",29.65,1023.57,133,0.31,0,9.785,271.5,1543665331,1543698855,0.82,0,1543683600,31.42,1543658400,44.76,1543690800,27.77,1543658400,44.09,1543690800,"506"
"8659022f-bc8f-4fc9-82db-e7aa0752d7ab",1544996404,21,16,12,"12/16/2018 21:40","America/New_York","West End","Northeastern University","Lyft","lyft_line","Shared",7,3.03,1,42.3519,-71.0643,42.84,37.91,"Overcast","Rain throughout the day.",0,0,0.72,8.28,10.42,1545015600,9.858,43.7,1544990400,34.07,1545044400,38.29,1544986800,28.11,1545044400,"cloudy",34.27,1014.2,64,0.92,0,9.858,322.1,1544962119,1544994844,0.3,0.1261,1544979600,39.07,1544954400,43.7,1544990400,33.64,1545019200,38.29,1544986800,"195"
"68128f4f-2e6d-4c22-9dfd-0e76779b3507",1544867407,9,15,12,"12/15/2018 9:50","America/New_York","South Station","Back Bay","Lyft","lyft_premier","Lux",22.5,3.26,1,42.3398,-71.0892,46.62,45.36,"Overcast","Mostly cloudy throughout the day.",0,0,0.88,3.52,5.7,1544918400,9.76,54.48,1544896800,38.73,1544954400,53.81,1544896800,34.83,1544950800,"cloudy",43.33,1021.3,225,0.93,0,9.76,295.6,1544875682,1544908437,0.27,0.0084,1544893200,39.49,1544929200,54.48,1544896800,36.48,1544929200,53.81,1544896800,"91"
"45624726-e47d-4f1a-b8d5-91a35d8accd8",1545134706,12,18,12,"12/18/2018 12:05","America/New_York","Northeastern University","Beacon Hill","Lyft","lyft_premier","Lux",16.5,2.44,1,42.3429,-71.1003,24.61,12.13,"Mostly Cloudy","Mostly cloudy throughout the day.",0,0,0.5,14.95,23.96,1545127200,9.948,32.84,1545159600,20.72,1545220800,22.96,1545159600,14.48,1545195600,"partly-cloudy-night",8.55,1007.14,314,0.78,0,9.948,371.4,1545135001,1545167693,0.37,0.0056,1545152400,22.98,1545192000,37.95,1545109200,12.13,1545134400,32.03,1545109200,"117"
"458ce534-55d9-4bc7-999f-5880ef78eba2",1543705983,23,1,12,"12/1/2018 23:13","America/New_York","Fenway","Back Bay","Lyft","lyft","Lyft",7,1.51,1,42.3519,-71.0643,37.05,37.05,"Partly Cloudy","Light rain in the morning and overnight.",0,0,0.74,2.34,2.87,1543672800,9.785,44.76,1543690800,34.83,1543712400,44.09,1543690800,35.48,1543712400,"partly-cloudy-night",29.65,1023.57,133,0.31,0,9.785,271.5,1543665331,1543698855,0.82,0,1543683600,31.42,1543658400,44.76,1543690800,27.77,1543658400,44.09,1543690800,"254"
"749f510a-2479-4ac0-86d8-6f587aaecfed",1543541283,1,30,11,"11/30/2018 1:28","America/New_York","Back Bay","Northeastern University","Uber","9a0e7b09-b92b-4c41-9779-2ad22b4d779d","WAV",16,1.26,1,42.3505,-71.1054,37.95,32.46,"Clear","Partly cloudy throughout the day.",0,0,0.65,7.34,9.4,1543514400,9.984,44.96,1543510800,28.42,1543579200,38.85,1543510800,29.07,1543579200,"clear-night",27.2,1011.66,318,0,0,9.984,297.9,1543492412,1543526107,0.75,0,1543510800,35.2,1543550400,44.96,1543510800,31.4,1543550400,38.85,1543510800,"652"
"f7a7595f-91b1-43c4-9fed-6d6c0e02ae45",1545108909,4,18,12,"12/18/2018 4:55","America/New_York","Financial District","North End","Uber","6d318bcc-22a3-4af6-bddd-b409bfce1546","Black SUV",27.5,1.21,1,42.3519,-71.0643,37.21,31.9,"Overcast","Light rain in the morning.",0,0,0.69,6.79,11.31,1545022800,9.732,41.42,1545076800,23.89,1545138000,35.95,1545076800,11.83,1545134400,"cloudy",28.04,1000.92,272,1,0,9.732,365.2,1545048558,1545081262,0.33,0.0178,1545066000,34.07,1545044400,41.42,1545076800,28.11,1545044400,35.95,1545076800,"640"
"ab2c3f02-cab4-4a3a-bdcb-2aec33f82766",1543438568,20,28,11,"11/28/2018 20:56","America/New_York","Fenway","North Station","Uber","55c66225-fbe7-4fd5-9072-eab1ece5e23e","UberX",12,3.07,1,42.3644,-71.0661,41.91,36.71,"Overcast","Mostly cloudy throughout the day.",0,0,0.6,8.42,13,1543431600,10,42.57,1543438800,37.37,1543489200,36.55,1543438800,31.91,1543478400,"cloudy",29.05,992.85,295,1,0,10,355,1543405938,1543439719,0.72,0,1543420800,33.7,1543399200,42.57,1543438800,29.94,1543399200,36.55,1543438800,"135"
"8bff192f-161a-4b39-a470-5ac7b8123ecc",1543415486,14,28,11,"11/28/2018 14:31","America/New_York","Haymarket Square","Theatre District","Lyft","lyft_plus","Lyft XL",13.5,1.25,1,42.3661,-71.0631,39.02,34.01,"Partly Cloudy","Mostly cloudy throughout the day.",0,0,0.65,6.91,9.33,1543431600,9.908,42.6,1543438800,37.44,1543489200,36.58,1543438800,31.97,1543478400,"partly-cloudy-day",28.08,991.71,290,0.37,1,9.908,350.4,1543405938,1543439718,0.72,0,1543420800,33.75,1543399200,42.6,1543438800,29.97,1543399200,36.58,1543438800,"176"
"623211bd-4623-4253-8f02-717c2a565153",1543426149,17,28,11,"11/28/2018 17:29","America/New_York","Boston University","North Station","Uber","6f72dfc5-27f1-42e8-84db-ccc7a75f6969","UberXL",18.5,3.39,1,42.3644,-71.0661,40.77,35.14,"Overcast","Mostly cloudy throughout the day.",0,0,0.63,8.76,14.9,1543431600,10,42.57,1543438800,37.37,1543489200,36.55,1543438800,31.91,1543478400,"cloudy",29.17,991.33,303,1,1,10,352.4,1543405938,1543439719,0.72,0,1543420800,33.7,1543399200,42.57,1543438800,29.94,1543399200,36.55,1543438800,"591"
"5a9ab490-c97f-4c94-8eb5-acd9cde8aa83",1543437849,20,28,11,"11/28/2018 20:44","America/New_York","North Station","Fenway","Uber","6c84fd89-3f11-4782-9b50-97c468b19529","Black",24,3.05,1,42.3644,-71.0661,41.91,36.71,"Overcast","Mostly cloudy throughout the day.",0,0,0.6,8.42,13,1543431600,10,42.57,1543438800,37.37,1543489200,36.55,1543438800,31.91,1543478400,"cloudy",29.05,992.85,295,1,0,10,355,1543405938,1543439719,0.72,0,1543420800,33.7,1543399200,42.57,1543438800,29.94,1543399200,36.55,1543438800,"488"
"6b432365-2528-477b-90f8-1204d90835c2",1544745013,23,13,12,"12/13/2018 23:50","America/New_York","North Station","Northeastern University","Lyft","lyft","Lyft",11,3.31,1,42.3644,-71.0661,31.41,31.41,"Overcast","Partly cloudy throughout the day.",0,0,0.62,2.31,2.62,1544738400,10,33.81,1544731200,27.05,1544781600,32.82,1544734800,27.7,1544781600,"cloudy",20.07,1035,154,0.99,0,10,328.3,1544702794,1544735602,0.21,1e-04,1544716800,17.91,1544688000,33.81,1544731200,13.47,1544688000,32.82,1544734800,"341"
"2b302823-6108-4180-b8a9-c93bb2f23d1a",1543653781,8,1,12,"12/1/2018 8:43","America/New_York","Back Bay","Haymarket Square","Uber","55c66225-fbe7-4fd5-9072-eab1ece5e23e","UberX",11.5,2.2,1,42.2148,-71.033,32.34,28.52,"Mostly Cloudy","Light rain in the morning and overnight.",0,0,0.81,3.95,3.95,1543672800,9.949,44.11,1543690800,34.58,1543712400,43.44,1543690800,35.23,1543712400,"partly-cloudy-night",27.25,1019.38,304,0.83,0,9.949,284.1,1543665299,1543698873,0.82,0,1543683600,30.17,1543662000,44.11,1543690800,25.87,1543662000,43.44,1543690800,"542"
"4835cd2b-6bed-4715-b03f-aaa2f86de0e3",1543467462,4,29,11,"11/29/2018 4:57","America/New_York","Northeastern University","Financial District","Uber","9a0e7b09-b92b-4c41-9779-2ad22b4d779d","WAV",12,4.57,1,42.3519,-71.0551,38.18,32.09,"Mostly Cloudy","Mostly cloudy throughout the day.",0,0,0.7,8.52,9.67,1543431600,10,42.6,1543438800,37.33,1543489200,36.56,1543435200,31.82,1543478400,"partly-cloudy-night",29.13,998.75,303,0.59,0,10,346.7,1543405934,1543439719,0.72,0,1543420800,33.7,1543399200,42.6,1543438800,29.88,1543399200,36.56,1543435200,"259"
"2bdf1f0e-a519-49af-9b56-22a50dd394b4",1544949612,8,16,12,"12/16/2018 8:40","America/New_York","North Station","North End","Lyft","lyft_luxsuv","Lux Black XL",26,1.61,1,42.3644,-71.0661,39.67,35,"Partly Cloudy","Rain throughout the day.",0,0,0.72,6.57,9.01,1545015600,10,43.74,1544990400,34.07,1545044400,38.36,1544986800,28.17,1545044400,"partly-cloudy-night",31.38,1022.08,51,0.32,0,10,302.6,1544962122,1544994842,0.3,0.1246,1544979600,38.88,1544954400,43.74,1544990400,33.68,1545019200,38.36,1544986800,"63"
"c825025d-758b-420d-a657-9a65666b59f3",1545067807,17,17,12,"12/17/2018 17:30","America/New_York","Haymarket Square","Beacon Hill","Lyft","lyft_luxsuv","Lux Black XL",27.5,1.36,1,42.2148,-71.033,37.71,31.92,"Overcast","Light rain in the morning and overnight.",0,0,0.9,7.78,7.78,1545022800,7.44,40.61,1545076800,24.07,1545130800,34.97,1545080400,12.04,1545134400,"cloudy",34.94,1001.22,305,1,1,7.44,328.6,1545048523,1545081282,0.33,0.0221,1545066000,34.19,1545048000,40.66,1545022800,27.39,1545044400,34.97,1545080400,"375"
"a28b06d4-27c9-4195-9e25-0a9bccaf2a1e",1543327762,14,27,11,"11/27/2018 14:09","America/New_York","Financial District","Haymarket Square","Lyft","lyft_luxsuv","Lux Black XL",27.5,1.3,1,42.3429,-71.1003,42.01,37.66,"Overcast","Light rain in the morning.",0.0015,0.32,0.91,6.82,7.56,1543338000,4.394,46.24,1543320000,33.6,1543399200,43.32,1543320000,30.08,1543399200,"cloudy",39.68,988.3,237,1,1,4.394,329.4,1543319476,1543353358,0.68,0.143,1543338000,35.84,1543377600,46.24,1543320000,31.95,1543377600,43.32,1543320000,"206"
"f9707b85-de29-4d34-ac53-5bd777282c61",1543459450,2,29,11,"11/29/2018 2:44","America/New_York","South Station","Theatre District","Uber","9a0e7b09-b92b-4c41-9779-2ad22b4d779d","WAV",7.5,1.3,1,42.3429,-71.1003,37.92,31.91,"Mostly Cloudy","Mostly cloudy throughout the day.",0,0,0.71,8.28,12.43,1543431600,9.981,42.7,1543438800,37.17,1543464000,36.77,1543438800,31.87,1543460400,"partly-cloudy-night",29.42,997.37,305,0.75,0,9.981,348.9,1543405943,1543439731,0.72,0,1543420800,33.6,1543399200,42.7,1543438800,30.08,1543399200,36.77,1543438800,"597"
"40e3add2-16d0-4c01-bbe5-df28cb9ee4a3",1543488183,10,29,11,"11/29/2018 10:43","America/New_York","Fenway","Theatre District","Uber","55c66225-fbe7-4fd5-9072-eab1ece5e23e","UberX",12.5,2.66,1,42.3519,-71.0643,37.92,32,"Partly Cloudy","Partly cloudy throughout the day.",0,0,0.67,8.11,12.38,1543514400,9.995,44.8,1543510800,28.7,1543579200,38.51,1543510800,26.3,1543575600,"partly-cloudy-night",27.86,1003.62,306,0.22,0,9.995,341.1,1543492402,1543526097,0.75,0,1543510800,35.02,1543550400,44.8,1543510800,30.81,1543550400,38.51,1543510800,"370"
"fb4e9e9a-6d23-45a9-ad6a-e9fd0f82b973",1544910013,21,15,12,"12/15/2018 21:40","America/New_York","Boston University","West End","Lyft","lyft_plus","Lyft XL",16.5,3.05,1,42.3661,-71.0631,49.65,47.56,"Partly Cloudy","Mostly cloudy throughout the day.",0,0,0.63,5.44,5.44,1544918400,9.598,54.47,1544896800,38.94,1544954400,53.8,1544896800,35.08,1544950800,"partly-cloudy-day",37.69,1021.34,21,0.25,0,9.598,302.2,1544875681,1544908425,0.27,0.0074,1544893200,39.54,1544929200,54.47,1544896800,36.46,1544929200,53.8,1544896800,"397"
"5a750cc6-9929-4a99-b7d2-0ee9e8df41ad",1543419129,15,28,11,"11/28/2018 15:32","America/New_York","West End","Fenway","Lyft","lyft_luxsuv","Lux Black XL",32.5,2.96,1,42.3519,-71.0551,41.24,35.9,"Mostly Cloudy","Mostly cloudy throughout the day.",0,0,0.6,8.39,12.38,1543431600,10,42.6,1543438800,37.33,1543489200,36.56,1543435200,31.82,1543478400,"partly-cloudy-day",28.42,991.46,297,0.74,1,10,351.9,1543405934,1543439719,0.72,0,1543420800,33.7,1543399200,42.6,1543438800,29.88,1543399200,36.56,1543435200,"344"
"544937de-761a-4d3f-a3dd-65e1ff64f9cf",1543466785,4,29,11,"11/29/2018 4:46","America/New_York","Beacon Hill","South Station","Uber","9a0e7b09-b92b-4c41-9779-2ad22b4d779d","WAV",9.5,1.35,1,42.3519,-71.0551,38.18,32.09,"Mostly Cloudy","Mostly cloudy throughout the day.",0,0,0.7,8.52,9.67,1543431600,10,42.6,1543438800,37.33,1543489200,36.56,1543435200,31.82,1543478400,"partly-cloudy-night",29.13,998.75,303,0.59,0,10,346.7,1543405934,1543439719,0.72,0,1543420800,33.7,1543399200,42.6,1543438800,29.88,1543399200,36.56,1543435200,"196"
"b90c5471-2cc8-4eaf-a32e-eab1613c51f1",1544407123,1,10,12,"12/10/2018 1:58","America/New_York","West End","North End","Lyft","lyft_luxsuv","Lux Black XL",27.5,1.07,1,42.3429,-71.1003,29.35,24.16,"Clear","Partly cloudy throughout the day.",0,0,0.56,4.8,6.83,1544371200,10,36.29,1544378400,21.52,1544443200,30.25,1544378400,19.19,1544439600,"clear-night",15.46,1021.33,230,0,0,10,306.6,1544357003,1544389993,0.09,3e-04,1544374800,15.63,1544353200,36.29,1544378400,13.91,1544356800,30.25,1544378400,"621"
"bd675ae2-4526-4769-9812-b846d8fa5544",1544999409,22,16,12,"12/16/2018 22:30","America/New_York","Fenway","North Station","Uber","9a0e7b09-b92b-4c41-9779-2ad22b4d779d","WAV",10.5,3.07,1,42.3503,-71.081,42.38,37.47,"Possible Drizzle","Rain throughout the day.",0.0016,0.47,0.77,8.02,9.4,1545015600,7.742,43.73,1544990400,34.24,1545044400,38.39,1544986800,28.43,1545044400,"rain",35.83,1013.45,60,0.96,0,7.742,322.8,1544962123,1544994849,0.3,0.1254,1544979600,38.94,1544954400,43.73,1544990400,33.99,1545019200,38.39,1544986800,"267"
"345539b3-f5a4-4a99-ba95-763f7b607413",1543482184,9,29,11,"11/29/2018 9:03","America/New_York","North Station","Haymarket Square","Lyft","lyft_plus","Lyft XL",10.5,0.73,1,42.2148,-71.033,37.79,30.62,"Mostly Cloudy","Partly cloudy throughout the day.",0,0,0.67,10.63,11.4,1543514400,10,45.03,1543510800,28.9,1543579200,38.53,1543510800,26.2,1543575600,"partly-cloudy-night",27.63,1001.97,306,0.53,0,10,341.9,1543492370,1543526114,0.75,0,1543507200,34.67,1543550400,45.03,1543510800,30.3,1543550400,38.53,1543510800,"133"
"f8c09033-667b-4a01-b95c-cf2d2f1f4ffc",1543887482,1,4,12,"12/4/2018 1:38","America/New_York","Haymarket Square","Theatre District","Uber","6d318bcc-22a3-4af6-bddd-b409bfce1546","Black SUV",27,1.16,1,42.3644,-71.0661,45.96,43.06,"Partly Cloudy","Foggy in the morning.",0,0,0.61,5.65,8.43,1543856400,10,57.08,1543852800,33.68,1543921200,56.41,1543852800,28.12,1543914000,"partly-cloudy-night",33.28,1002.29,265,0.14,0,10,330.8,1543838258,1543871621,0.89,4e-04,1543852800,42.86,1543896000,57.08,1543852800,39.54,1543896000,56.41,1543852800,"252"
"2f4fb4e7-2608-4d25-8ccf-2a2c929c0bd0",1545090906,23,17,12,"12/17/2018 23:55","America/New_York","Fenway","Theatre District","Lyft","lyft_plus","Lyft XL",16.5,2.72,1,42.3559,-71.055,38.96,33.83,"Overcast","Light rain in the morning.",0,0,0.7,7.11,11.22,1545022800,9.955,41.41,1545076800,23.95,1545138000,35.91,1545076800,11.84,1545134400,"cloudy",29.98,1000.88,294,0.92,0,9.955,376.8,1545048556,1545081259,0.33,0.0177,1545066000,34.18,1545044400,41.41,1545076800,28.19,1545044400,35.91,1545076800,"299"
"958f1328-b892-4395-84f9-48188523c7e5",1543465164,4,29,11,"11/29/2018 4:19","America/New_York","South Station","Theatre District","Uber","6d318bcc-22a3-4af6-bddd-b409bfce1546","Black SUV",27.5,1.3,1,42.3519,-71.0551,38.18,32.09,"Mostly Cloudy","Mostly cloudy throughout the day.",0,0,0.7,8.52,9.67,1543431600,10,42.6,1543438800,37.33,1543489200,36.56,1543435200,31.82,1543478400,"partly-cloudy-night",29.13,998.75,303,0.59,0,10,346.7,1543405934,1543439719,0.72,0,1543420800,33.7,1543399200,42.6,1543438800,29.88,1543399200,36.56,1543435200,"293"
"7117b2ca-8ef7-4651-98ed-da93088bdcb6",1543488184,10,29,11,"11/29/2018 10:43","America/New_York","North End","Back Bay","Lyft","lyft_premier","Lux",22.5,2.93,1,42.3519,-71.0643,37.92,32,"Partly Cloudy","Partly cloudy throughout the day.",0,0,0.67,8.11,12.38,1543514400,9.995,44.8,1543510800,28.7,1543579200,38.51,1543510800,26.3,1543575600,"partly-cloudy-night",27.86,1003.62,306,0.22,0,9.995,341.1,1543492402,1543526097,0.75,0,1543510800,35.02,1543550400,44.8,1543510800,30.81,1543550400,38.51,1543510800,"457"
"2da91a0d-b1a1-458e-95b8-6356286d5d9e",1543438929,21,28,11,"11/28/2018 21:02","America/New_York","South Station","West End","Uber","6d318bcc-22a3-4af6-bddd-b409bfce1546","Black SUV",29,1.89,1,42.3519,-71.0551,41.35,35.62,"Overcast","Mostly cloudy throughout the day.",0,0,0.6,9.29,11.6,1543431600,10,42.6,1543438800,37.33,1543489200,36.56,1543435200,31.82,1543478400,"cloudy",28.39,993.87,295,1,0,10,355.2,1543405934,1543439719,0.72,0,1543420800,33.7,1543399200,42.6,1543438800,29.88,1543399200,36.56,1543435200,"302"
"89970a54-68d2-4f5e-8f63-2ebdee59f69f",1543604890,19,30,11,"11/30/2018 19:08","America/New_York","West End","Northeastern University","Uber","6d318bcc-22a3-4af6-bddd-b409bfce1546","Black SUV",30.5,3.2,1,42.3644,-71.0661,41.53,39.66,"Overcast","Mostly cloudy throughout the day.",0,0,0.55,3.41,3.46,1543554000,9.975,42.57,1543600800,31.48,1543658400,40.51,1543611600,27.89,1543658400,"cloudy",26.57,1016.07,252,1,1,9.975,274.1,1543578870,1543612473,0.79,4e-04,1543593600,28.64,1543575600,42.57,1543600800,27.2,1543568400,40.51,1543611600,"146"
"7505b66f-538d-42b6-b543-77c7443066cc",1544984109,18,16,12,"12/16/2018 18:15","America/New_York","South Station","Theatre District","Uber","6d318bcc-22a3-4af6-bddd-b409bfce1546","Black SUV",27.5,1.3,1,42.3588,-71.0707,42.82,38.16,"Overcast","Rain throughout the day.",0.0012,0.14,0.77,7.72,8.96,1545015600,10,43.68,1544990400,34.25,1545044400,38.28,1544986800,28.4,1545044400,"cloudy",35.99,1016.38,71,1,1,10,323.2,1544962122,1544994844,0.3,0.125,1544979600,39.01,1544954400,43.68,1544990400,34.03,1545019200,38.28,1544986800,"348"
"f7af779e-760b-482f-84b7-3d3523c2ba88",1544911804,22,15,12,"12/15/2018 22:10","America/New_York","North End","Theatre District","Lyft","lyft_plus","Lyft XL",16.5,1.53,1,42.3644,-71.0661,46.91,44.41,"Partly Cloudy","Mostly cloudy throughout the day.",0,0,0.64,5.28,8.98,1544918400,9.963,54.47,1544896800,38.88,1544954400,53.8,1544896800,34.99,1544950800,"partly-cloudy-night",35.48,1022.43,35,0.23,0,9.963,300,1544875681,1544908426,0.27,0.0074,1544893200,39.48,1544929200,54.47,1544896800,36.4,1544929200,53.8,1544896800,"349"
"50462ced-2e4d-44d2-9d75-63db0c195468",1543420208,15,28,11,"11/28/2018 15:50","America/New_York","West End","Boston University","Uber","55c66225-fbe7-4fd5-9072-eab1ece5e23e","UberX",16,2.8,1,42.3519,-71.0551,41.24,35.9,"Mostly Cloudy","Mostly cloudy throughout the day.",0,0,0.6,8.39,12.38,1543431600,10,42.6,1543438800,37.33,1543489200,36.56,1543435200,31.82,1543478400,"partly-cloudy-day",28.42,991.46,297,0.74,1,10,351.9,1543405934,1543439719,0.72,0,1543420800,33.7,1543399200,42.6,1543438800,29.88,1543399200,36.56,1543435200,"304"
"233c6b39-b776-4bf1-b1e6-0e3d380ca7a3",1544963713,12,16,12,"12/16/2018 12:35","America/New_York","Haymarket Square","West End","Lyft","lyft_line","Shared",5,0.72,1,42.3661,-71.0631,41.09,36.6,"Overcast","Rain throughout the day.",0,0,0.71,6.75,8.45,1545015600,10,43.78,1544990400,34.12,1545044400,38.39,1544986800,28.21,1545044400,"cloudy",32.52,1022.31,69,1,0,10,320,1544962122,1544994841,0.3,0.1246,1544979600,38.94,1544954400,43.78,1544990400,33.76,1545019200,38.39,1544986800,"42"
"7375ba15-ced7-4c63-b66c-c78ef698dee7",1543259650,19,26,11,"11/26/2018 19:14","America/New_York","Fenway","North Station","Lyft","lyft_plus","Lyft XL",19.5,3.27,1,42.3647,-71.0542,45.07,40.97,"Overcast","Rain until morning, starting again in the evening.",0.0021,0.1,0.85,7.55,7.55,1543287600,8.286,46.41,1543255200,42.14,1543298400,43.92,1543244400,36.93,1543298400,"cloudy",40.82,1009.8,104,1,0,8.286,294,1543233000,1543266971,0.64,0.1215,1543251600,40.65,1543233600,46.41,1543255200,37.37,1543291200,43.92,1543244400,"184"
"60a35323-f018-4227-b3b6-ecd9277c043f",1543365742,0,28,11,"11/28/2018 0:42","America/New_York","South Station","Financial District","Uber","997acbb5-e102-41e1-b155-9df7de0a73f2","UberPool",7.5,0.63,1,42.3661,-71.0631,39.13,34.07,"Clear","Light rain in the morning.",0,0,0.73,7.03,10.51,1543338000,10,46.83,1543320000,33.75,1543399200,43.85,1543320000,29.97,1543399200,"clear-night",31.05,991.99,246,0.12,0,10,315.1,1543319471,1543353345,0.68,0.1433,1543338000,36.13,1543377600,46.83,1543320000,32.05,1543377600,43.85,1543320000,"77"
"31e4f8de-03ed-41c0-b28d-45eb9560190c",1543784885,21,2,12,"12/2/2018 21:08","America/New_York","Boston University","Financial District","Lyft","lyft_line","Shared",10.5,4.74,1,42.2148,-71.033,52.1,52.1,"Possible Drizzle","Rain throughout the day.",0.002,0.46,0.95,4.31,4.34,1543755600,3.894,52.86,1543788000,46.6,1543824000,52.19,1543788000,47.25,1543824000,"rain",50.67,1003.15,223,1,0,3.894,282.7,1543751761,1543785256,0.86,0.1055,1543770000,36.35,1543726800,52.86,1543788000,35.33,1543744800,52.19,1543788000,"531"
"b2c85687-9bc1-4cbd-a922-0d7d10060f8e",1545023404,5,17,12,"12/17/2018 5:10","America/New_York","North Station","Northeastern University","Lyft","lyft","Lyft",11,3.29,1,42.3519,-71.0643,39.27,33.06,"Drizzle","Light rain in the morning.",0.0121,0.74,0.9,9.27,12.36,1545022800,3.847,41.42,1545076800,23.89,1545138000,35.95,1545076800,11.83,1545134400,"rain",36.71,1006.44,39,1,0,3.847,329.1,1545048558,1545081262,0.33,0.0178,1545066000,34.07,1545044400,41.42,1545076800,28.11,1545044400,35.95,1545076800,"494"
"bdd04cbe-2fec-4953-ae40-9ac51bb3d7cf",1545037210,9,17,12,"12/17/2018 9:00","America/New_York","West End","Haymarket Square","Lyft","lyft_line","Shared",3.5,0.74,1,42.3644,-71.0661,35.84,29.23,"Drizzle","Light rain in the morning.",0.0092,0.74,0.94,8.52,10.39,1545022800,3.606,41.39,1545076800,23.87,1545138000,35.93,1545076800,11.81,1545134400,"rain",34.25,1004.71,352,1,0,3.606,329.7,1545048561,1545081260,0.33,0.0185,1545066000,34.07,1545044400,41.39,1545076800,28.17,1545044400,35.93,1545076800,"556"
"f47f2140-0351-4ad2-9855-33f5de40502d",1544723718,17,13,12,"12/13/2018 17:55","America/New_York","South Station","Theatre District","Uber","9a0e7b09-b92b-4c41-9779-2ad22b4d779d","WAV",8,1.56,1,42.3644,-71.0661,31.24,31.24,"Mostly Cloudy","Partly cloudy throughout the day.",0,0,0.54,2.5,3.2,1544738400,9.946,33.81,1544731200,27.05,1544781600,32.82,1544734800,27.7,1544781600,"partly-cloudy-day",16.42,1033.89,18,0.69,1,9.946,327.2,1544702794,1544735602,0.21,1e-04,1544716800,17.91,1544688000,33.81,1544731200,13.47,1544688000,32.82,1544734800,"14"
"8e9f62f9-eb08-4965-a8f3-59217f6bde2f",1543435868,20,28,11,"11/28/2018 20:11","America/New_York","Haymarket Square","Back Bay","Uber","9a0e7b09-b92b-4c41-9779-2ad22b4d779d","WAV",8.5,2.31,1,42.3644,-71.0661,41.91,36.71,"Overcast","Mostly cloudy throughout the day.",0,0,0.6,8.42,13,1543431600,10,42.57,1543438800,37.37,1543489200,36.55,1543438800,31.91,1543478400,"cloudy",29.05,992.85,295,1,0,10,355,1543405938,1543439719,0.72,0,1543420800,33.7,1543399200,42.57,1543438800,29.94,1543399200,36.55,1543438800,"342"
"a35afbd6-6526-49f6-8914-0333815254f8",1543324702,13,27,11,"11/27/2018 13:18","America/New_York","Boston University","Theatre District","Lyft","lyft_luxsuv","Lux Black XL",38.5,2.9,1,42.3588,-71.0707,44.94,42.13,"Possible Drizzle","Light rain in the morning.",0.007,0.61,0.94,5.23,5.23,1543338000,3.231,47.06,1543320000,33.83,1543399200,44.15,1543320000,30.13,1543399200,"rain",43.32,988.09,227,1,0,3.231,322.8,1543319471,1543353348,0.68,0.1429,1543338000,36.37,1543377600,47.06,1543320000,32.4,1543377600,44.15,1543320000,"633"
"7eaf00d7-4758-46fc-a064-874a38228ac9",1543286004,2,27,11,"11/27/2018 2:33","America/New_York","Haymarket Square","Theatre District","Uber","6d318bcc-22a3-4af6-bddd-b409bfce1546","Black SUV",27,1.16,1,42.2148,-71.033,43.58,37.35,"Rain","Rain until morning, starting again in the evening.",0.1299,1,0.94,11.98,11.98,1543291200,4.786,47.3,1543251600,42.1,1543298400,43.92,1543251600,36.2,1543291200,"rain",41.83,1003.97,90,1,0,4.786,291.1,1543232969,1543266992,0.64,0.13,1543251600,40.49,1543233600,47.3,1543251600,36.2,1543291200,43.92,1543251600,"474"
"33827bd1-5164-4579-b567-14e85220c99b",1544839514,2,15,12,"12/15/2018 2:05","America/New_York","Beacon Hill","Boston University","Uber","55c66225-fbe7-4fd5-9072-eab1ece5e23e","UberX",9.5,2.27,1,42.3429,-71.1003,42.27,39.99,"Overcast","Partly cloudy throughout the day.",0,0,0.89,3.95,3.99,1544846400,10,46.97,1544814000,40.72,1544835600,44.24,1544817600,38.72,1544835600,"cloudy",39.17,1025.28,200,1,0,10,293.4,1544789243,1544822025,0.24,0,1544806800,26.58,1544788800,46.97,1544814000,27.23,1544788800,44.24,1544817600,"161"
"dfeb2e6f-b889-4a4d-b2d6-19a05e0566c3",1543885384,1,4,12,"12/4/2018 1:03","America/New_York","North End","Beacon Hill","Lyft","lyft_luxsuv","Lux Black XL",30,1.81,1,42.3644,-71.0661,45.96,43.06,"Partly Cloudy","Foggy in the morning.",0,0,0.61,5.65,8.43,1543856400,10,57.08,1543852800,33.68,1543921200,56.41,1543852800,28.12,1543914000,"partly-cloudy-night",33.28,1002.29,265,0.14,0,10,330.8,1543838258,1543871621,0.89,4e-04,1543852800,42.86,1543896000,57.08,1543852800,39.54,1543896000,56.41,1543852800,"223"
"a29108f7-a93c-4f16-a1c5-fc9a490b59c4",1543667878,12,1,12,"12/1/2018 12:37","America/New_York","Boston University","Beacon Hill","Lyft","lyft","Lyft",10.5,2.68,1,42.2148,-71.033,32.07,27.22,"Partly Cloudy","Light rain in the morning and overnight.",0,0,0.79,4.94,4.94,1543672800,9.712,44.11,1543690800,34.58,1543712400,43.44,1543690800,35.23,1543712400,"partly-cloudy-day",26.45,1021.71,325,0.37,0,9.712,279.6,1543665299,1543698873,0.82,0,1543683600,30.17,1543662000,44.11,1543690800,25.87,1543662000,43.44,1543690800,"280"
"c9047c67-40e0-4899-9bea-9589cf14f3b5",1544976309,16,16,12,"12/16/2018 16:05","America/New_York","Financial District","North End","Uber","6f72dfc5-27f1-42e8-84db-ccc7a75f6969","UberXL",11.5,1.04,1,42.3661,-71.0631,42.42,37.83,"Overcast","Rain throughout the day.",0.0036,0.29,0.75,7.41,8.54,1545015600,9.608,43.78,1544990400,34.12,1545044400,38.39,1544986800,28.21,1545044400,"cloudy",35.13,1018.69,76,1,1,9.608,326.7,1544962122,1544994841,0.3,0.1246,1544979600,38.94,1544954400,43.78,1544990400,33.76,1545019200,38.39,1544986800,"529"
"74cb642b-5f32-4ebf-8969-b07f8e6e91d1",1543442320,21,28,11,"11/28/2018 21:58","America/New_York","Beacon Hill","North End","Uber","997acbb5-e102-41e1-b155-9df7de0a73f2","UberPool",10,1.38,1,42.3519,-71.0551,41.35,35.62,"Overcast","Mostly cloudy throughout the day.",0,0,0.6,9.29,11.6,1543431600,10,42.6,1543438800,37.33,1543489200,36.56,1543435200,31.82,1543478400,"cloudy",28.39,993.87,295,1,0,10,355.2,1543405934,1543439719,0.72,0,1543420800,33.7,1543399200,42.6,1543438800,29.88,1543399200,36.56,1543435200,"623"
"b9f638c8-b99f-4465-8925-f68c086f4927",1543451348,0,29,11,"11/29/2018 0:29","America/New_York","Haymarket Square","Back Bay","Lyft","lyft_luxsuv","Lux Black XL",30,2.36,1,42.3503,-71.081,39.41,33.81,"Mostly Cloudy","Mostly cloudy throughout the day.",0,0,0.69,8.11,12.21,1543431600,9.996,42.72,1543438800,37.59,1543485600,36.75,1543438800,32.25,1543478400,"partly-cloudy-night",30.16,996.21,294,0.81,0,9.996,352.8,1543405940,1543439725,0.72,0,1543420800,33.82,1543399200,42.72,1543438800,30.19,1543399200,36.75,1543438800,"262"
"02f76e93-774f-4a45-94d0-fe50a7b9e702",1545129609,10,18,12,"12/18/2018 10:40","America/New_York","Fenway","Beacon Hill","Lyft","lyft_luxsuv","Lux Black XL",27.5,2.42,1,42.3647,-71.0542,25.21,13.25,"Mostly Cloudy","Mostly cloudy throughout the day.",0,0,0.52,14.15,26.56,1545127200,9.734,32.8,1545159600,20.88,1545220800,22.69,1545159600,14.31,1545199200,"partly-cloudy-night",9.85,1005.95,316,0.77,0,9.734,366.5,1545134994,1545167678,0.37,0.0028,1545152400,23.23,1545192000,38.11,1545109200,11.86,1545134400,31.96,1545109200,"644"
"02d6ea37-8615-44e7-bb54-c09cc586eff5",1543644485,6,1,12,"12/1/2018 6:08","America/New_York","North End","North Station","Lyft","lyft_line","Shared",5,1.07,1,42.3647,-71.0542,34.59,32.16,"Overcast","Light rain in the morning and overnight.",0,0,0.78,3.07,3.07,1543672800,9.945,44.66,1543690800,35.04,1543712400,43.99,1543690800,35.69,1543712400,"cloudy",28.47,1019.21,296,0.94,0,9.945,287.3,1543665331,1543698851,0.82,0,1543683600,31.71,1543658400,44.66,1543690800,28.06,1543658400,43.99,1543690800,"168"
"9986d44a-6664-4980-8fc7-8c4051fe7f72",1544692212,9,13,12,"12/13/2018 9:10","America/New_York","Back Bay","Fenway","Uber","997acbb5-e102-41e1-b155-9df7de0a73f2","UberPool",8.5,1.34,1,42.3519,-71.0551,20.23,15.44,"Clear","Partly cloudy throughout the day.",0,0,0.66,3.34,3.34,1544738400,9.706,34.02,1544731200,27.18,1544781600,33.04,1544734800,24.51,1544785200,"clear-night",10.79,1030.65,350,0.08,0,9.706,327.1,1544702789,1544735602,0.21,1e-04,1544716800,18.19,1544688000,34.02,1544731200,13.67,1544688000,33.04,1544734800,"211"
"19556f99-bcb1-4327-b789-a5eb80b899ec",1543673579,14,1,12,"12/1/2018 14:12","America/New_York","South Station","Financial District","Uber","997acbb5-e102-41e1-b155-9df7de0a73f2","UberPool",6.5,0.54,1,42.3647,-71.0542,36.99,32.27,"Partly Cloudy","Light rain in the morning and overnight.",0,0,0.68,5.87,6.26,1543672800,9.91,44.66,1543690800,35.04,1543712400,43.99,1543690800,35.69,1543712400,"partly-cloudy-day",27.53,1022.32,344,0.44,1,9.91,280.1,1543665331,1543698851,0.82,0,1543683600,31.71,1543658400,44.66,1543690800,28.06,1543658400,43.99,1543690800,"396"
"a6c3f9f7-bba9-4a24-afc6-42764b65781e",1545107107,4,18,12,"12/18/2018 4:25","America/New_York","Fenway","North Station","Lyft","lyft_luxsuv","Lux Black XL",38.5,3.21,1,42.3519,-71.0643,37.21,31.9,"Overcast","Light rain in the morning.",0,0,0.69,6.79,11.31,1545022800,9.732,41.42,1545076800,23.89,1545138000,35.95,1545076800,11.83,1545134400,"cloudy",28.04,1000.92,272,1,0,9.732,365.2,1545048558,1545081262,0.33,0.0178,1545066000,34.07,1545044400,41.42,1545076800,28.11,1545044400,35.95,1545076800,"563"
"b4cd8384-8fee-4eae-a839-1131ffc0140e",1543327942,14,27,11,"11/27/2018 14:12","America/New_York","North End","Beacon Hill","Lyft","lyft_line","Shared",5,1.8,1,42.3429,-71.1003,42.01,37.66,"Overcast","Light rain in the morning.",0.0015,0.32,0.91,6.82,7.56,1543338000,4.394,46.24,1543320000,33.6,1543399200,43.32,1543320000,30.08,1543399200,"cloudy",39.68,988.3,237,1,1,4.394,329.4,1543319476,1543353358,0.68,0.143,1543338000,35.84,1543377600,46.24,1543320000,31.95,1543377600,43.32,1543320000,"289"
"7cd063d1-4cfe-4252-9639-4d7611290946",1545064208,16,17,12,"12/17/2018 16:30","America/New_York","Fenway","Back Bay","Lyft","lyft_premier","Lux",13.5,1.57,1,42.3505,-71.1054,37.62,32.77,"Overcast","Light rain in the morning.",0,0,0.88,6.22,7.24,1545022800,8.54,41.44,1545076800,24.05,1545134400,36.09,1545076800,12.3,1545134400,"cloudy",34.53,1001.67,309,1,1,8.54,327,1545048567,1545081273,0.33,0.0217,1545066000,34.22,1545044400,41.44,1545076800,28.61,1545044400,36.09,1545076800,"453"
"d52a431d-bcd8-4aee-bb05-117adaec1eb8",1543417148,14,28,11,"11/28/2018 14:59","America/New_York","South Station","Beacon Hill","Uber","6c84fd89-3f11-4782-9b50-97c468b19529","Black",19.5,2.58,1,42.3661,-71.0631,39.02,34.01,"Partly Cloudy","Mostly cloudy throughout the day.",0,0,0.65,6.91,9.33,1543431600,9.908,42.6,1543438800,37.44,1543489200,36.58,1543438800,31.97,1543478400,"partly-cloudy-day",28.08,991.71,290,0.37,1,9.908,350.4,1543405938,1543439718,0.72,0,1543420800,33.75,1543399200,42.6,1543438800,29.97,1543399200,36.58,1543438800,"5"
"b7b4d7b0-96b5-42c1-8fb2-62a3362b48bb",1543903080,5,4,12,"12/4/2018 5:57","America/New_York","Theatre District","Boston University","Lyft","lyft","Lyft",13.5,4.57,1,42.3398,-71.0892,41.47,36.74,"Mostly Cloudy","Partly cloudy throughout the day.",0,0,0.64,7.3,9,1543939200,9.807,39.04,1543942800,19.36,1544007600,31.97,1543946400,15.33,1544007600,"partly-cloudy-night",30.16,1003.91,315,0.74,0,9.807,337.1,1543924720,1543958019,0.93,0,1543942800,25.41,1543982400,42.42,1543899600,20.01,1543982400,37.16,1543899600,"641"
"d0084c41-7231-4595-9602-f62518cc30a4",1543441448,21,28,11,"11/28/2018 21:44","America/New_York","West End","South Station","Lyft","lyft_plus","Lyft XL",13.5,1.7,1,42.3519,-71.0551,41.35,35.62,"Overcast","Mostly cloudy throughout the day.",0,0,0.6,9.29,11.6,1543431600,10,42.6,1543438800,37.33,1543489200,36.56,1543435200,31.82,1543478400,"cloudy",28.39,993.87,295,1,0,10,355.2,1543405934,1543439719,0.72,0,1543420800,33.7,1543399200,42.6,1543438800,29.88,1543399200,36.56,1543435200,"656"
"47a9c2c5-f2c1-4b44-a256-4ecc5bb0ad61",1545040209,9,17,12,"12/17/2018 9:50","America/New_York","West End","South Station","Uber","6f72dfc5-27f1-42e8-84db-ccc7a75f6969","UberXL",18.5,2.14,1,42.3644,-71.0661,35.84,29.23,"Drizzle","Light rain in the morning.",0.0092,0.74,0.94,8.52,10.39,1545022800,3.606,41.39,1545076800,23.87,1545138000,35.93,1545076800,11.81,1545134400,"rain",34.25,1004.71,352,1,0,3.606,329.7,1545048561,1545081260,0.33,0.0185,1545066000,34.07,1545044400,41.39,1545076800,28.17,1545044400,35.93,1545076800,"157"
"bd394bd9-0c38-4212-9f3b-cc6cc2efbfb9",1543602482,18,30,11,"11/30/2018 18:28","America/New_York","South Station","Back Bay","Lyft","lyft_luxsuv","Lux Black XL",38.5,3.31,1,42.2148,-71.033,41.09,39.09,"Overcast","Overcast throughout the day.",0,0,0.57,3.48,3.48,1543557600,10,42.13,1543600800,30.17,1543662000,40.95,1543608000,25.87,1543662000,"cloudy",26.98,1015.98,259,0.98,1,10,273,1543578835,1543612492,0.79,0,1543593600,28.9,1543579200,42.13,1543600800,26.2,1543575600,40.95,1543608000,"417"
"41a32f07-50e9-404d-afb4-b81aa9ad0d4a",1543207780,4,26,11,"11/26/2018 4:49","America/New_York","Northeastern University","Theatre District","Uber","55c66225-fbe7-4fd5-9072-eab1ece5e23e","UberX",8.5,2.81,1,42.3398,-71.0892,41.52,41.52,"Overcast","Rain in the morning and afternoon.",0,0,0.9,0.45,0.87,1543150800,4.159,46.28,1543154400,40.21,1543233600,43.21,1543186800,39.27,1543233600,"cloudy",38.76,1014.06,86,1,0,4.159,313,1543146535,1543180615,0.6,0.1459,1543161600,40.73,1543122000,46.28,1543154400,38.28,1543136400,43.21,1543186800,"628"
"4c3e41a4-2d1d-4b0f-8755-76d2ba47a8dc",1544713817,15,13,12,"12/13/2018 15:10","America/New_York","Northeastern University","Back Bay","Lyft","lyft_lux","Lux Black",16.5,1.31,1,42.3519,-71.0643,28.42,28.42,"Partly Cloudy","Partly cloudy throughout the day.",0,0,0.57,2.81,4.06,1544738400,9.725,33.92,1544731200,27.05,1544781600,32.95,1544734800,24.47,1544785200,"partly-cloudy-day",15.14,1034.03,13,0.21,1,9.725,326.9,1544702792,1544735604,0.21,1e-04,1544716800,18.05,1544688000,33.92,1544731200,13.6,1544688000,32.95,1544734800,"642"
"2ef2a827-410e-4455-8dac-31e0abd0749e",1544965206,13,16,12,"12/16/2018 13:00","America/New_York","West End","Northeastern University","Lyft","lyft_line","Shared",7,3.06,1,42.3559,-71.055,42.11,37.54,"Overcast","Rain throughout the day.",0,0,0.7,7.26,8.97,1545015600,9.779,43.8,1544990400,34.18,1545044400,38.35,1544986800,28.19,1545044400,"cloudy",32.91,1022.24,83,0.91,0,9.779,321.1,1544962118,1544994841,0.3,0.1261,1544979600,39.28,1544954400,43.8,1544990400,33.84,1545019200,38.35,1544986800,"131"
"39c1f505-94d0-4dc8-b9b2-4078eee75b83",1544893806,17,15,12,"12/15/2018 17:10","America/New_York","Financial District","South Station","Lyft","lyft_premier","Lux",11,0.46,1,42.3588,-71.0707,52.68,52.68,"Mostly Cloudy","Mostly cloudy throughout the day.",0,0,0.75,3.61,5.62,1544918400,9.847,54.29,1544896800,39.01,1544954400,53.62,1544896800,35.18,1544954400,"partly-cloudy-day",45.07,1020.72,321,0.54,1,9.847,299.7,1544875681,1544908429,0.27,0.0077,1544893200,39.8,1544929200,54.29,1544896800,36.78,1544929200,53.62,1544896800,"533"
