"game_id","nickname","total_turns","first_five_turns_points","max_points_turn","min_points_turn","max_min_difference","first","time_control_name","game_end_reason","winner","created_at","lexicon","initial_time_seconds","increment_seconds","rating_mode","max_overtime_minutes","game_duration_seconds","time_used"
67871,"Anita",13,91,92,7,85,"Anita","regular","STANDARD",0,2022-08-08 16:22:30,"NWL20",1200,0,"RATED",1,338.657911062241,0.282214925885201
66600,"Anita",14,106,85,5,80,"BetterBot","regular","STANDARD",1,2022-09-04 19:31:14,"NWL20",1200,0,"RATED",1,357.802018880844,0.29816834906737
17187,"Anita",12,190,82,0,82,"Anita","regular","STANDARD",0,2022-08-07 17:00:40,"NWL20",1200,0,"RATED",1,292.912267923355,0.244093556602796
41224,"Anita",12,162,80,9,71,"Anita","regular","STANDARD",1,2022-08-08 16:35:10,"NWL20",1200,0,"RATED",1,456.381958961487,0.380318299134572
17105,"Anita",17,77,81,0,81,"Anita","regular","STANDARD",0,2022-08-15 15:55:40,"NWL20",1200,0,"RATED",1,378.905623197556,0.315754685997963
59798,"Anita",12,127,96,7,89,"Anita","regular","STANDARD",1,2022-09-08 12:36:50,"NWL20",1200,0,"RATED",1,305.779356002808,0.25481613000234
28079,"Anita",14,51,40,-10,50,"STEEBot","regular","STANDARD",0,2022-08-27 23:37:35,"NWL20",1200,0,"RATED",1,358.843362092972,0.299036135077477
31948,"Anita",16,67,84,4,80,"BetterBot","regular","STANDARD",1,2022-08-24 21:03:56,"NWL20",1200,0,"RATED",1,364.615783929825,0.303846486608188
54621,"Anita",15,104,51,-51,102,"BetterBot","regular","STANDARD",0,2022-09-05 18:34:36,"NWL20",1200,0,"RATED",1,250.610049962997,0.208841708302498
51312,"Anita",15,79,122,0,122,"Anita","regular","STANDARD",1,2022-08-29 15:39:04,"NWL20",1200,0,"RATED",1,328.525983095169,0.273771652579308
34229,"Anita",13,75,93,6,87,"STEEBot","regular","STANDARD",0,2022-09-19 00:27:29,"NWL20",1200,0,"RATED",1,483.930986881256,0.403275822401047
60120,"Anita",16,87,82,0,82,"Anita","regular","STANDARD",1,2022-09-05 19:13:28,"NWL20",1200,0,"RATED",1,388.665245056152,0.32388770421346
17729,"Anita",13,163,86,5,81,"Anita","regular","STANDARD",0,2022-08-10 20:45:19,"NWL20",1200,0,"RATED",1,310.965305089951,0.259137754241626
38506,"Anita",12,157,84,5,79,"Anita","regular","STANDARD",0,2022-08-31 17:58:43,"NWL20",1200,0,"RATED",1,413.852631092072,0.344877192576727
16204,"Anita",16,85,67,0,67,"Anita","regular","STANDARD",0,2022-09-01 16:24:33,"NWL20",1200,0,"RATED",1,322.130791902542,0.268442326585452
23690,"Anita",16,44,80,0,80,"Anita","regular","STANDARD",0,2022-09-10 13:53:55,"NWL20",1200,0,"RATED",1,313.282245159149,0.261068537632624
5485,"Anita",13,149,83,0,83,"Anita","regular","STANDARD",0,2022-08-10 20:34:06,"NWL20",1200,0,"RATED",1,245.960670948029,0.204967225790024
21716,"Anita",17,72,90,-65,155,"BetterBot","regular","STANDARD",0,2022-08-15 15:48:40,"NWL20",1200,0,"RATED",1,415.471596002579,0.346226330002149
47702,"Anita",14,85,88,6,82,"Anita","regular","STANDARD",1,2022-08-14 16:14:12,"NWL20",1200,0,"RATED",1,301.240117073059,0.251033430894216
70071,"Anita",14,102,82,4,78,"STEEBot","regular","STANDARD",0,2022-08-21 20:39:42,"NWL20",1200,0,"RATED",1,461.255799055099,0.384379832545916
5727,"Anita",15,86,69,2,67,"Anita","regular","STANDARD",0,2022-08-29 17:59:26,"NWL20",1200,0,"RATED",1,355.724712848663,0.296437260707219
17372,"Anita",14,127,71,-21,92,"STEEBot","regular","STANDARD",0,2022-09-05 19:30:13,"NWL20",1200,0,"RATED",1,272.771155118942,0.227309295932452
72348,"Anita",14,82,85,0,85,"Anita","regular","STANDARD",1,2022-09-04 17:45:40,"NWL20",1200,0,"RATED",1,312.474431991577,0.260395359992981
33543,"Anita",12,170,81,4,77,"Anita","regular","STANDARD",0,2022-09-10 13:29:18,"NWL20",1200,0,"RATED",1,385.071063041687,0.320892552534739
23717,"Anita",13,92,68,0,68,"Anita","regular","STANDARD",0,2022-09-07 14:55:57,"NWL20",1200,0,"RATED",1,264.5869140625,0.220489095052083
60422,"Anita",14,109,66,4,62,"BetterBot","regular","STANDARD",0,2022-09-12 17:00:55,"NWL20",1200,0,"RATED",1,305.756007194519,0.254796672662099
115,"Anita",16,81,50,2,48,"STEEBot","regular","STANDARD",0,2022-08-31 17:52:52,"NWL20",1200,0,"RATED",1,348.405784130096,0.290338153441747
23838,"Anita",13,143,59,0,59,"Anita","regular","STANDARD",0,2022-08-21 21:49:23,"NWL20",1200,0,"RATED",1,336.758145093918,0.280631787578265
30337,"Anita",12,109,65,10,55,"STEEBot","regular","STANDARD",0,2022-09-05 19:08:28,"NWL20",1200,0,"RATED",1,299.159209012985,0.249299340844154
7839,"Anita",13,296,75,-13,88,"Anita","regular","STANDARD",1,2022-07-31 13:29:58,"NWL20",1200,0,"RATED",1,285.277200937271,0.237731000781059
14881,"Anita",12,133,74,15,59,"BetterBot","regular","STANDARD",1,2022-09-17 16:51:45,"NWL20",1200,0,"RATED",1,330.23345208168,0.2751945434014
20451,"Anita",13,105,42,6,36,"Anita","regular","STANDARD",0,2022-08-28 16:15:07,"NWL20",1200,0,"RATED",1,247.296998977661,0.206080832481384
38641,"Anita",16,118,70,-70,140,"Anita","regular","STANDARD",0,2022-09-17 15:48:11,"NWL20",1200,0,"RATED",1,362.932311058044,0.30244359254837
59789,"Anita",15,93,50,0,50,"Anita","regular","STANDARD",0,2022-09-21 13:18:19,"NWL20",1200,0,"RATED",1,361.984223842621,0.301653519868851
11171,"Anita",14,130,76,2,74,"STEEBot","regular","STANDARD",0,2022-09-10 13:11:36,"NWL20",1200,0,"RATED",1,338.563092947006,0.282135910789172
64984,"Anita",15,77,78,2,76,"Anita","regular","STANDARD",0,2022-09-10 14:01:25,"NWL20",1200,0,"RATED",1,332.759958028793,0.277299965023994
55365,"Anita",14,111,77,8,69,"STEEBot","regular","STANDARD",1,2022-08-21 21:28:41,"NWL20",1200,0,"RATED",1,393.900792121887,0.328250660101573
65306,"Anita",11,157,76,13,63,"STEEBot","regular","STANDARD",0,2022-08-09 21:44:36,"NWL20",1200,0,"RATED",1,207.341187000275,0.172784322500229
68909,"Anita",15,102,50,0,50,"BetterBot","regular","STANDARD",0,2022-07-31 13:24:47,"NWL20",1200,0,"RATED",1,308.877347946167,0.257397789955139
57370,"Anita",14,56,71,2,69,"STEEBot","regular","STANDARD",0,2022-08-30 16:38:16,"NWL20",1200,0,"RATED",1,660.843410968781,0.550702842473984
8063,"BethMix",14,51,47,-19,66,"HastyBot","regular","STANDARD",0,2022-09-22 02:23:51,"NWL20",1200,0,"RATED",1,275.077320098877,0.229231100082397
52728,"BethMix",16,-10,34,-33,67,"HastyBot","regular","STANDARD",0,2022-09-08 05:27:01,"NWL20",1200,0,"RATED",1,306.029253959656,0.255024378299713
2254,"BethMix",14,165,75,0,75,"BethMix","regular","STANDARD",0,2022-08-30 17:54:36,"NWL20",1200,0,"RATED",1,465.8497569561,0.38820813079675
57674,"BethMix",13,148,66,3,63,"BethMix","regular","STANDARD",0,2022-08-22 06:46:53,"NWL20",1200,0,"RATED",1,446.080545902252,0.371733788251877
45251,"BethMix",16,98,77,-70,147,"BethMix","regular","STANDARD",1,2022-08-22 22:06:54,"NWL20",1200,0,"RATED",1,515.229010820389,0.429357509016991
28757,"BethMix",15,86,77,0,77,"BethMix","regular","STANDARD",0,2022-08-27 05:23:44,"NWL20",1200,0,"RATED",1,224.907035827637,0.187422529856364
15467,"BethMix",16,72,62,-45,107,"BethMix","regular","STANDARD",0,2022-08-22 02:37:59,"NWL20",1200,0,"RATED",1,474.506022930145,0.395421685775121
20289,"BethMix",14,68,50,4,46,"STEEBot","regular","STANDARD",0,2022-09-06 01:50:38,"CSW21",1200,0,"RATED",1,569.944355010986,0.474953629175822
929,"BethMix",13,62,35,7,28,"BethMix","regular","STANDARD",0,2022-09-01 03:31:17,"NWL20",1200,0,"RATED",1,309.247596025467,0.257706330021223
14688,"BethMix",13,112,72,-44,116,"STEEBot","regular","STANDARD",0,2022-08-24 15:10:51,"NWL20",1200,0,"RATED",1,334.709110021591,0.278924258351326
23961,"BethMix",16,70,91,-69,160,"BethMix","regular","STANDARD",0,2022-09-17 00:16:13,"NWL20",1200,0,"RATED",1,260.674143075943,0.217228452563286
56641,"BethMix",16,84,74,-74,148,"BethMix","regular","STANDARD",0,2022-08-11 14:48:39,"NWL20",1200,0,"RATED",1,424.768645048141,0.353973870873451
11047,"BethMix",14,95,76,4,72,"BethMix","regular","STANDARD",1,2022-09-20 13:41:27,"NWL20",1200,0,"RATED",1,507.573004961014,0.422977504134178
33691,"BethMix",14,61,77,-23,100,"STEEBot","regular","STANDARD",0,2022-08-22 06:55:31,"NWL20",1200,0,"RATED",1,543.984097003937,0.453320080836614
46979,"BethMix",15,17,81,-12,93,"STEEBot","regular","STANDARD",0,2022-08-24 00:02:09,"NWL20",1200,0,"RATED",1,232.159359931946,0.193466133276622
70369,"BethMix",15,47,98,-98,196,"BethMix","regular","STANDARD",0,2022-09-07 17:15:27,"NWL20",1200,0,"RATED",1,570.173120975494,0.475144267479578
49293,"BethMix",14,121,74,-39,113,"BethMix","regular","STANDARD",0,2022-09-21 23:40:36,"NWL20",1200,0,"RATED",1,447.876351118088,0.373230292598407
44131,"BethMix",14,132,78,0,78,"STEEBot","regular","STANDARD",0,2022-08-20 04:22:41,"NWL20",1200,0,"RATED",1,300.810178041458,0.250675148367882
66424,"BethMix",15,59,85,-85,170,"BethMix","regular","STANDARD",0,2022-08-16 02:00:00,"NWL20",1200,0,"RATED",1,440.916103839874,0.367430086533228
16761,"BethMix",14,97,90,0,90,"BethMix","regular","STANDARD",0,2022-08-17 00:54:21,"NWL20",1200,0,"RATED",1,338.356989860535,0.281964158217113
60318,"BethMix",15,68,39,-18,57,"BethMix","regular","STANDARD",0,2022-09-02 01:41:13,"NWL20",1200,0,"RATED",1,325.113953113556,0.270928294261297
59167,"BethMix",14,79,83,-75,158,"BethMix","regular","STANDARD",0,2022-09-03 23:30:48,"NWL20",1200,0,"RATED",1,420.597790002823,0.350498158335686
66401,"BethMix",13,159,68,-13,81,"HastyBot","regular","STANDARD",0,2022-09-20 14:59:49,"NWL20",1200,0,"RATED",1,282.028190135956,0.235023491779963
30420,"BethMix",14,131,80,-62,142,"HastyBot","regular","STANDARD",0,2022-09-15 00:46:19,"NWL20",1200,0,"RATED",1,368.156039953232,0.306796699961027
36525,"BethMix",13,164,80,9,71,"BethMix","regular","STANDARD",0,2022-09-18 00:50:07,"NWL20",1200,0,"RATED",1,366.046473026276,0.305038727521897
59102,"BethMix",14,116,79,2,77,"BethMix","regular","STANDARD",0,2022-09-04 15:46:43,"NWL20",1200,0,"RATED",1,451.943989038467,0.376619990865389
52512,"BethMix",15,93,32,0,32,"BethMix","regular","STANDARD",0,2022-09-20 23:42:55,"NWL20",1200,0,"RATED",1,257.775013923645,0.214812511603038
66738,"BethMix",15,125,74,-27,101,"STEEBot","regular","STANDARD",0,2022-08-31 03:06:15,"NWL20",1200,0,"RATED",1,366.099572896957,0.305082977414131
57606,"BethMix",15,83,77,-14,91,"BethMix","regular","STANDARD",1,2022-08-26 04:41:09,"NWL20",1200,0,"RATED",1,529.031645059586,0.440859704216322
47676,"BethMix",11,200,82,7,75,"HastyBot","regular","STANDARD",0,2022-09-18 15:08:53,"NWL20",1200,0,"RATED",1,326.44887804985,0.272040731708208
68314,"BethMix",14,118,68,-68,136,"BethMix","regular","STANDARD",0,2022-09-18 19:07:41,"NWL20",1200,0,"RATED",1,316.63303399086,0.26386086165905
58077,"BethMix",16,37,84,2,82,"BethMix","regular","STANDARD",0,2022-08-18 00:46:38,"NWL20",1200,0,"RATED",1,623.937482833862,0.519947902361552
47880,"BethMix",15,80,94,2,92,"BethMix","regular","STANDARD",1,2022-08-12 04:53:39,"NWL20",1200,0,"RATED",1,458.420604944229,0.382017170786857
12333,"BethMix",15,99,70,-70,140,"HastyBot","regular","STANDARD",0,2022-09-01 22:17:09,"NWL20",1200,0,"RATED",1,365.64179110527,0.304701492587725
41253,"BethMix",13,171,91,0,91,"BethMix","regular","STANDARD",0,2022-08-24 15:04:21,"NWL20",1200,0,"RATED",1,373.019732952118,0.310849777460098
53504,"BethMix",15,171,106,-60,166,"BethMix","regular","STANDARD",0,2022-09-05 03:32:43,"NWL20",1200,0,"RATED",1,365.415375947952,0.30451281328996
11598,"BethMix",14,59,75,2,73,"HastyBot","regular","STANDARD",0,2022-09-09 02:37:14,"NWL20",1200,0,"RATED",1,268.024281024933,0.223353567520777
49587,"BethMix",11,186,76,15,61,"BethMix","regular","STANDARD",0,2022-08-16 01:26:25,"NWL20",1200,0,"RATED",1,446.909863948822,0.372424886624018
27867,"BethMix",14,60,48,6,42,"HastyBot","regular","STANDARD",0,2022-09-05 03:38:51,"NWL20",1200,0,"RATED",1,330.762115001678,0.275635095834732
14424,"BethMix",17,117,68,-68,136,"STEEBot","regular","STANDARD",0,2022-08-12 04:45:23,"NWL20",1200,0,"RATED",1,494.231224060059,0.411859353383382
8926,"blitztkr",10,214,71,12,59,"HastyBot","regular","STANDARD",0,2022-09-09 05:06:12,"CSW21",900,0,"RATED",1,320.600605964661,0.35622289551629
20466,"blitztkr",15,152,76,0,76,"blitztkr","regular","STANDARD",1,2022-08-18 14:12:05,"CSW21",900,0,"RATED",0,319.133001089096,0.354592223432329
27472,"blitztkr",12,114,72,6,66,"HastyBot","regular","STANDARD",0,2022-08-29 03:47:45,"CSW21",900,0,"RATED",1,457.258785963058,0.508065317736731
65325,"blitztkr",13,128,92,9,83,"blitztkr","regular","STANDARD",1,2022-08-08 06:36:00,"CSW21",900,0,"RATED",0,429.124953985214,0.476805504428016
37782,"blitztkr",14,114,83,-19,102,"blitztkr","regular","STANDARD",0,2022-09-13 09:21:39,"CSW21",900,0,"RATED",1,319.433863162994,0.354926514625549
17695,"blitztkr",14,114,65,8,57,"HastyBot","regular","STANDARD",0,2022-09-14 01:38:20,"CSW21",900,0,"RATED",1,539.710610866547,0.599678456518385
56635,"blitztkr",12,226,122,0,122,"blitztkr","regular","STANDARD",0,2022-09-13 00:49:08,"CSW21",900,0,"RATED",1,281.925850868225,0.313250945409139
2088,"blitztkr",12,144,84,14,70,"HastyBot","regular","STANDARD",0,2022-09-20 23:22:08,"CSW21",900,0,"RATED",1,662.785028934479,0.736427809927199
5667,"blitztkr",13,53,65,2,63,"STEEBot","regular","STANDARD",0,2022-08-16 08:20:47,"CSW21",900,0,"RATED",1,528.528865814209,0.587254295349121
7829,"blitztkr",13,89,38,0,38,"blitztkr","regular","STANDARD",0,2022-08-28 20:37:53,"CSW21",900,0,"RATED",1,882.343338012695,0.980381486680772
19988,"blitztkr",13,134,76,4,72,"blitztkr","regular","STANDARD",0,2022-08-29 09:38:47,"CSW21",900,0,"RATED",1,388.690696954727,0.431878552171919
40455,"blitztkr",14,124,70,-20,90,"blitztkr","regular","STANDARD",0,2022-09-22 18:45:37,"CSW21",900,0,"RATED",1,825.454121828079,0.917171246475643
38021,"blitztkr",14,159,140,0,140,"STEEBot","regular","STANDARD",1,2022-08-13 06:02:43,"CSW21",900,0,"RATED",1,443.721449136734,0.493023832374149
35825,"blitztkr",11,156,47,21,26,"blitztkr","regular","STANDARD",0,2022-09-21 08:20:21,"CSW21",900,0,"RATED",1,598.545195102692,0.665050216780769
51388,"blitztkr",15,129,95,0,95,"blitztkr","regular","STANDARD",1,2022-08-10 05:00:12,"CSW21",900,0,"RATED",1,193.189661979675,0.214655179977417
22328,"blitztkr",13,106,70,-27,97,"HastyBot","regular","STANDARD",0,2022-09-14 02:48:38,"CSW21",900,0,"RATED",1,479.016716957092,0.532240796618991
60639,"blitztkr",13,140,78,10,68,"blitztkr","regular","STANDARD",0,2022-08-03 11:24:15,"CSW21",900,0,"RATED",1,621.541832208633,0.69060203578737
47026,"blitztkr",15,146,73,-31,104,"blitztkr","regular","STANDARD",1,2022-08-03 11:39:43,"CSW21",900,0,"RATED",1,387.529270887375,0.43058807876375
55645,"blitztkr",11,172,78,10,68,"STEEBot","regular","STANDARD",0,2022-08-18 12:41:23,"CSW21",900,0,"RATED",0,304.981571912766,0.338868413236407
69106,"blitztkr",14,111,62,4,58,"blitztkr","regular","STANDARD",0,2022-09-16 02:44:07,"CSW21",900,0,"RATED",1,550.763792991638,0.611959769990709
51948,"blitztkr",13,204,92,-16,108,"STEEBot","regular","STANDARD",0,2022-08-18 09:39:49,"CSW21",900,0,"RATED",0,263.941009998322,0.293267788887024
11055,"blitztkr",12,95,74,11,63,"blitztkr","regular","STANDARD",0,2022-08-31 01:37:09,"CSW21",900,0,"RATED",1,705.696192026138,0.784106880029042
61290,"blitztkr",14,142,74,-63,137,"blitztkr","regular","STANDARD",0,2022-08-29 09:45:31,"CSW21",900,0,"RATED",1,221.173067092896,0.24574785232544
6937,"blitztkr",12,153,140,0,140,"blitztkr","regular","STANDARD",0,2022-09-19 06:25:12,"CSW21",900,0,"RATED",1,897.305970907211,0.997006634341346
27748,"blitztkr",13,92,68,3,65,"blitztkr","regular","STANDARD",0,2022-09-08 06:04:50,"CSW21",900,0,"RATED",1,565.285980939865,0.628095534377628
47893,"blitztkr",15,119,62,-20,82,"blitztkr","regular","STANDARD",0,2022-08-17 02:56:38,"CSW21",900,0,"RATED",1,438.376317024231,0.48708479669359
13825,"blitztkr",12,123,70,16,54,"blitztkr","regular","STANDARD",0,2022-08-16 01:42:16,"CSW21",900,0,"RATED",1,680.103411912918,0.75567045768102
34800,"blitztkr",14,142,76,-26,102,"STEEBot","regular","STANDARD",0,2022-08-15 06:56:32,"CSW21",900,0,"RATED",1,432.945264816284,0.481050294240316
3569,"blitztkr",12,235,118,16,102,"STEEBot","regular","STANDARD",1,2022-08-16 02:55:54,"CSW21",900,0,"RATED",1,482.17817902565,0.535753532250722
42243,"blitztkr",12,131,76,11,65,"STEEBot","regular","STANDARD",0,2022-08-13 16:19:57,"CSW21",900,0,"RATED",0,464.182493925095,0.515758326583439
36221,"blitztkr",12,129,104,10,94,"blitztkr","regular","STANDARD",0,2022-08-18 09:44:34,"CSW21",900,0,"RATED",0,357.299257993698,0.396999175548553
13127,"blitztkr",13,80,91,4,87,"STEEBot","regular","STANDARD",1,2022-08-19 11:49:37,"CSW21",900,0,"RATED",0,531.209986925125,0.590233318805694
46003,"blitztkr",14,112,65,10,55,"blitztkr","regular","STANDARD",1,2022-08-08 11:09:50,"CSW21",900,0,"RATED",0,607.003070116043,0.674447855684492
49847,"blitztkr",11,175,78,9,69,"HastyBot","regular","STANDARD",0,2022-08-30 14:20:30,"CSW21",900,0,"RATED",1,504.529093027115,0.560587881141239
25550,"blitztkr",13,60,80,-10,90,"blitztkr","regular","STANDARD",0,2022-08-12 02:08:14,"CSW21",900,0,"RATED",0,403.992137908936,0.448880153232151
37098,"blitztkr",13,131,77,7,70,"HastyBot","regular","STANDARD",0,2022-09-20 02:27:08,"CSW21",900,0,"RATED",1,574.417677879333,0.63824186431037
23674,"blitztkr",16,149,80,-20,100,"blitztkr","regular","STANDARD",0,2022-08-02 07:26:16,"CSW21",900,0,"RATED",1,317.002700090408,0.352225222322676
24594,"blitztkr",11,153,80,10,70,"HastyBot","regular","STANDARD",0,2022-09-01 01:37:23,"CSW21",900,0,"RATED",1,705.198900938034,0.783554334375593
32045,"blitztkr",12,101,78,12,66,"STEEBot","regular","STANDARD",0,2022-08-15 06:27:42,"CSW21",900,0,"RATED",1,336.537554979324,0.373930616643693
58610,"blitztkr",13,156,85,0,85,"blitztkr","regular","STANDARD",1,2022-08-17 02:36:03,"CSW21",900,0,"RATED",1,456.456893205643,0.507174325784048
18620,"Crookshanks",13,146,68,0,68,"Crookshanks","regular","STANDARD",0,2022-09-23 01:55:01,"CSW21",1500,0,"RATED",10,311.809895038605,0.20787326335907
6364,"Crookshanks",13,139,87,12,75,"BetterBot","regular","STANDARD",1,2022-08-28 15:39:29,"CSW21",1500,0,"RATED",10,231.929693937302,0.154619795958201
17577,"Crookshanks",12,182,72,12,60,"BetterBot","regular","STANDARD",1,2022-08-24 05:07:17,"CSW21",1500,0,"RATED",10,385.361148118973,0.256907432079315
68695,"Crookshanks",13,120,73,0,73,"BetterBot","regular","STANDARD",1,2022-09-07 07:26:26,"CSW21",1500,0,"RATED",10,334.922688007355,0.223281792004903
70780,"Crookshanks",14,98,64,6,58,"BetterBot","regular","STANDARD",0,2022-09-14 01:54:06,"CSW21",1500,0,"RATED",10,248.669912099838,0.165779941399892
47478,"Crookshanks",14,167,89,2,87,"BetterBot","regular","STANDARD",0,2022-08-19 01:33:58,"CSW21",1500,0,"RATED",10,533.979960918427,0.355986640612285
43189,"Crookshanks",14,113,68,14,54,"Crookshanks","regular","STANDARD",0,2022-08-30 07:32:38,"CSW21",1200,0,"RATED",10,390.31619310379,0.325263494253158
5814,"Crookshanks",15,184,68,0,68,"BetterBot","regular","STANDARD",0,2022-07-29 13:48:23,"CSW21",1500,0,"RATED",10,211.521980047226,0.141014653364817
1908,"Crookshanks",14,150,88,0,88,"Crookshanks","regular","STANDARD",0,2022-08-08 17:41:42,"CSW21",1500,0,"RATED",10,153.182016134262,0.102121344089508
50952,"Crookshanks",18,94,68,0,68,"Crookshanks","regular","STANDARD",0,2022-07-29 13:32:43,"CSW21",1500,0,"RATED",10,285.92072892189,0.19061381928126
45790,"Crookshanks",13,132,83,11,72,"BetterBot","regular","STANDARD",1,2022-09-13 16:50:26,"CSW21",1500,0,"RATED",10,290.991604089737,0.193994402726491
20641,"Crookshanks",13,109,44,10,34,"Crookshanks","regular","STANDARD",0,2022-08-02 14:26:37,"CSW21",1500,0,"RATED",10,693.300390005112,0.462200260003408
37168,"Crookshanks",13,85,75,8,67,"BetterBot","regular","STANDARD",0,2022-08-26 01:34:56,"CSW21",1500,0,"RATED",10,427.266134977341,0.284844089984894
66237,"Crookshanks",14,125,67,0,67,"Crookshanks","regular","STANDARD",1,2022-08-08 17:25:07,"CSW21",1500,0,"RATED",10,262.031012058258,0.174687341372172
55911,"Crookshanks",15,127,51,6,45,"BetterBot","regular","STANDARD",1,2022-08-18 12:51:32,"CSW21",1500,0,"RATED",10,217.355747938156,0.144903831958771
65050,"Crookshanks",17,94,69,0,69,"BetterBot","regular","STANDARD",0,2022-08-28 02:27:51,"CSW21",1200,0,"RATED",10,541.854526042938,0.451545438369115
50300,"Crookshanks",14,155,140,11,129,"Crookshanks","regular","STANDARD",1,2022-07-30 07:21:55,"CSW21",1500,0,"RATED",10,720.198685884476,0.480132457256317
48336,"Crookshanks",13,166,76,6,70,"Crookshanks","regular","STANDARD",1,2022-08-31 06:56:57,"CSW21",1500,0,"RATED",10,292.53024315834,0.19502016210556
45752,"Crookshanks",14,135,76,8,68,"BetterBot","regular","STANDARD",0,2022-09-08 17:14:06,"CSW21",1500,0,"RATED",10,497.840822935104,0.331893881956736
1636,"Crookshanks",16,74,65,2,63,"BetterBot","regular","STANDARD",1,2022-08-24 01:36:05,"CSW21",1500,0,"RATED",10,570.395951032639,0.380263967355093
63339,"Crookshanks",15,207,74,4,70,"BetterBot","regular","STANDARD",1,2022-09-02 01:46:14,"CSW21",1500,0,"RATED",10,397.428771018982,0.264952514012655
71318,"Crookshanks",16,44,158,2,156,"BetterBot","regular","STANDARD",0,2022-08-23 14:54:13,"CSW21",1500,0,"RATED",10,378.203788042068,0.252135858694712
10486,"Crookshanks",11,162,77,12,65,"Crookshanks","regular","STANDARD",0,2022-08-13 03:18:47,"CSW21",1500,0,"RATED",10,208.055055141449,0.138703370094299
2641,"Crookshanks",14,123,79,10,69,"BetterBot","regular","STANDARD",0,2022-09-16 13:01:26,"CSW21",1500,0,"RATED",10,293.330562829971,0.195553708553314
15249,"Crookshanks",13,69,73,10,63,"Crookshanks","regular","STANDARD",0,2022-08-29 03:24:45,"CSW21",1500,0,"RATED",10,174.646270036697,0.116430846691131
11704,"Crookshanks",14,117,67,4,63,"BetterBot","regular","STANDARD",0,2022-08-12 02:33:07,"CSW21",1500,0,"RATED",10,284.06645989418,0.189377639929453
65680,"Crookshanks",18,85,61,4,57,"Crookshanks","regular","STANDARD",1,2022-07-29 12:14:19,"CSW21",1500,0,"RATED",10,386.418141126633,0.257612094084422
37606,"Crookshanks",15,144,74,10,64,"BetterBot","regular","STANDARD",1,2022-09-17 13:56:08,"CSW21",1500,0,"RATED",10,420.910295963287,0.280606863975525
69562,"Crookshanks",16,65,76,2,74,"Crookshanks","regular","STANDARD",1,2022-09-12 12:47:32,"CSW21",1500,0,"RATED",10,527.006586074829,0.351337724049886
59535,"Crookshanks",14,99,101,10,91,"BetterBot","regular","STANDARD",0,2022-09-02 01:57:53,"CSW21",1500,0,"RATED",10,409.737931013107,0.273158620675405
41227,"Crookshanks",12,197,70,0,70,"Crookshanks","regular","STANDARD",1,2022-09-19 03:47:42,"CSW21",1500,0,"RATED",10,288.787875175476,0.192525250116984
17329,"Crookshanks",15,77,80,4,76,"BetterBot","regular","STANDARD",1,2022-08-08 17:21:45,"CSW21",1500,0,"RATED",10,198.018520832062,0.132012347221375
7796,"Crookshanks",15,115,89,0,89,"Crookshanks","regular","STANDARD",0,2022-09-20 07:16:23,"CSW21",1500,0,"RATED",10,587.804358005524,0.391869572003683
49044,"Crookshanks",11,231,87,14,73,"BetterBot","regular","STANDARD",1,2022-08-31 06:52:12,"CSW21",1500,0,"RATED",10,281.270359992981,0.187513573328654
27235,"Crookshanks",14,96,78,4,74,"BetterBot","regular","STANDARD",0,2022-08-04 13:28:01,"CSW21",1500,0,"RATED",10,293.645594835281,0.195763729890187
44256,"Crookshanks",14,109,79,6,73,"BetterBot","regular","STANDARD",0,2022-07-30 05:27:58,"CSW21",1500,0,"RATED",10,273.986430883408,0.182657620588939
20033,"Crookshanks",16,49,93,2,91,"BetterBot","regular","STANDARD",1,2022-08-18 01:31:59,"CSW21",1500,0,"RATED",10,1013.99237799644,0.675994918664293
21733,"Crookshanks",13,145,69,6,63,"BetterBot","regular","STANDARD",0,2022-08-08 17:44:18,"CSW21",1500,0,"RATED",10,274.401355981827,0.182934237321218
40419,"Crookshanks",15,193,71,0,71,"Crookshanks","regular","STANDARD",1,2022-09-12 02:19:02,"CSW21",1500,0,"RATED",10,403.888101816177,0.269258734544118
11893,"Crookshanks",13,125,78,8,70,"Crookshanks","regular","STANDARD",0,2022-07-30 05:01:47,"CSW21",1500,0,"RATED",10,236.193922042847,0.157462614695231
53741,"Glilac",12,121,67,4,63,"STEEBot","regular","STANDARD",0,2022-09-21 00:04:16,"CSW21",1800,0,"RATED",1,714.463069915771,0.396923927730984
26112,"Glilac",15,205,86,0,86,"Glilac","regular","STANDARD",1,2022-07-28 08:04:30,"CSW21",1200,0,"RATED",1,909.772561073303,0.758143800894419
9687,"Glilac",11,138,45,15,30,"STEEBot","regular","STANDARD",0,2022-07-28 10:51:46,"CSW21",1200,0,"RATED",1,503.89953494072,0.419916279117267
16848,"Glilac",11,142,78,10,68,"STEEBot","regular","STANDARD",0,2022-08-08 10:51:37,"CSW21",1200,0,"RATED",1,841.728165149689,0.701440137624741
56041,"Glilac",15,110,72,2,70,"Glilac","regular","STANDARD",0,2022-09-05 09:10:49,"CSW21",1800,0,"RATED",1,1184.1946811676,0.657885933982
42928,"Glilac",13,150,83,8,75,"Glilac","regular","STANDARD",1,2022-07-28 11:37:27,"CSW21",1200,0,"RATED",1,910.181793928146,0.758484828273455
72305,"Glilac",13,81,76,6,70,"HastyBot","regular","STANDARD",0,2022-08-27 04:21:10,"CSW21",1200,0,"RATED",1,535.528339862823,0.446273616552353
24353,"Glilac",13,96,103,4,99,"Glilac","regular","STANDARD",0,2022-08-27 11:38:00,"CSW21",1200,0,"RATED",1,866.070050954819,0.721725042462349
63812,"Glilac",10,237,89,23,66,"STEEBot","regular","STANDARD",1,2022-09-05 09:30:49,"CSW21",1800,0,"RATED",1,556.036779165268,0.308909321758482
28617,"Glilac",14,125,89,5,84,"Glilac","regular","STANDARD",1,2022-09-15 08:17:31,"CSW21",1800,0,"RATED",1,901.503556966782,0.50083530942599
67202,"Glilac",13,175,89,0,89,"Glilac","regular","STANDARD",1,2022-08-04 04:07:08,"CSW21",1200,0,"RATED",1,725.576314926147,0.604646929105123
51880,"Glilac",11,91,79,11,68,"STEEBot","regular","STANDARD",0,2022-08-05 07:20:19,"CSW21",1200,0,"RATED",1,699.127755880356,0.58260646323363
8401,"Glilac",13,142,85,2,83,"STEEBot","regular","STANDARD",0,2022-08-30 10:30:58,"CSW21",1800,0,"RATED",1,906.134187936783,0.503407882187102
39301,"Glilac",14,125,77,10,67,"HastyBot","regular","STANDARD",1,2022-08-26 07:03:40,"CSW21",1200,0,"RATED",1,689.610135793686,0.574675113161405
7395,"Glilac",10,140,37,6,31,"HastyBot","regular","STANDARD",0,2022-09-10 10:12:31,"CSW21",1800,0,"RATED",1,569.095094919205,0.316163941621781
24367,"Glilac",12,125,70,8,62,"Glilac","regular","STANDARD",0,2022-09-23 08:28:25,"CSW21",1800,0,"RATED",1,835.972874879837,0.464429374933243
15651,"Glilac",13,101,110,12,98,"Glilac","regular","STANDARD",1,2022-07-30 10:29:20,"CSW21",1200,0,"RATED",1,845.837838888168,0.70486486574014
21572,"Glilac",14,159,80,4,76,"Glilac","regular","STANDARD",1,2022-08-11 11:18:47,"CSW21",1200,0,"RATED",1,604.178070068359,0.503481725056966
46650,"Glilac",13,118,89,8,81,"STEEBot","regular","STANDARD",1,2022-08-29 03:34:29,"CSW21",1200,0,"RATED",1,789.625113964081,0.658020928303401
67041,"Glilac",11,121,90,9,81,"Glilac","regular","STANDARD",0,2022-09-02 09:34:17,"CSW21",1800,0,"RATED",1,921.653796195984,0.512029886775547
12631,"Glilac",11,148,96,6,90,"STEEBot","regular","STANDARD",0,2022-08-28 10:02:29,"CSW21",1200,0,"RATED",1,787.404999017715,0.656170832514762
13414,"Glilac",13,199,107,0,107,"STEEBot","regular","STANDARD",0,2022-08-11 11:09:56,"CSW21",1200,0,"RATED",1,511.766625165939,0.426472187638282
39207,"Glilac",13,114,63,5,58,"STEEBot","regular","STANDARD",0,2022-09-01 10:15:07,"CSW21",1800,0,"RATED",1,1115.73581695557,0.619853231641983
51074,"Glilac",13,109,94,8,86,"Glilac","regular","STANDARD",0,2022-09-12 10:15:53,"CSW21",1800,0,"RATED",1,1041.62634110451,0.578681300613617
27474,"Glilac",12,130,73,12,61,"Glilac","regular","STANDARD",0,2022-09-21 06:22:25,"CSW21",1800,0,"RATED",1,782.940986871719,0.434967214928733
58611,"Glilac",14,104,81,2,79,"STEEBot","regular","STANDARD",1,2022-09-06 07:28:12,"CSW21",1800,0,"RATED",1,553.436392068863,0.307464662260479
20805,"Glilac",13,118,90,3,87,"STEEBot","regular","STANDARD",1,2022-07-30 08:10:36,"CSW21",1200,0,"RATED",1,745.664032936096,0.621386694113413
51807,"Glilac",12,118,87,15,72,"BetterBot","regular","STANDARD",1,2022-08-20 07:40:32,"CSW21",1200,0,"RATED",1,711.346061944962,0.592788384954135
34810,"Glilac",14,49,78,3,75,"Glilac","regular","STANDARD",0,2022-07-31 06:15:57,"CSW21",1200,0,"RATED",1,1009.31089305878,0.841092410882317
37324,"Glilac",13,158,76,10,66,"Glilac","regular","STANDARD",1,2022-08-06 08:07:32,"CSW21",1200,0,"RATED",1,847.337146043777,0.706114288369814
4206,"Glilac",13,100,96,4,92,"Glilac","regular","STANDARD",1,2022-09-15 06:40:50,"CSW21",1800,0,"RATED",1,898.109604120255,0.498949780066808
63544,"Glilac",12,107,82,8,74,"STEEBot","regular","STANDARD",0,2022-09-06 07:03:08,"CSW21",1800,0,"RATED",1,764.880575895309,0.424933653275172
20436,"Glilac",13,114,60,2,58,"Glilac","regular","STANDARD",0,2022-08-01 11:31:44,"CSW21",1200,0,"RATED",1,922.446903944016,0.76870575328668
54771,"Glilac",14,94,82,-10,92,"Glilac","regular","TIME",0,2022-08-10 10:30:00,"CSW21",1200,0,"RATED",1,1262.13552498817,1.05177960415681
67493,"Glilac",13,69,77,8,69,"HastyBot","regular","STANDARD",1,2022-09-23 10:50:25,"CSW21",1800,0,"RATED",1,690.148715019226,0.383415952788459
35253,"Glilac",14,173,77,7,70,"Glilac","regular","STANDARD",1,2022-08-13 06:58:50,"CSW21",1200,0,"RATED",1,641.839066028595,0.534865888357162
28659,"Glilac",11,159,73,11,62,"HastyBot","regular","STANDARD",0,2022-09-12 10:03:27,"CSW21",1800,0,"RATED",1,735.554973125458,0.408641651736366
20775,"Glilac",12,184,64,18,46,"Glilac","regular","STANDARD",0,2022-08-27 05:53:07,"CSW21",1200,0,"RATED",1,841.519467115402,0.701266222596168
37912,"Glilac",13,61,42,2,40,"STEEBot","regular","STANDARD",0,2022-09-07 11:25:09,"CSW21",1800,0,"RATED",1,658.028967857361,0.365571648809645
27685,"Glilac",12,159,71,6,65,"Glilac","regular","STANDARD",0,2022-08-19 08:10:03,"CSW21",1200,0,"RATED",1,787.583694934845,0.656319745779038
58770,"Kovert",15,57,69,2,67,"BetterBot","regular","STANDARD",1,2022-08-30 03:01:28,"NWL20",1800,0,"RATED",1,617.015997886658,0.342786665492588
14571,"Kovert",12,179,100,12,88,"BetterBot","regular","STANDARD",0,2022-08-28 01:09:47,"NWL20",1800,0,"RATED",1,862.666696071625,0.479259275595347
38600,"Kovert",13,89,74,12,62,"Kovert","regular","STANDARD",0,2022-07-31 07:31:50,"NWL20",1800,0,"RATED",1,715.118897914886,0.397288276619381
28460,"Kovert",15,96,73,2,71,"BetterBot","regular","STANDARD",1,2022-09-04 16:05:46,"NWL20",1800,0,"RATED",1,663.489046096802,0.368605025609335
41924,"Kovert",13,144,59,7,52,"BetterBot","regular","STANDARD",1,2022-09-10 14:54:11,"NWL20",1800,0,"RATED",1,869.870997190475,0.483261665105819
3707,"Kovert",12,99,85,7,78,"BetterBot","regular","STANDARD",0,2022-09-15 17:31:27,"NWL20",1800,0,"CASUAL",1,761.179499864578,0.422877499924766
69855,"Kovert",11,191,70,19,51,"BetterBot","regular","STANDARD",1,2022-09-09 05:28:38,"NWL20",1800,0,"RATED",1,723.650973081589,0.402028318378661
71561,"Kovert",16,104,66,2,64,"Kovert","regular","STANDARD",1,2022-08-30 03:37:02,"NWL20",1800,0,"RATED",1,783.169226884842,0.435094014936023
15196,"Kovert",14,110,69,6,63,"Kovert","regular","STANDARD",1,2022-09-12 13:24:26,"NWL20",1800,0,"RATED",1,1228.19130802155,0.682328504456417
9109,"Kovert",16,98,68,0,68,"Kovert","regular","STANDARD",0,2022-09-11 22:21:56,"NWL20",1800,0,"RATED",1,963.096482038498,0.535053601132499
53269,"Kovert",15,138,76,0,76,"BetterBot","regular","STANDARD",1,2022-09-02 12:07:39,"NWL20",1800,0,"RATED",1,700.058475971222,0.388921375539568
59045,"Kovert",11,167,77,6,71,"BetterBot","regular","STANDARD",0,2022-08-23 13:31:46,"NWL20",1800,0,"RATED",1,754.942949056625,0.419412749475903
42017,"Kovert",13,162,90,0,90,"Kovert","regular","STANDARD",1,2022-07-31 16:19:34,"NWL20",1800,0,"RATED",1,884.744365215302,0.491524647341834
47627,"Kovert",14,83,76,2,74,"BetterBot","regular","STANDARD",0,2022-09-20 20:58:34,"NWL20",1800,0,"CASUAL",1,667.13103890419,0.370628354946772
63791,"Kovert",13,125,71,8,63,"Kovert","regular","STANDARD",0,2022-08-19 02:26:55,"NWL20",1800,0,"RATED",1,744.730736970901,0.413739298317167
13294,"Kovert",14,178,74,0,74,"BetterBot","regular","STANDARD",1,2022-08-30 19:46:29,"NWL20",1800,0,"RATED",1,958.635693073273,0.532575385040707
6070,"Kovert",11,220,86,9,77,"BetterBot","regular","STANDARD",1,2022-08-22 12:58:56,"NWL20",1800,0,"RATED",1,338.685492038727,0.188158606688182
49724,"Kovert",13,132,79,3,76,"BetterBot","regular","STANDARD",1,2022-08-18 12:46:42,"NWL20",1800,0,"RATED",1,930.43585896492,0.516908810536067
20531,"Kovert",14,134,63,0,63,"BetterBot","regular","STANDARD",1,2022-09-10 13:55:13,"NWL20",1800,0,"RATED",1,770.735337018967,0.428186298343871
35466,"Kovert",14,100,71,8,63,"BetterBot","regular","STANDARD",0,2022-08-23 18:22:31,"NWL20",1800,0,"RATED",1,947.41634106636,0.526342411703533
25092,"Kovert",15,134,74,4,70,"Kovert","regular","STANDARD",1,2022-08-12 18:51:22,"NWL20",1800,0,"RATED",1,953.544846773148,0.529747137096193
43691,"Kovert",14,134,72,0,72,"BetterBot","regular","STANDARD",1,2022-09-06 18:10:01,"NWL20",1800,0,"RATED",1,801.555271863937,0.445308484368854
46143,"Kovert",13,129,42,7,35,"Kovert","regular","STANDARD",-1,2022-08-02 17:32:37,"NWL20",1800,0,"RATED",1,974.102077007294,0.541167820559608
58883,"Kovert",12,192,78,6,72,"Kovert","regular","STANDARD",1,2022-08-04 07:17:12,"NWL20",1800,0,"RATED",1,682.351613998413,0.379084229999118
28287,"Kovert",13,108,34,10,24,"BetterBot","regular","STANDARD",0,2022-08-08 23:57:41,"NWL20",1800,0,"RATED",1,830.234767913818,0.461241537729899
50597,"Kovert",14,102,81,6,75,"BetterBot","regular","STANDARD",0,2022-08-19 02:02:35,"NWL20",1800,0,"RATED",1,801.999938964844,0.445555521647136
63507,"Kovert",14,150,95,6,89,"Kovert","regular","STANDARD",1,2022-09-06 12:41:33,"NWL20",1800,0,"RATED",1,915.064472913742,0.508369151618746
64947,"Kovert",12,105,88,7,81,"Kovert","regular","STANDARD",0,2022-07-30 20:41:43,"NWL20",1800,0,"RATED",1,956.672405004501,0.531484669446945
44584,"Kovert",15,63,70,4,66,"BetterBot","regular","STANDARD",0,2022-09-14 17:48:59,"NWL20",1800,0,"CASUAL",1,856.667607069016,0.475926448371676
33850,"Kovert",18,70,64,2,62,"Kovert","regular","STANDARD",1,2022-09-06 17:31:13,"NWL20",1800,0,"RATED",1,902.043622016907,0.501135345564948
59694,"Kovert",11,178,62,19,43,"BetterBot","regular","STANDARD",1,2022-08-01 21:20:15,"NWL20",1800,0,"RATED",1,937.419126987457,0.520788403881921
42201,"Kovert",16,77,46,4,42,"Kovert","regular","STANDARD",1,2022-08-25 23:35:56,"NWL20",1800,0,"RATED",1,1090.23619103432,0.605686772796844
1486,"Kovert",17,79,48,2,46,"Kovert","regular","STANDARD",1,2022-09-13 14:36:55,"NWL20",1800,0,"RATED",1,847.984876871109,0.471102709372838
22324,"Kovert",12,178,61,4,57,"Kovert","regular","STANDARD",0,2022-08-12 21:13:44,"NWL20",1800,0,"RATED",1,907.555788993835,0.504197660552131
46874,"Kovert",13,239,85,0,85,"Kovert","regular","STANDARD",1,2022-09-03 12:28:16,"NWL20",1800,0,"RATED",1,564.322268009186,0.313512371116214
36477,"Kovert",13,130,73,12,61,"BetterBot","regular","STANDARD",1,2022-08-16 18:50:57,"NWL20",1800,0,"RATED",1,534.329129934311,0.296849516630173
36063,"Kovert",15,120,37,0,37,"Kovert","regular","STANDARD",1,2022-08-13 14:12:43,"NWL20",1800,0,"RATED",1,713.899902820587,0.396611057122548
8601,"Kovert",15,116,98,0,98,"BetterBot","regular","STANDARD",1,2022-08-10 02:10:25,"NWL20",1800,0,"RATED",1,1259.6375451088,0.699798636171556
44057,"Kovert",14,119,53,0,53,"BetterBot","regular","STANDARD",0,2022-08-19 12:47:51,"NWL20",1800,0,"RATED",1,1066.45819091797,0.592476772732205
36512,"Kovert",15,97,70,0,70,"Kovert","regular","STANDARD",1,2022-09-04 02:41:49,"NWL20",1800,0,"RATED",1,967.866905927658,0.537703836626477
13802,"Matt_86",11,235,80,14,66,"HastyBot","regular","STANDARD",1,2022-08-29 17:05:51,"CSW21",3600,0,"CASUAL",10,379.981244802475,0.105550345778465
29781,"Matt_86",14,140,67,9,58,"Matt_86","regular","STANDARD",0,2022-08-16 16:22:18,"CSW21",3600,10,"RATED",0,243.766180992126,0.0677128280533683
15137,"Matt_86",11,117,77,11,66,"HastyBot","regular","STANDARD",0,2022-08-30 05:46:53,"CSW21",3600,0,"CASUAL",10,438.150607824326,0.121708502173424
57129,"Matt_86",19,21,64,2,62,"BetterBot","regular","STANDARD",1,2022-08-13 02:56:43,"CSW21",3600,10,"RATED",0,571.541390895844,0.158761497471068
53304,"Matt_86",14,122,74,7,67,"Matt_86","regular","STANDARD",0,2022-08-29 12:04:52,"CSW21",3600,0,"CASUAL",10,560.319152832031,0.155644209120009
2005,"Matt_86",13,143,80,0,80,"Matt_86","regular","STANDARD",0,2022-08-28 09:18:19,"CSW21",3600,0,"CASUAL",10,457.97586607933,0.127215518355369
56061,"Matt_86",14,83,66,0,66,"HastyBot","regular","STANDARD",0,2022-09-19 12:09:10,"CSW21",3600,0,"CASUAL",10,341.747599124908,0.0949298886458078
21444,"Matt_86",13,108,79,4,75,"Matt_86","regular","STANDARD",1,2022-08-10 06:31:54,"CSW21",3600,10,"RATED",0,415.814962863922,0.115504156351089
23937,"Matt_86",23,0,64,-4,68,"Matt_86","regular","CONSECUTIVE_ZEROES",1,2022-08-20 02:42:11,"CSW21",3600,10,"RATED",0,504.015580892563,0.140004328025712
14060,"Matt_86",11,129,89,14,75,"BetterBot","regular","STANDARD",0,2022-08-09 12:51:37,"CSW21",3600,10,"RATED",0,357.443743944168,0.09928992887338
20412,"Matt_86",12,115,92,11,81,"Matt_86","regular","STANDARD",0,2022-09-19 05:35:07,"CSW21",3600,0,"CASUAL",10,529.68239402771,0.147133998341031
12395,"Matt_86",13,158,91,0,91,"Matt_86","regular","STANDARD",0,2022-09-19 10:21:51,"CSW21",3600,0,"CASUAL",10,471.509908914566,0.130974974698491
16199,"Matt_86",13,76,72,7,65,"Matt_86","regular","STANDARD",0,2022-08-08 06:29:20,"CSW21",3600,10,"RATED",0,337.595839977264,0.0937766222159067
42286,"Matt_86",15,79,48,0,48,"Matt_86","regular","STANDARD",0,2022-08-16 13:53:06,"CSW21",3600,10,"RATED",0,268.198596954346,0.0744996102650961
37062,"Matt_86",12,102,77,16,61,"BetterBot","regular","STANDARD",0,2022-08-09 11:28:13,"CSW21",3600,10,"RATED",0,467.039071083069,0.129733075300853
26377,"Matt_86",11,140,39,17,22,"HastyBot","regular","STANDARD",0,2022-09-03 15:42:37,"CSW21",3600,0,"CASUAL",10,357.889343976974,0.0994137066602706
23259,"Matt_86",15,124,80,6,74,"Matt_86","regular","STANDARD",1,2022-08-25 10:07:36,"CSW21",3600,0,"RATED",10,381.704590082169,0.106029052800602
37152,"Matt_86",13,103,74,0,74,"Matt_86","regular","STANDARD",0,2022-08-29 17:12:15,"CSW21",3600,0,"CASUAL",10,391.040007829666,0.108622224397129
36232,"Matt_86",13,96,58,12,46,"BetterBot","regular","STANDARD",0,2022-08-09 13:03:58,"CSW21",3600,10,"RATED",0,668.367335796356,0.185657593276766
67407,"Matt_86",13,188,85,16,69,"Matt_86","regular","STANDARD",0,2022-09-23 15:38:32,"CSW21",3600,0,"CASUAL",10,505.605777025223,0.140446049173673
41034,"Matt_86",12,118,53,16,37,"Matt_86","regular","STANDARD",0,2022-08-28 03:36:12,"CSW21",3600,0,"CASUAL",10,338.004023075104,0.0938900064097511
22359,"Matt_86",16,58,39,4,35,"BetterBot","regular","STANDARD",0,2022-08-25 10:14:03,"CSW21",3600,0,"RATED",10,346.50834107399,0.0962523169649972
66508,"Matt_86",15,74,68,4,64,"BetterBot","regular","STANDARD",1,2022-08-20 12:24:57,"CSW21",3600,10,"RATED",0,536.342719078064,0.148984088632796
6850,"Matt_86",13,122,48,12,36,"Matt_86","regular","STANDARD",0,2022-09-03 15:20:00,"CSW21",3600,0,"CASUAL",10,291.621659994125,0.0810060166650347
20687,"Matt_86",15,51,86,2,84,"Matt_86","regular","STANDARD",1,2022-08-23 10:27:26,"CSW21",3600,10,"RATED",0,438.032030820847,0.121675564116902
57813,"Matt_86",16,87,74,2,72,"Matt_86","regular","STANDARD",1,2022-08-18 05:57:13,"CSW21",3600,10,"RATED",0,313.96897482872,0.0872136041190889
8216,"Matt_86",16,80,72,6,66,"Matt_86","regular","STANDARD",0,2022-08-07 14:26:15,"CSW21",3600,10,"RATED",0,372.073143959045,0.103353651099735
47447,"Matt_86",10,87,64,6,58,"HastyBot","regular","RESIGNED",0,2022-09-04 03:44:30,"CSW21",3600,0,"CASUAL",10,780.782727956772,0.216884091099103
70650,"Matt_86",12,113,73,13,60,"HastyBot","regular","STANDARD",0,2022-08-28 13:05:20,"CSW21",3600,0,"CASUAL",10,291.697833061218,0.0810271758503383
71562,"Matt_86",15,52,67,2,65,"Matt_86","regular","STANDARD",0,2022-09-20 04:37:47,"CSW21",3600,0,"CASUAL",10,253.243081092834,0.070345300303565
16558,"Matt_86",16,74,48,4,44,"Matt_86","regular","STANDARD",0,2022-08-15 21:49:09,"CSW21",3600,10,"RATED",0,267.734551906586,0.0743707088629405
60055,"Matt_86",10,137,63,12,51,"HastyBot","regular","STANDARD",0,2022-09-20 04:42:14,"CSW21",3600,0,"CASUAL",10,229.700596094131,0.0638057211372586
32934,"Matt_86",12,197,86,0,86,"Matt_86","regular","STANDARD",1,2022-08-20 12:14:32,"CSW21",3600,10,"RATED",0,613.259433031082,0.170349842508634
26134,"Matt_86",14,152,69,3,66,"Matt_86","regular","STANDARD",0,2022-08-17 04:42:47,"CSW21",3600,10,"RATED",0,343.46673989296,0.0954074277480444
58824,"Matt_86",14,136,66,2,64,"Matt_86","regular","STANDARD",1,2022-09-19 15:58:31,"CSW21",3600,0,"CASUAL",10,340.934063196182,0.0947039064433839
20794,"Matt_86",13,75,71,12,59,"BetterBot","regular","STANDARD",0,2022-08-20 06:23:27,"CSW21",3600,10,"RATED",0,511.764458179474,0.142156793938743
9612,"Matt_86",12,119,79,0,79,"Matt_86","regular","STANDARD",0,2022-09-23 03:03:05,"CSW21",3600,0,"CASUAL",10,388.827893972397,0.108007748325666
648,"Matt_86",12,127,72,7,65,"Matt_86","regular","STANDARD",0,2022-08-30 14:07:15,"CSW21",3600,0,"CASUAL",10,695.57320690155,0.193214779694875
26689,"Matt_86",12,272,167,12,155,"Matt_86","regular","STANDARD",0,2022-08-27 15:27:53,"CSW21",3600,0,"CASUAL",10,453.641641139984,0.126011566983329
40909,"Matt_86",12,111,70,11,59,"BetterBot","regular","STANDARD",1,2022-08-13 03:22:33,"CSW21",3600,10,"RATED",0,302.289015054703,0.0839691708485286
37785,"Naqib123",12,298,140,7,133,"Naqib123","regular","STANDARD",1,2022-09-03 09:08:58,"CSW21",1200,0,"CASUAL",1,394.888502836227,0.329073752363523
53397,"Naqib123",14,202,70,12,58,"Naqib123","regular","STANDARD",1,2022-08-26 00:30:36,"CSW21",1200,0,"CASUAL",1,506.036323070526,0.421696935892105
36155,"Naqib123",10,194,73,12,61,"HastyBot","regular","STANDARD",0,2022-08-31 14:09:17,"CSW21",1200,0,"CASUAL",1,316.493653059006,0.263744710882505
34729,"Naqib123",14,120,73,0,73,"Naqib123","regular","STANDARD",0,2022-08-24 03:16:23,"CSW21",1200,0,"CASUAL",1,760.279189825058,0.633565991520882
10625,"Naqib123",16,113,64,2,62,"BetterBot","regular","STANDARD",1,2022-08-21 06:43:14,"CSW21",3600,0,"CASUAL",10,412.530453920364,0.114591792755657
42685,"Naqib123",14,105,82,3,79,"Naqib123","regular","STANDARD",1,2022-08-18 10:57:03,"CSW21",3600,0,"CASUAL",10,360.927284002304,0.100257578889529
9358,"Naqib123",12,73,76,4,72,"Naqib123","regular","STANDARD",0,2022-07-31 23:38:45,"CSW21",3600,0,"CASUAL",1,1578.16241693497,0.438378449148603
23864,"Naqib123",13,129,76,10,66,"Naqib123","regular","STANDARD",1,2022-09-17 07:39:48,"CSW21",900,0,"CASUAL",1,292.272061824799,0.324746735360888
62589,"Naqib123",14,62,64,4,60,"Naqib123","regular","STANDARD",0,2022-09-18 09:28:55,"CSW21",900,0,"CASUAL",1,302.978625059128,0.336642916732364
36853,"Naqib123",13,111,74,4,70,"Naqib123","regular","STANDARD",1,2022-08-22 15:03:27,"CSW21",1200,0,"CASUAL",1,420.236691951752,0.350197243293127
42833,"Naqib123",14,91,71,2,69,"BetterBot","regular","STANDARD",0,2022-09-14 11:25:15,"CSW21",900,0,"CASUAL",1,353.850645065308,0.393167383405898
61074,"Naqib123",10,147,72,0,72,"BetterBot","regular","RESIGNED",0,2022-09-14 12:39:21,"CSW21",900,0,"CASUAL",1,258.532783985138,0.287258648872376
67932,"Naqib123",15,244,113,7,106,"Naqib123","regular","STANDARD",1,2022-09-20 09:47:22,"CSW21",900,0,"CASUAL",1,402.85834813118,0.447620386812422
12424,"Naqib123",11,152,71,9,62,"HastyBot","regular","STANDARD",0,2022-09-14 13:47:47,"CSW21",900,0,"CASUAL",1,314.665570020676,0.349628411134084
32081,"Naqib123",11,198,81,7,74,"BetterBot","regular","STANDARD",1,2022-09-11 05:45:31,"CSW21",3600,0,"CASUAL",1,476.436643838882,0.132343512177467
63545,"Naqib123",16,92,78,0,78,"BetterBot","regular","STANDARD",0,2022-08-31 05:54:17,"CSW21",3600,0,"CASUAL",1,472.581465959549,0.131272629433208
14366,"Naqib123",17,123,83,0,83,"Naqib123","regular","STANDARD",1,2022-09-05 08:53:58,"CSW21",1200,0,"CASUAL",1,625.121495962143,0.520934579968452
57793,"Naqib123",14,176,75,0,75,"Naqib123","regular","STANDARD",0,2022-09-10 10:32:41,"CSW21",1200,0,"CASUAL",1,489.074177980423,0.407561814983686
5199,"Naqib123",13,93,77,9,68,"BetterBot","regular","STANDARD",0,2022-08-14 12:59:48,"CSW21",3600,0,"CASUAL",10,356.487780094147,0.0990243833594853
1408,"Naqib123",14,148,78,2,76,"Naqib123","regular","STANDARD",1,2022-09-21 23:14:29,"CSW21",900,0,"CASUAL",1,290.91534614563,0.323239273495144
12993,"Naqib123",13,182,77,0,77,"Naqib123","regular","STANDARD",1,2022-09-17 07:20:41,"CSW21",900,0,"CASUAL",1,378.789724111557,0.420877471235063
39679,"Naqib123",17,85,86,0,86,"Naqib123","regular","STANDARD",1,2022-09-01 04:18:22,"CSW21",1200,0,"CASUAL",1,432.354359865189,0.360295299887658
56372,"Naqib123",15,111,80,0,80,"BetterBot","regular","STANDARD",1,2022-09-14 06:10:54,"CSW21",900,0,"CASUAL",1,239.448741912842,0.266054157680936
41509,"Naqib123",11,205,114,14,100,"BetterBot","regular","STANDARD",1,2022-08-20 10:47:51,"CSW21",1320,0,"CASUAL",1,336.586280822754,0.254989606683905
46770,"Naqib123",12,157,67,7,60,"HastyBot","regular","STANDARD",0,2022-09-01 13:17:29,"CSW21",1200,0,"CASUAL",1,563.12708902359,0.469272574186325
31817,"Naqib123",17,39,66,-10,76,"BetterBot","regular","TIME",0,2022-08-26 00:39:06,"CSW21",1200,0,"CASUAL",1,1270.31010890007,1.05859175741672
70987,"Naqib123",12,179,83,7,76,"Naqib123","regular","STANDARD",0,2022-08-18 00:54:50,"CSW21",960,0,"CASUAL",1,622.539999008179,0.64847916563352
33500,"Naqib123",13,74,90,4,86,"BetterBot","regular","STANDARD",1,2022-08-30 12:46:37,"CSW21",1200,0,"CASUAL",1,437.669480085373,0.364724566737811
58712,"Naqib123",16,81,72,0,72,"Naqib123","regular","STANDARD",0,2022-09-06 13:40:03,"CSW21",1200,0,"CASUAL",1,567.675964832306,0.473063304026922
50284,"Naqib123",13,141,76,2,74,"HastyBot","regular","STANDARD",0,2022-09-12 14:14:19,"CSW21",960,0,"CASUAL",1,467.284477949142,0.486754664530356
37061,"Naqib123",14,138,80,4,76,"Naqib123","regular","STANDARD",1,2022-09-12 06:03:03,"CSW21",1200,0,"CASUAL",1,338.133422136307,0.281777851780256
49525,"Naqib123",14,105,62,5,57,"BetterBot","regular","STANDARD",0,2022-08-22 12:05:00,"CSW21",1320,0,"CASUAL",1,814.479827165604,0.617030172095155
59773,"Naqib123",14,113,90,0,90,"BetterBot","regular","STANDARD",0,2022-09-17 07:16:13,"CSW21",900,0,"CASUAL",1,263.926551103592,0.293251723448436
28511,"Naqib123",14,167,75,4,71,"Naqib123","regular","STANDARD",1,2022-09-02 10:24:39,"CSW21",1200,0,"CASUAL",1,747.248784065247,0.622707320054373
13160,"Naqib123",12,140,77,16,61,"Naqib123","regular","STANDARD",1,2022-09-11 05:53:29,"CSW21",3600,0,"CASUAL",1,417.573292016983,0.115992581115829
54727,"Naqib123",12,68,64,2,62,"HastyBot","regular","STANDARD",0,2022-09-16 16:17:27,"CSW21",900,0,"CASUAL",1,444.15119600296,0.493501328892178
63444,"Naqib123",13,112,67,13,54,"Naqib123","regular","STANDARD",1,2022-09-07 03:33:32,"CSW21",1200,0,"CASUAL",1,389.272489070892,0.32439374089241
33129,"Naqib123",12,109,65,8,57,"Naqib123","regular","STANDARD",0,2022-09-03 08:41:49,"CSW21",1200,0,"CASUAL",1,691.634067058563,0.576361722548802
18117,"Naqib123",15,146,80,2,78,"BetterBot","regular","STANDARD",1,2022-09-18 09:33:59,"CSW21",900,0,"CASUAL",1,316.713013887405,0.351903348763783
32547,"Naqib123",15,89,75,5,70,"BetterBot","regular","STANDARD",0,2022-09-19 01:48:16,"CSW21",900,0,"CASUAL",1,573.274105072021,0.636971227857801
65689,"NoelL",13,94,70,0,70,"NoelL","regular","STANDARD",0,2022-09-18 03:55:25,"CSW21",1200,0,"RATED",1,276.802109003067,0.230668424169223
67859,"NoelL",13,90,68,9,59,"HastyBot","regular","STANDARD",1,2022-08-27 17:08:08,"CSW21",1200,0,"RATED",1,365.469107866287,0.304557589888573
57794,"NoelL",12,96,101,10,91,"HastyBot","regular","STANDARD",1,2022-09-09 21:20:33,"CSW21",1200,0,"RATED",1,500.231876134872,0.41685989677906
48363,"NoelL",14,72,84,2,82,"HastyBot","regular","STANDARD",0,2022-09-14 23:20:28,"CSW21",1200,0,"RATED",1,381.354199171066,0.317795165975888
11476,"NoelL",11,126,72,11,61,"NoelL","regular","STANDARD",0,2022-09-08 01:13:40,"CSW21",1200,0,"RATED",1,319.811303853989,0.266509419878324
36894,"NoelL",12,159,78,12,66,"HastyBot","regular","STANDARD",0,2022-09-12 22:40:02,"CSW21",1200,0,"RATED",1,550.971168041229,0.459142640034358
2263,"NoelL",14,225,140,2,138,"NoelL","regular","STANDARD",1,2022-09-17 21:32:03,"CSW21",1200,0,"RATED",1,476.022141933441,0.396685118277868
33048,"NoelL",12,212,88,7,81,"NoelL","regular","STANDARD",1,2022-08-30 00:09:08,"CSW21",1200,0,"RATED",1,403.560778141022,0.336300648450852
24451,"NoelL",11,128,95,0,95,"HastyBot","regular","STANDARD",0,2022-08-27 01:13:24,"CSW21",1200,0,"RATED",1,460.635917901993,0.383863264918328
49241,"NoelL",14,140,78,9,69,"NoelL","regular","STANDARD",1,2022-09-07 01:11:49,"CSW21",1200,0,"RATED",1,427.993489027023,0.356661240855852
68494,"NoelL",12,142,86,0,86,"NoelL","regular","STANDARD",0,2022-09-05 16:42:37,"CSW21",1200,0,"RATED",1,442.158983945847,0.368465819954872
71761,"NoelL",14,43,65,6,59,"HastyBot","regular","STANDARD",0,2022-09-04 00:48:29,"CSW21",1200,0,"RATED",1,368.91269493103,0.307427245775858
113,"NoelL",11,190,84,7,77,"HastyBot","regular","STANDARD",0,2022-09-18 04:01:37,"CSW21",1200,0,"RATED",1,356.731677055359,0.297276397546132
37766,"NoelL",13,58,54,-10,64,"HastyBot","regular","TIME",0,2022-08-30 02:46:11,"CSW21",1200,0,"RATED",1,1265.41634392738,1.05451361993948
32938,"NoelL",12,159,70,4,66,"NoelL","regular","STANDARD",0,2022-08-28 22:48:14,"CSW21",1200,0,"RATED",1,409.576687097549,0.341313905914624
46225,"NoelL",13,105,83,4,79,"NoelL","regular","STANDARD",0,2022-09-20 17:41:05,"CSW21",1200,0,"RATED",1,404.105099916458,0.336754249930382
41173,"NoelL",14,89,78,0,78,"NoelL","regular","STANDARD",0,2022-09-17 02:31:04,"CSW21",1200,0,"RATED",1,636.431329965591,0.530359441637993
21673,"NoelL",12,149,70,0,70,"NoelL","regular","STANDARD",0,2022-08-28 19:31:24,"CSW21",1200,0,"RATED",1,775.405247926712,0.646171039938927
4463,"NoelL",14,133,62,2,60,"NoelL","regular","STANDARD",1,2022-09-01 22:41:22,"CSW21",1200,0,"RATED",1,477.199244976044,0.397666037480037
1886,"NoelL",14,192,72,4,68,"NoelL","regular","STANDARD",0,2022-09-19 22:27:06,"CSW21",1200,0,"RATED",1,435.314848899841,0.362762374083201
35775,"NoelL",15,68,84,2,82,"NoelL","regular","STANDARD",1,2022-09-09 20:19:20,"CSW21",1200,0,"RATED",1,425.591385126114,0.354659487605095
840,"NoelL",13,62,72,0,72,"NoelL","regular","STANDARD",0,2022-09-04 19:11:50,"CSW21",1200,0,"RATED",1,273.857367038727,0.228214472532272
62656,"NoelL",14,133,86,2,84,"NoelL","regular","STANDARD",1,2022-09-20 15:45:17,"CSW21",1200,0,"RATED",1,423.918524026871,0.353265436689059
9419,"NoelL",13,112,98,4,94,"NoelL","regular","STANDARD",1,2022-09-10 12:58:49,"CSW21",1200,0,"RATED",1,502.633680820465,0.418861400683721
68980,"NoelL",11,177,86,7,79,"NoelL","regular","STANDARD",0,2022-09-22 17:57:18,"CSW21",1200,0,"RATED",1,358.871849060059,0.299059874216716
45296,"NoelL",11,185,101,24,77,"HastyBot","regular","STANDARD",1,2022-08-27 01:52:31,"CSW21",1200,0,"RATED",1,449.231091976166,0.374359243313472
19050,"NoelL",14,94,80,5,75,"NoelL","regular","STANDARD",0,2022-09-02 02:25:21,"CSW21",1200,0,"RATED",1,715.395156145096,0.596162630120913
61364,"NoelL",10,162,86,25,61,"HastyBot","regular","STANDARD",1,2022-08-28 19:27:04,"CSW21",1200,0,"RATED",1,250.635790109634,0.208863158424695
32011,"NoelL",12,137,91,16,75,"NoelL","regular","STANDARD",0,2022-09-09 01:52:00,"CSW21",1200,0,"RATED",1,373.072093963623,0.310893411636352
3925,"NoelL",12,129,72,10,62,"NoelL","regular","STANDARD",0,2022-08-27 17:47:21,"CSW21",1200,0,"RATED",1,577.310292005539,0.481091910004616
49085,"NoelL",15,58,34,0,34,"NoelL","regular","STANDARD",0,2022-09-12 00:10:44,"CSW21",1200,0,"RATED",1,472.013232946396,0.393344360788663
37272,"NoelL",12,129,68,8,60,"NoelL","regular","STANDARD",0,2022-09-01 00:05:29,"CSW21",1200,0,"RATED",1,591.568163156509,0.492973469297091
32103,"NoelL",12,189,88,7,81,"HastyBot","regular","STANDARD",0,2022-08-27 01:37:09,"CSW21",1200,0,"RATED",1,504.146081924438,0.420121734937032
18719,"NoelL",12,141,90,8,82,"HastyBot","regular","STANDARD",0,2022-08-29 23:31:58,"CSW21",1200,0,"RATED",1,901.444449901581,0.751203708251318
51132,"NoelL",13,119,65,0,65,"NoelL","regular","STANDARD",0,2022-09-17 20:28:31,"CSW21",1200,0,"RATED",1,722.165112018585,0.601804260015487
10187,"NoelL",11,106,68,15,53,"HastyBot","regular","STANDARD",0,2022-09-10 20:02:19,"CSW21",1200,0,"RATED",1,335.472100019455,0.279560083349546
52884,"NoelL",12,180,86,8,78,"NoelL","regular","STANDARD",1,2022-08-27 17:14:20,"CSW21",1200,0,"RATED",1,379.7022960186,0.3164185800155
15746,"NoelL",11,159,74,14,60,"HastyBot","regular","STANDARD",-1,2022-09-01 03:13:04,"CSW21",1200,0,"RATED",1,717.966902017593,0.598305751681327
56842,"NoelL",15,64,96,4,92,"NoelL","regular","STANDARD",1,2022-09-01 20:59:21,"CSW21",1200,0,"RATED",1,539.280594110489,0.449400495092074
23010,"NoelL",14,138,74,4,70,"NoelL","regular","STANDARD",0,2022-09-13 02:23:01,"CSW21",1200,0,"RATED",1,355.795664072037,0.296496386726698
61474,"Numbat",15,105,63,4,59,"Numbat","regular","STANDARD",0,2022-09-08 11:32:59,"CSW21",1200,0,"RATED",1,286.885406970978,0.239071172475815
27091,"Numbat",12,198,84,16,68,"STEEBot","regular","STANDARD",1,2022-08-28 10:39:06,"CSW21",1200,0,"RATED",1,376.041038036346,0.313367531696955
39239,"Numbat",13,98,78,0,78,"Numbat","regular","STANDARD",1,2022-08-28 10:32:15,"CSW21",1200,0,"RATED",1,409.035036087036,0.34086253007253
20042,"Numbat",12,88,83,7,76,"STEEBot","regular","STANDARD",0,2022-08-24 11:14:00,"CSW21",1200,0,"RATED",1,313.278323888779,0.261065269907316
41752,"Numbat",12,134,86,19,67,"STEEBot","regular","STANDARD",0,2022-09-13 22:52:18,"CSW21",1200,0,"RATED",1,187.703602075577,0.156419668396314
3362,"Numbat",15,88,66,4,62,"STEEBot","regular","STANDARD",1,2022-09-07 13:13:10,"CSW21",1200,0,"RATED",1,366.722004175186,0.305601670145988
67978,"Numbat",17,38,61,0,61,"STEEBot","regular","STANDARD",0,2022-09-02 12:20:25,"CSW21",1200,0,"RATED",1,365.755748987198,0.304796457489332
31333,"Numbat",11,133,85,20,65,"STEEBot","regular","STANDARD",1,2022-09-05 01:20:22,"CSW21",1200,0,"RATED",1,320.701908111572,0.267251590092977
12555,"Numbat",11,151,77,14,63,"STEEBot","regular","STANDARD",0,2022-09-07 13:03:14,"CSW21",1200,0,"RATED",1,343.50209903717,0.286251749197642
1651,"Numbat",12,173,82,12,70,"Numbat","regular","STANDARD",1,2022-08-24 11:09:28,"CSW21",1200,0,"RATED",1,258.19727396965,0.215164394974708
52920,"Numbat",14,45,61,2,59,"STEEBot","regular","STANDARD",0,2022-09-10 02:17:42,"CSW21",1200,0,"RATED",1,342.135020017624,0.285112516681353
72346,"Numbat",14,67,62,4,58,"STEEBot","regular","STANDARD",0,2022-08-03 11:02:52,"CSW21",1200,0,"RATED",1,496.25476193428,0.413545634945233
55080,"Numbat",13,120,83,0,83,"Numbat","regular","STANDARD",0,2022-08-24 11:03:30,"CSW21",1200,0,"RATED",1,181.433727025986,0.151194772521655
26005,"Numbat",11,279,101,0,101,"Numbat","regular","STANDARD",1,2022-09-11 11:54:20,"CSW21",1200,0,"RATED",1,302.274417877197,0.251895348230997
61228,"Numbat",14,96,84,10,74,"Numbat","regular","STANDARD",1,2022-09-07 04:47:26,"CSW21",1200,0,"RATED",1,320.549993038177,0.267124994198481
29981,"Numbat",12,161,66,12,54,"STEEBot","regular","STANDARD",0,2022-08-31 03:14:23,"CSW21",1200,0,"RATED",1,352.886492013931,0.294072076678276
39946,"Numbat",10,216,86,12,74,"Numbat","regular","STANDARD",0,2022-08-24 11:30:31,"CSW21",1200,0,"RATED",1,397.76799082756,0.331473325689633
25689,"Numbat",12,115,42,9,33,"Numbat","regular","STANDARD",0,2022-09-19 08:40:44,"CSW21",1200,0,"RATED",1,302.437357902527,0.252031131585439
24751,"Numbat",13,178,80,3,77,"Numbat","regular","STANDARD",0,2022-08-31 08:45:56,"CSW21",1200,0,"RATED",1,212.685708999634,0.177238090833028
29954,"Numbat",10,149,98,17,81,"STEEBot","regular","STANDARD",0,2022-09-21 03:22:48,"CSW21",1200,0,"RATED",1,243.196363925934,0.202663636604945
7406,"Numbat",13,161,83,10,73,"STEEBot","regular","STANDARD",0,2022-09-02 12:50:37,"CSW21",1200,0,"RATED",1,353.909955978394,0.294924963315328
1968,"Numbat",12,231,78,16,62,"Numbat","regular","STANDARD",1,2022-09-21 06:33:18,"CSW21",1200,0,"RATED",1,167.258188009262,0.139381823341052
10503,"Numbat",14,147,83,6,77,"Numbat","regular","STANDARD",1,2022-08-23 01:14:57,"CSW21",1200,0,"RATED",1,383.865694999695,0.319888079166412
65449,"Numbat",13,140,73,17,56,"Numbat","regular","STANDARD",0,2022-08-20 04:39:42,"CSW21",1200,0,"RATED",1,347.896726846695,0.289913939038912
34365,"Numbat",14,126,64,2,62,"STEEBot","regular","STANDARD",0,2022-09-09 11:08:20,"CSW21",1200,0,"RATED",1,317.204730033875,0.264337275028229
34798,"Numbat",12,84,89,2,87,"STEEBot","regular","STANDARD",0,2022-07-30 10:30:32,"CSW21",1200,0,"RATED",1,454.056751012802,0.378380625844002
1243,"Numbat",13,167,101,4,97,"Numbat","regular","STANDARD",0,2022-09-07 22:33:25,"CSW21",1200,0,"RATED",1,243.490756034851,0.202908963362376
41371,"Numbat",12,189,74,10,64,"Numbat","regular","STANDARD",0,2022-09-10 07:43:56,"CSW21",1200,0,"RATED",1,236.010788917542,0.196675657431285
40739,"Numbat",16,48,79,6,73,"STEEBot","regular","STANDARD",0,2022-09-08 11:20:11,"CSW21",1200,0,"RATED",1,765.292785167694,0.637743987639745
54115,"Numbat",12,161,81,14,67,"Numbat","regular","STANDARD",1,2022-08-27 04:38:02,"CSW21",1200,0,"RATED",1,224.970723867416,0.187475603222847
47883,"Numbat",14,158,85,0,85,"STEEBot","regular","STANDARD",1,2022-09-19 10:38:02,"CSW21",1200,0,"RATED",1,261.19496178627,0.217662468155225
9566,"Numbat",12,163,86,16,70,"STEEBot","regular","STANDARD",0,2022-08-19 04:30:48,"CSW21",1200,0,"RATED",1,222.567427873611,0.185472856561342
24876,"Numbat",13,224,80,6,74,"Numbat","regular","STANDARD",1,2022-09-11 07:11:53,"CSW21",1200,0,"RATED",1,402.746748924255,0.335622290770212
33676,"Numbat",11,155,61,18,43,"Numbat","regular","STANDARD",0,2022-08-06 10:19:53,"CSW21",1200,0,"RATED",1,273.676265001297,0.228063554167747
36663,"Numbat",11,140,34,14,20,"Numbat","regular","STANDARD",0,2022-08-12 05:40:29,"CSW21",1200,0,"RATED",1,226.381553173065,0.188651294310887
13083,"Numbat",14,70,78,6,72,"Numbat","regular","STANDARD",1,2022-09-15 22:13:47,"CSW21",1200,0,"RATED",1,251.829684972763,0.209858070810636
27201,"Numbat",15,63,74,4,70,"STEEBot","regular","STANDARD",1,2022-09-17 02:21:03,"CSW21",1200,0,"RATED",1,352.392284870148,0.29366023739179
53645,"Numbat",12,147,71,16,55,"STEEBot","regular","STANDARD",1,2022-08-22 20:57:28,"CSW21",1200,0,"RATED",1,411.928462028503,0.343273718357086
34135,"Numbat",12,179,76,14,62,"Numbat","regular","STANDARD",0,2022-09-23 08:58:25,"CSW21",1200,0,"RATED",1,295.242100000381,0.246035083333651
41072,"Numbat",12,150,74,18,56,"STEEBot","regular","STANDARD",1,2022-08-31 11:01:44,"CSW21",1200,0,"RATED",1,250.597096920013,0.208830914100011
17576,"strataji",16,58,83,0,83,"strataji","regular","STANDARD",1,2022-09-07 03:16:33,"ECWL",2400,5,"RATED",0,139.445023059845,0.0581020929416021
64053,"strataji",14,125,87,2,85,"strataji","blitz","STANDARD",1,2022-08-16 00:40:15,"NWL20",240,5,"RATED",0,72.9656970500946,0.304023737708728
59986,"strataji",14,93,62,12,50,"strataji","regular","STANDARD",1,2022-09-07 02:15:50,"ECWL",2400,5,"RATED",0,164.588328123093,0.0685784700512888
78,"strataji",11,136,40,0,40,"HastyBot","regular","RESIGNED",0,2022-09-09 10:22:08,"ECWL",2400,5,"RATED",0,103.845481157303,0.0432689504822096
63095,"strataji",11,22,69,0,69,"strataji","regular","RESIGNED",0,2022-09-06 11:50:46,"ECWL",2400,5,"RATED",0,99.5856599807739,0.0414940249919891
21027,"strataji",16,130,89,0,89,"strataji","regular","STANDARD",1,2022-09-07 06:58:12,"ECWL",2400,5,"RATED",0,206.210647106171,0.0859211029609046
36514,"strataji",17,75,75,0,75,"HastyBot","regular","STANDARD",0,2022-09-07 01:40:20,"ECWL",2400,5,"RATED",0,173.332042217255,0.0722216842571896
43194,"strataji",13,170,83,0,83,"HastyBot","regular","STANDARD",0,2022-09-06 09:49:28,"ECWL",2400,5,"RATED",0,212.631036996841,0.0885962654153504
10214,"strataji",13,184,62,11,51,"strataji","regular","STANDARD",1,2022-09-07 07:43:13,"ECWL",2400,5,"RATED",0,126.972098112106,0.0529050408800442
3736,"strataji",17,56,77,0,77,"strataji","regular","STANDARD",0,2022-09-07 01:47:48,"ECWL",2400,5,"RATED",0,171.855427026749,0.0716064279278121
65365,"strataji",21,-7,80,-7,87,"strataji","regular","CONSECUTIVE_ZEROES",0,2022-09-09 09:08:37,"ECWL",2400,5,"RATED",0,197.463963031769,0.0822766512632371
16284,"strataji",10,121,67,3,64,"HastyBot","regular","RESIGNED",0,2022-09-07 00:42:24,"ECWL",2400,5,"RATED",0,121.243718147278,0.0505182158946992
4810,"strataji",15,73,72,5,67,"HastyBot","regular","STANDARD",1,2022-09-09 08:56:20,"ECWL",2400,5,"RATED",0,216.001399993896,0.09000058333079
58529,"strataji",12,166,76,6,70,"STEEBot","regular","STANDARD",1,2022-08-11 20:40:48,"NWL20",3600,15,"RATED",0,208.771573066711,0.0579921036296419
10313,"strataji",13,81,41,0,41,"HastyBot","regular","STANDARD",0,2022-09-06 10:31:10,"ECWL",2400,5,"RATED",0,101.378169059753,0.0422409037748971
27777,"strataji",15,88,74,0,74,"strataji","regular","STANDARD",0,2022-09-07 09:48:25,"ECWL",2400,5,"RATED",0,376.783999204636,0.156993333001932
9645,"strataji",11,136,83,0,83,"strataji","regular","RESIGNED",0,2022-09-08 16:40:16,"ECWL",2400,5,"RATED",0,167.886737823486,0.0699528074264525
5420,"strataji",14,110,73,10,63,"strataji","regular","STANDARD",1,2022-09-08 06:22:25,"ECWL",2400,5,"RATED",0,193.017331123352,0.0804238879680633
43166,"strataji",16,45,91,0,91,"strataji","blitz","STANDARD",1,2022-08-16 00:06:55,"NWL20",240,5,"RATED",0,163.140851974487,0.679753549893696
70118,"strataji",13,117,77,4,73,"BetterBot","blitz","STANDARD",1,2022-08-16 00:49:50,"NWL20",240,5,"RATED",0,121.668043136597,0.506950179735821
52797,"strataji",13,35,77,0,77,"HastyBot","regular","STANDARD",0,2022-09-07 02:21:29,"ECWL",2400,5,"RATED",0,120.726407051086,0.0503026696046192
37479,"strataji",15,35,98,0,98,"strataji","regular","STANDARD",1,2022-09-07 06:51:26,"ECWL",2400,5,"RATED",0,114.052546024323,0.0475218941768012
61705,"strataji",15,137,85,0,85,"strataji","blitz","STANDARD",1,2022-08-15 22:35:01,"NWL20",240,5,"RATED",0,178.812914848328,0.745053811868033
69569,"strataji",15,12,73,-11,84,"HastyBot","regular","CONSECUTIVE_ZEROES",0,2022-09-08 06:30:26,"ECWL",2400,5,"RATED",0,119.083693981171,0.0496182058254879
41323,"strataji",14,88,86,4,82,"strataji","regular","STANDARD",1,2022-09-07 09:38:46,"ECWL",2400,5,"RATED",0,79.3850109577179,0.0330770878990491
50510,"strataji",15,91,65,0,65,"HastyBot","regular","STANDARD",0,2022-09-07 02:55:06,"ECWL",2400,5,"RATED",0,155.228839159012,0.0646786829829217
65507,"strataji",16,72,64,2,62,"HastyBot","regular","STANDARD",1,2022-08-29 07:05:02,"ECWL",1440,5,"RATED",0,191.060194969177,0.132680690950817
40102,"strataji",19,142,68,0,68,"strataji","regular","STANDARD",1,2022-09-06 22:46:26,"ECWL",2400,5,"RATED",0,327.970875024796,0.136654531260332
58471,"strataji",14,142,86,0,86,"strataji","regular","STANDARD",1,2022-09-07 07:52:13,"ECWL",2400,5,"RATED",0,123.68860578537,0.0515369190772375
542,"strataji",10,84,50,0,50,"HastyBot","regular","RESIGNED",0,2022-09-06 10:00:00,"ECWL",2400,5,"RATED",0,104.40567612648,0.0435023650527
5159,"strataji",12,133,77,0,77,"HastyBot","regular","STANDARD",0,2022-09-07 07:49:42,"ECWL",2400,5,"RATED",0,149.184659957886,0.0621602749824525
33935,"strataji",17,16,140,0,140,"strataji","regular","STANDARD",0,2022-08-29 07:18:33,"ECWL",1440,5,"RATED",0,161.780953884125,0.112347884641753
62943,"strataji",19,135,78,0,78,"HastyBot","regular","STANDARD",1,2022-09-07 00:37:27,"ECWL",2400,5,"RATED",0,207.28107213974,0.0863671133915583
43428,"strataji",15,135,80,8,72,"strataji","regular","STANDARD",1,2022-09-09 10:32:02,"ECWL",2400,5,"RATED",0,224.664696931839,0.0936102903882662
1485,"strataji",18,26,71,0,71,"HastyBot","regular","STANDARD",0,2022-09-07 06:49:18,"ECWL",2400,5,"RATED",0,126.156175851822,0.0525650732715925
45505,"strataji",14,203,77,4,73,"strataji","blitz","STANDARD",1,2022-08-16 00:11:13,"NWL20",240,5,"RATED",0,178.168296098709,0.742367900411287
55004,"strataji",14,81,107,6,101,"HastyBot","regular","STANDARD",0,2022-09-08 06:12:57,"ECWL",2400,5,"RATED",0,172.55176281929,0.0718965678413708
68961,"strataji",15,54,33,0,33,"HastyBot","regular","STANDARD",0,2022-09-08 13:00:10,"ECWL",2400,5,"RATED",0,173.424484014511,0.0722602016727129
18405,"strataji",18,78,75,0,75,"strataji","regular","STANDARD",1,2022-09-07 07:04:47,"ECWL",2400,5,"RATED",0,191.37157702446,0.079738157093525
51221,"strataji",14,96,74,0,74,"strataji","regular","STANDARD",1,2022-09-07 01:13:42,"ECWL",2400,5,"RATED",0,277.874485969543,0.115781035820643
6972,"talulah",16,73,35,0,35,"STEEBot","regular","STANDARD",0,2022-08-26 20:14:53,"NWL20",1200,0,"CASUAL",1,228.674114942551,0.190561762452126
38075,"talulah",13,114,71,9,62,"STEEBot","regular","STANDARD",0,2022-08-10 02:21:58,"NWL20",1200,1,"RATED",0,187.16827917099,0.155973565975825
20068,"talulah",13,96,37,10,27,"talulah","regular","STANDARD",0,2022-08-10 18:05:33,"NWL20",1200,0,"CASUAL",1,217.178004026413,0.180981670022011
11148,"talulah",15,75,72,3,69,"STEEBot","regular","STANDARD",0,2022-09-20 16:35:55,"NWL20",1200,0,"CASUAL",1,239.513220071793,0.199594350059828
61681,"talulah",15,98,75,9,66,"STEEBot","regular","STANDARD",1,2022-08-29 00:16:58,"NWL20",1200,0,"CASUAL",1,243.865270853043,0.203221059044203
38716,"talulah",13,137,75,4,71,"talulah","regular","STANDARD",1,2022-09-23 13:28:49,"NWL20",1200,0,"CASUAL",1,154.804986000061,0.129004155000051
36098,"talulah",13,90,81,6,75,"STEEBot","regular","STANDARD",1,2022-09-02 03:07:59,"NWL20",1200,1,"CASUAL",0,263.104039907455,0.219253366589546
69858,"talulah",15,41,72,2,70,"STEEBot","regular","STANDARD",0,2022-08-12 15:23:08,"NWL20",1200,0,"CASUAL",1,190.255931854248,0.15854660987854
60759,"talulah",12,161,86,3,83,"talulah","regular","STANDARD",1,2022-08-04 19:03:00,"NWL20",1200,1,"RATED",0,135.674248218536,0.113061873515447
70311,"talulah",12,167,83,2,81,"STEEBot","regular","STANDARD",1,2022-08-23 18:04:04,"NWL20",1200,0,"CASUAL",1,244.771775007248,0.203976479172707
38483,"talulah",12,200,92,9,83,"STEEBot","regular","STANDARD",1,2022-08-31 13:49:21,"NWL20",1200,0,"CASUAL",1,302.032381057739,0.251693650881449
4009,"talulah",14,126,80,2,78,"STEEBot","regular","STANDARD",0,2022-08-27 00:39:01,"NWL20",1200,0,"CASUAL",1,246.826878070831,0.205689065059026
69772,"talulah",15,109,74,-38,112,"STEEBot","regular","STANDARD",0,2022-08-04 18:50:48,"NWL20",1200,1,"RATED",0,158.600532770157,0.132167110641798
49568,"talulah",12,157,83,4,79,"STEEBot","regular","STANDARD",0,2022-09-05 23:50:43,"NWL20",1200,1,"CASUAL",0,198.138366937637,0.165115305781364
26527,"talulah",15,54,67,4,63,"talulah","regular","STANDARD",0,2022-08-10 19:54:38,"NWL20",1200,0,"CASUAL",1,158.052676916122,0.131710564096768
42260,"talulah",13,120,33,13,20,"talulah","regular","STANDARD",0,2022-08-28 02:23:58,"NWL20",1200,1,"CASUAL",0,190.873486042023,0.159061238368352
40002,"talulah",13,52,74,4,70,"STEEBot","regular","STANDARD",0,2022-08-25 19:54:04,"NWL20",1200,0,"CASUAL",1,136.062155008316,0.113385129173597
10061,"talulah",14,83,36,0,36,"talulah","regular","STANDARD",0,2022-09-02 03:12:28,"NWL20",1200,1,"CASUAL",0,219.100342988968,0.182583619157473
65671,"talulah",14,129,75,4,71,"talulah","regular","STANDARD",0,2022-08-30 14:06:30,"NWL20",1200,0,"CASUAL",1,143.529091119766,0.119607575933138
44583,"talulah",17,73,57,-41,98,"STEEBot","regular","STANDARD",0,2022-08-19 16:42:36,"NWL20",1200,1,"CASUAL",0,209.069029092789,0.174224190910657
14980,"talulah",13,96,85,0,85,"talulah","regular","STANDARD",0,2022-08-25 00:50:01,"NWL20",1200,1,"CASUAL",0,185.370682001114,0.154475568334262
13051,"talulah",16,61,77,0,77,"STEEBot","regular","STANDARD",0,2022-07-28 20:31:00,"NWL20",1200,0,"CASUAL",1,203.838089942932,0.169865074952443
41891,"talulah",13,96,82,8,74,"STEEBot","regular","STANDARD",0,2022-08-25 20:11:10,"NWL20",1200,0,"CASUAL",1,193.288121938705,0.161073434948921
63842,"talulah",14,76,30,6,24,"STEEBot","regular","STANDARD",0,2022-08-04 16:39:15,"NWL20",1200,0,"CASUAL",1,334.203442811966,0.278502869009972
17568,"talulah",14,56,61,0,61,"STEEBot","regular","STANDARD",0,2022-09-01 13:04:54,"NWL20",1200,0,"CASUAL",1,329.65803194046,0.27471502661705
67642,"talulah",13,100,80,6,74,"STEEBot","regular","STANDARD",0,2022-09-05 20:56:26,"NWL20",1200,0,"CASUAL",1,161.704407930374,0.134753673275312
59695,"talulah",12,170,78,12,66,"STEEBot","regular","STANDARD",1,2022-08-10 15:24:33,"NWL20",1200,0,"CASUAL",1,152.29298210144,0.126910818417867
54472,"talulah",14,79,92,8,84,"STEEBot","regular","STANDARD",0,2022-08-26 20:21:13,"NWL20",1200,0,"CASUAL",1,212.442068099976,0.17703505674998
718,"talulah",14,78,140,6,134,"talulah","regular","STANDARD",1,2022-09-07 17:05:04,"NWL20",1200,0,"CASUAL",1,168.998197078705,0.140831830898921
40245,"talulah",14,48,77,7,70,"talulah","regular","STANDARD",0,2022-09-05 23:38:51,"NWL20",1200,1,"CASUAL",0,307.818111896515,0.256515093247096
66511,"talulah",14,107,75,0,75,"talulah","regular","STANDARD",0,2022-08-27 01:01:33,"NWL20",1200,0,"CASUAL",1,283.269094944,0.23605757912
14341,"talulah",16,28,76,0,76,"STEEBot","regular","STANDARD",0,2022-08-10 19:51:57,"NWL20",1200,0,"CASUAL",1,159.787434101105,0.133156195084254
44199,"talulah",11,165,104,13,91,"STEEBot","regular","STANDARD",1,2022-09-22 14:50:47,"NWL20",1200,0,"CASUAL",1,193.564979076385,0.161304149230321
8358,"talulah",14,33,91,-91,182,"talulah","regular","STANDARD",0,2022-07-28 05:10:54,"NWL20",1200,1,"RATED",0,191.606104135513,0.159671753446261
30428,"talulah",14,60,33,6,27,"STEEBot","regular","STANDARD",0,2022-07-28 20:43:42,"NWL20",1200,0,"CASUAL",1,202.140707969666,0.168450589974722
16932,"talulah",14,104,73,5,68,"talulah","regular","STANDARD",0,2022-08-27 01:11:32,"NWL20",1200,0,"CASUAL",1,321.034515142441,0.267528762618701
56939,"talulah",15,133,68,-63,131,"STEEBot","regular","STANDARD",0,2022-08-06 03:00:12,"NWL20",1200,1,"RATED",0,179.947862863541,0.149956552386284
14513,"talulah",14,92,43,6,37,"STEEBot","regular","STANDARD",0,2022-08-03 00:58:55,"NWL20",1200,0,"CASUAL",1,256.661475896835,0.213884563247362
31689,"talulah",13,99,83,5,78,"STEEBot","regular","STANDARD",0,2022-09-20 15:57:47,"NWL20",1200,0,"CASUAL",1,757.402770996094,0.631168975830078
5724,"talulah",15,49,74,4,70,"talulah","regular","STANDARD",1,2022-09-08 12:35:01,"NWL20",1200,0,"CASUAL",1,227.545653104782,0.189621377587318
